#include "metroflip_icons.h"

#include <gui/icon_i.h>

const uint8_t _I_icon_0[] = {0x01,0x00,0x0e,0x00,0x00,0x0f,0xfa,0x03,0x02,0x00,0xb0,0x24,0x6f,0x40,0x32,0xc2,0x40,0x00,};
const uint8_t* const _I_icon[] = {_I_icon_0};

const uint8_t _I_Suica_AsakusaA_0[] = {0x00,0xc0,0x01,0xc0,0x01,0xe0,0x03,0xe0,0x03,0xf0,0x07,0x70,0x07,0x78,0x0f,0x38,0x0e,0x38,0x0e,0xfc,0x1f,0xfc,0x1f,0xfe,0x3f,0x0e,0x38,0x0f,0x78,0x07,0x70,};
const uint8_t* const _I_Suica_AsakusaA[] = {_I_Suica_AsakusaA_0};

const uint8_t _I_Suica_BdayCakeIcon_0[] = {0x01,0x00,0x10,0x00,0xd4,0x40,0x2a,0x90,0x0f,0xf4,0x02,0xab,0x01,0xc1,0xc0,0x6f,0xa0,0x36,0x06,0x88,};
const uint8_t* const _I_Suica_BdayCakeIcon[] = {_I_Suica_BdayCakeIcon_0};

const uint8_t _I_Suica_BigStar_0[] = {0x00,0x09,0x06,0x06,0x09,};
const uint8_t* const _I_Suica_BigStar[] = {_I_Suica_BigStar_0};

const uint8_t _I_Suica_CardIcon_0[] = {0x00,0xfe,0x7f,0x01,0x80,0x1d,0x98,0x25,0xb8,0x45,0xb0,0x85,0xbc,0x05,0xb1,0xfd,0xb1,0x01,0x80,0xfe,0x7f,};
const uint8_t* const _I_Suica_CardIcon[] = {_I_Suica_CardIcon_0};

const uint8_t _I_Suica_ChiyodaC_0[] = {0x00,0xe0,0x03,0xf8,0x0f,0xfc,0x0f,0xfe,0x0f,0x3e,0x0c,0x1f,0x08,0x0f,0x00,0x0f,0x00,0x0f,0x00,0x1f,0x08,0x3e,0x0c,0xfe,0x0f,0xfc,0x0f,0xf8,0x0f,0xe0,0x03,};
const uint8_t* const _I_Suica_ChiyodaC[] = {_I_Suica_ChiyodaC_0};

const uint8_t _I_Suica_CrackingEgg_0[] = {0x00,0xc0,0x01,0x20,0x02,0x10,0x04,0x08,0x08,0x04,0x10,0x04,0x10,0x02,0x20,0x02,0x20,0x01,0x40,0x89,0x48,0x55,0x55,0x23,0x62,0x01,0x40,0x01,0x40,0x01,0x40,0x02,0x20,0x04,0x10,0x18,0x0c,0xe0,0x03,};
const uint8_t* const _I_Suica_CrackingEgg[] = {_I_Suica_CrackingEgg_0};

const uint8_t _I_Suica_DashLine_0[] = {0x01,0x00,0x03,0x00,0xbb,0x80,0x2c,};
const uint8_t* const _I_Suica_DashLine[] = {_I_Suica_DashLine_0};

const uint8_t _I_Suica_EmptyArrowDown_0[] = {0x00,0x01,0x10,0x02,0x08,0x04,0x04,0x09,0x12,0x12,0x09,0xa4,0x04,0x48,0x02,0x10,0x01,0xa0,0x00,0x40,0x00,};
const uint8_t* const _I_Suica_EmptyArrowDown[] = {_I_Suica_EmptyArrowDown_0};

const uint8_t _I_Suica_EmptyArrowRight_0[] = {0x00,0x09,0x00,0x12,0x00,0x24,0x00,0x48,0x00,0x90,0x00,0x20,0x01,0x40,0x02,0x20,0x01,0x90,0x00,0x48,0x00,0x24,0x00,0x12,0x00,0x09,0x00,};
const uint8_t* const _I_Suica_EmptyArrowRight[] = {_I_Suica_EmptyArrowRight_0};

const uint8_t _I_Suica_EntrySlider1_0[] = {0x01,0x00,0x19,0x00,0x88,0x00,0x4a,0x31,0x00,0x98,0x02,0xd2,0x3f,0x00,0xf8,0x40,0x40,0xe7,0x1e,0x03,0x8c,0x02,0x39,0x00,0xb8,0x05,0xd0,0x3e,0x60,};
const uint8_t* const _I_Suica_EntrySlider1[] = {_I_Suica_EntrySlider1_0};

const uint8_t _I_Suica_EntrySlider2_0[] = {0x01,0x00,0x18,0x00,0x88,0x00,0x4a,0x31,0x00,0x98,0x40,0x23,0x90,0x0b,0x80,0x3d,0x23,0xf0,0x0f,0x84,0x04,0x0e,0x60,0xf3,0x0b,0x98,0x7c,0xc0,};
const uint8_t* const _I_Suica_EntrySlider2[] = {_I_Suica_EntrySlider2_0};

const uint8_t _I_Suica_EntrySlider3_0[] = {0x01,0x00,0x1a,0x00,0x88,0x00,0x4a,0x31,0x00,0x98,0x40,0x23,0x90,0x0b,0x84,0x02,0x3d,0x00,0xf8,0x04,0xd2,0x3e,0x07,0x18,0x08,0x1c,0xc2,0xe6,0x1f,0x30,};
const uint8_t* const _I_Suica_EntrySlider3[] = {_I_Suica_EntrySlider3_0};

const uint8_t _I_Suica_EntryStopL1_0[] = {0x00,0x0c,0x0d,0x01,0x0f,0x01,0x0d,0x0c,0x0c,0x0c,};
const uint8_t* const _I_Suica_EntryStopL1[] = {_I_Suica_EntryStopL1_0};

const uint8_t _I_Suica_EntryStopL2_0[] = {0x00,0x0c,0x0c,0x0d,0x01,0x0f,0x01,0x0d,0x0c,0x0c,};
const uint8_t* const _I_Suica_EntryStopL2[] = {_I_Suica_EntryStopL2_0};

const uint8_t _I_Suica_EntryStopL3_0[] = {0x00,0x0c,0x0c,0x0c,0x0d,0x01,0x0f,0x01,0x0d,0x0c,};
const uint8_t* const _I_Suica_EntryStopL3[] = {_I_Suica_EntryStopL3_0};

const uint8_t _I_Suica_EntryStopR1_0[] = {0x00,0x03,0x0b,0x08,0x0f,0x08,0x0b,0x03,0x03,0x03,};
const uint8_t* const _I_Suica_EntryStopR1[] = {_I_Suica_EntryStopR1_0};

const uint8_t _I_Suica_EntryStopR2_0[] = {0x00,0x03,0x03,0x0b,0x08,0x0f,0x08,0x0b,0x03,0x03,};
const uint8_t* const _I_Suica_EntryStopR2[] = {_I_Suica_EntryStopR2_0};

const uint8_t _I_Suica_EntryStopR3_0[] = {0x00,0x03,0x03,0x03,0x0b,0x08,0x0f,0x08,0x0b,0x03,};
const uint8_t* const _I_Suica_EntryStopR3[] = {_I_Suica_EntryStopR3_0};

const uint8_t _I_Suica_FilledArrowDown_0[] = {0x00,0x01,0x10,0x03,0x18,0x07,0x1c,0x0f,0x1e,0x1e,0x0f,0xbc,0x07,0xf8,0x03,0xf0,0x01,0xe0,0x00,0x40,0x00,};
const uint8_t* const _I_Suica_FilledArrowDown[] = {_I_Suica_FilledArrowDown_0};

const uint8_t _I_Suica_FilledArrowRight_0[] = {0x00,0x0f,0x00,0x1e,0x00,0x3c,0x00,0x78,0x00,0xf0,0x00,0xe0,0x01,0xc0,0x03,0xe0,0x01,0xf0,0x00,0x78,0x00,0x3c,0x00,0x1e,0x00,0x0f,0x00,};
const uint8_t* const _I_Suica_FilledArrowRight[] = {_I_Suica_FilledArrowRight_0};

const uint8_t _I_Suica_GinzaG_0[] = {0x00,0xe0,0x07,0xf8,0x1f,0xfc,0x3f,0x3e,0x3c,0x1e,0x18,0x0f,0x00,0x0f,0x00,0x0f,0x7f,0x0f,0x7f,0x0f,0x7f,0x1e,0x78,0x3e,0x3c,0xfc,0x3f,0xf8,0x1f,0xe0,0x07,};
const uint8_t* const _I_Suica_GinzaG[] = {_I_Suica_GinzaG_0};

const uint8_t _I_Suica_HanzomonZ_0[] = {0x00,0xfe,0x0f,0xfe,0x07,0xfe,0x07,0xc0,0x03,0xe0,0x01,0xe0,0x01,0xf0,0x00,0x78,0x00,0x78,0x00,0x3c,0x00,0xfe,0x07,0xfe,0x07,0xff,0x07,};
const uint8_t* const _I_Suica_HanzomonZ[] = {_I_Suica_HanzomonZ_0};

const uint8_t _I_Suica_HibiyaH_0[] = {0x01,0x00,0x0a,0x00,0x87,0xc7,0x80,0x33,0xff,0x8f,0x80,0x4c,0x23,0x60,};
const uint8_t* const _I_Suica_HibiyaH[] = {_I_Suica_HibiyaH_0};

const uint8_t _I_Suica_JRLogo_0[] = {0x00,0x00,0xfe,0x3f,0x00,0xfe,0x7f,0x00,0xfe,0x7f,0x00,0x0e,0x70,0x00,0x0e,0x70,0x07,0xee,0x7f,0x07,0xce,0x3f,0x07,0x8e,0x07,0x0f,0x0f,0x0f,0xff,0x0f,0x1e,0xfe,0x07,0x3c,0xfc,0x03,0x78,};
const uint8_t* const _I_Suica_JRLogo[] = {_I_Suica_JRLogo_0};

const uint8_t _I_Suica_KeikyuKK_0[] = {0x01,0x00,0x17,0x00,0xf1,0xf1,0xa0,0x37,0x3f,0x34,0x02,0x77,0x76,0x80,0x47,0xe7,0xd0,0x08,0x7c,0x78,0x0a,0x60,0xb2,0x08,0x90,0x5c,0x80,};
const uint8_t* const _I_Suica_KeikyuKK[] = {_I_Suica_KeikyuKK_0};

const uint8_t _I_Suica_KeikyuLogo_0[] = {0x00,0x00,0x1f,0x00,0xc0,0x60,0x00,0x30,0x82,0x01,0x08,0x03,0x02,0x88,0x01,0x02,0xe4,0x01,0x04,0xf8,0x03,0x00,0xff,0xff,0x1f,0x00,0xf8,0x03,0x04,0xf0,0x04,0x08,0x30,0x02,0x08,0x18,0x02,0x30,0x88,0x01,0xc0,0x60,0x00,0x00,0x1f,0x00,};
const uint8_t* const _I_Suica_KeikyuLogo[] = {_I_Suica_KeikyuLogo_0};

const uint8_t _I_Suica_MarunouchiHonanchoMb_0[] = {0x01,0x00,0x2b,0x00,0x9c,0x47,0x20,0xc0,0x38,0x9e,0x4f,0x00,0x63,0x7c,0x9f,0x00,0xcf,0xec,0x03,0x2f,0xf4,0x06,0xdd,0x76,0xc7,0x40,0xfd,0xd7,0x78,0x30,0x0d,0x39,0xd7,0x30,0x18,0xf1,0xfe,0x60,0xf1,0xc3,0xf8,0x42,0xe2,0x03,0x10,0xf8,0x80,};
const uint8_t* const _I_Suica_MarunouchiHonanchoMb[] = {_I_Suica_MarunouchiHonanchoMb_0};

const uint8_t _I_Suica_MarunouchiM_0[] = {0x00,0x38,0x1c,0x38,0x1c,0x38,0x1c,0x3c,0x3c,0x7c,0x3e,0x7c,0x3e,0x7c,0x3e,0x6e,0x76,0xee,0x77,0xee,0x77,0xce,0x73,0xc7,0xf3,0x87,0xe1,0x87,0xe1,};
const uint8_t* const _I_Suica_MarunouchiM[] = {_I_Suica_MarunouchiM_0};

const uint8_t _I_Suica_MinusSign0_0[] = {0x00,0xff,0x3f,0x01,0x20,0xfd,0x2f,0xfd,0x2f,0x01,0x20,0xff,0x3f,};
const uint8_t* const _I_Suica_MinusSign0[] = {_I_Suica_MinusSign0_0};

const uint8_t _I_Suica_MinusSign1_0[] = {0x00,0xff,0x3f,0x01,0x20,0xfd,0x27,0xfd,0x27,0x01,0x20,0xff,0x3f,};
const uint8_t* const _I_Suica_MinusSign1[] = {_I_Suica_MinusSign1_0};

const uint8_t _I_Suica_MinusSign2_0[] = {0x00,0xff,0x3f,0x01,0x20,0xfd,0x23,0xfd,0x23,0x01,0x20,0xff,0x3f,};
const uint8_t* const _I_Suica_MinusSign2[] = {_I_Suica_MinusSign2_0};

const uint8_t _I_Suica_MinusSign3_0[] = {0x00,0xff,0x3f,0x01,0x20,0xfd,0x20,0xfd,0x20,0x01,0x20,0xff,0x3f,};
const uint8_t* const _I_Suica_MinusSign3[] = {_I_Suica_MinusSign3_0};

const uint8_t _I_Suica_MinusSign4_0[] = {0x00,0xff,0x3f,0x01,0x20,0x1d,0x20,0x1d,0x20,0x01,0x20,0xff,0x3f,};
const uint8_t* const _I_Suica_MinusSign4[] = {_I_Suica_MinusSign4_0};

const uint8_t _I_Suica_MinusSign5_0[] = {0x01,0x00,0x08,0x00,0xff,0xcf,0xe0,0x32,0x00,0x0a,0x82,0x44,};
const uint8_t* const _I_Suica_MinusSign5[] = {_I_Suica_MinusSign5_0};

const uint8_t _I_Suica_MinusSign6_0[] = {0x00,0xff,0x3f,0x01,0x20,0x01,0x2e,0x01,0x2e,0x01,0x20,0xff,0x3f,};
const uint8_t* const _I_Suica_MinusSign6[] = {_I_Suica_MinusSign6_0};

const uint8_t _I_Suica_MinusSign7_0[] = {0x00,0xff,0x3f,0x01,0x20,0xc1,0x2f,0xc1,0x2f,0x01,0x20,0xff,0x3f,};
const uint8_t* const _I_Suica_MinusSign7[] = {_I_Suica_MinusSign7_0};

const uint8_t _I_Suica_MinusSign8_0[] = {0x00,0xff,0x3f,0x01,0x20,0xf1,0x2f,0xf1,0x2f,0x01,0x20,0xff,0x3f,};
const uint8_t* const _I_Suica_MinusSign8[] = {_I_Suica_MinusSign8_0};

const uint8_t _I_Suica_MinusSign9_0[] = {0x00,0xff,0x3f,0x01,0x20,0xf9,0x2f,0xf9,0x2f,0x01,0x20,0xff,0x3f,};
const uint8_t* const _I_Suica_MinusSign9[] = {_I_Suica_MinusSign9_0};

const uint8_t _I_Suica_MitaI_0[] = {0x01,0x00,0x08,0x00,0xbf,0x80,0x06,0x38,0x00,0x60,0x51,0x00,};
const uint8_t* const _I_Suica_MitaI[] = {_I_Suica_MitaI_0};

const uint8_t _I_Suica_MobileLogo_0[] = {0x00,0x20,0x00,0xe0,0x10,0xf0,0x1c,0xd8,0x0e,0xf8,0x02,0xf8,0x3c,0x00,0x7e,0xfb,0x3e,0xfb,0x1e,0xfb,0x1e,0xfb,0x3e,0xfb,0x7e,0x30,0x7e,0x30,0x3e,0x30,0x1c,};
const uint8_t* const _I_Suica_MobileLogo[] = {_I_Suica_MobileLogo_0};

const uint8_t _I_Suica_MoneyStack1_0[] = {0x00,0x00,0x80,0x07,0x00,0xe0,0x1f,0x00,0xf0,0x7f,0x00,0xf8,0xff,0x00,0xf8,0xff,0x00,0xfc,0xff,0xbf,0xfd,0xff,0x81,0xfc,0xff,0xbd,0x7d,0xf8,0xa1,0x1d,0xe3,0xad,0x8c,0x81,0xad,0xad,0x11,0xa1,0xa4,0x13,0xbd,0xa5,0x17,0x81,0x09,0x10,0xbf,0xbf,0x1f,0x80,0x2f,0x00,0xbf,0x97,0x1f,0x80,0x2b,0x00,0xbf,0x95,0x1f,};
const uint8_t* const _I_Suica_MoneyStack1[] = {_I_Suica_MoneyStack1_0};

const uint8_t _I_Suica_MoneyStack2_0[] = {0x00,0x00,0x00,0x00,0x00,0x1e,0x00,0x00,0x3f,0x00,0x80,0x7f,0x00,0xc0,0xff,0x00,0xc0,0xff,0x00,0xdf,0xff,0x1e,0xc1,0xff,0x10,0xdd,0xff,0x16,0xc1,0xe1,0x12,0xcd,0xc0,0x10,0x4d,0x9a,0x10,0x41,0x20,0x12,0x5d,0x3a,0x17,0x81,0x3a,0x10,0xbf,0xbf,0x1f,0x80,0x2f,0x00,0xbf,0x97,0x1f,0x80,0x2b,0x00,0xbf,0x95,0x1f,};
const uint8_t* const _I_Suica_MoneyStack2[] = {_I_Suica_MoneyStack2_0};

const uint8_t _I_Suica_MoneyStack3_0[] = {0x01,0x00,0x38,0x00,0x00,0x47,0x02,0x03,0x00,0xf0,0x00,0x87,0xe0,0x02,0x1f,0xbe,0xf6,0x3f,0xf1,0x96,0xc4,0x3e,0xbb,0x58,0xbf,0xc7,0x73,0x13,0xf8,0xe8,0x62,0x20,0x51,0x88,0xcc,0x74,0x11,0x3c,0xae,0xee,0x2f,0x91,0x9d,0xc4,0x3c,0xfb,0xf8,0xfe,0x02,0x5f,0x00,0xdf,0xe5,0xc0,0xa3,0x2b,0x02,0x8e,0x56,0x3e,};
const uint8_t* const _I_Suica_MoneyStack3[] = {_I_Suica_MoneyStack3_0};

const uint8_t _I_Suica_MoneyStack4_0[] = {0x01,0x00,0x30,0x00,0x00,0x78,0x00,0x77,0xfb,0xf8,0xfe,0x06,0x5d,0x10,0xde,0xed,0x62,0xfa,0x1d,0xdc,0x4f,0x5b,0xa0,0x88,0x81,0x46,0x23,0xaf,0xd0,0x44,0xf5,0xdb,0xb8,0xbe,0x32,0x77,0x10,0xdc,0x06,0x87,0x01,0x2f,0x10,0x0e,0x5c,0x0a,0x32,0xb0,0x28,0xe5,0x63,0xe0,};
const uint8_t* const _I_Suica_MoneyStack4[] = {_I_Suica_MoneyStack4_0};

const uint8_t _I_Suica_NambokuN_0[] = {0x00,0x07,0x78,0x0f,0x78,0x1f,0x78,0x3f,0x78,0x7f,0x78,0xff,0x78,0xef,0x79,0xcf,0x7b,0x8f,0x7f,0x0f,0x7f,0x0f,0x7e,0x0f,0x7c,0x0f,0x78,0x0f,0x70,};
const uint8_t* const _I_Suica_NambokuN[] = {_I_Suica_NambokuN_0};

const uint8_t _I_Suica_Nothing_0[] = {0x00,0x00,0x00,0x00,0x00,0x00,};
const uint8_t* const _I_Suica_Nothing[] = {_I_Suica_Nothing_0};

const uint8_t _I_Suica_OedoE_0[] = {0x01,0x00,0x08,0x00,0xff,0x80,0x06,0x0e,0x00,0x10,0x2c,0x00,};
const uint8_t* const _I_Suica_OedoE[] = {_I_Suica_OedoE_0};

const uint8_t _I_Suica_OsakaMetroLogo_0[] = {0x01,0x00,0x23,0x00,0xe0,0x70,0xe0,0x7e,0x0f,0x18,0x08,0x7c,0xb0,0x50,0x2a,0xfc,0x3f,0x50,0xaf,0x87,0xd4,0x0a,0xdf,0xa0,0x00,0xfd,0x7e,0x9f,0x4b,0xd0,0x00,0x6f,0x80,0x01,0x02,0x94,0xf0,0x00,0x20,};
const uint8_t* const _I_Suica_OsakaMetroLogo[] = {_I_Suica_OsakaMetroLogo_0};

const uint8_t _I_Suica_PenguinHappyBirthday_0[] = {0x01,0x00,0x2e,0x01,0x00,0x44,0x04,0x13,0x5f,0x08,0x38,0x25,0xff,0xd1,0xf0,0x42,0x60,0x00,0x43,0xff,0x9f,0x82,0x5b,0x01,0xff,0xbf,0x82,0x0f,0xf1,0x40,0x80,0x70,0x01,0x2b,0x04,0x98,0x82,0x4b,0xee,0x08,0x29,0x84,0x0a,0x1d,0x00,0xf0,0x7e,0x7f,0x60,0x92,0xe4,0x13,0x4b,0xc1,0xfe,0xf3,0x81,0x06,0x1d,0x06,0x06,0x97,0x82,0x7d,0xfe,0x02,0x08,0x90,0x61,0x97,0x80,0x48,0xc6,0x7f,0x83,0xf1,0xa0,0x40,0xa2,0x58,0x40,0x48,0xcb,0xef,0x40,0x92,0x82,0x48,0x41,0x23,0xc0,0xe7,0xde,0x60,0x14,0x0c,0x09,0x38,0x60,0x53,0x1c,0x04,0x7e,0x79,0x00,0x90,0x60,0x82,0xc3,0x01,0x84,0x98,0xc4,0xee,0x33,0x0c,0x24,0x10,0x6a,0x30,0x60,0x48,0x9d,0xc6,0xe1,0x48,0x84,0x1e,0x4f,0xff,0x2f,0x3a,0x0c,0xc3,0xe0,0x09,0x23,0x68,0xd8,0xe0,0x1e,0x48,0x4a,0xc4,0xf8,0x10,0xf4,0x28,0xf1,0x95,0x83,0x02,0x31,0x94,0x1f,0x81,0x00,0xc7,0x40,0xc1,0x29,0x03,0x20,0x0e,0x7c,0x0c,0x20,0x94,0x80,0x70,0x6f,0x80,0x61,0xf1,0x00,0x87,0xe0,0x2b,0x1f,0xfc,0xe0,0x0c,0x31,0x46,0xd1,0x02,0x4a,0x30,0x09,0x18,0xc0,0x78,0x41,0x25,0xfe,0x30,0x90,0xa0,0xbf,0x10,0x18,0x37,0xf8,0x5c,0x50,0x04,0x58,0xfe,0x30,0x30,0xff,0xf1,0x58,0xa0,0x14,0x80,0x48,0xa0,0x46,0x7c,0xdc,0x39,0x80,0x24,0xa7,0xe1,0xc3,0x79,0x18,0x26,0xa1,0xe0,0x98,0x34,0x98,0x25,0x0e,0x68,0x00,0x37,0x69,0x11,0x0c,0x00,0x41,0xc1,0x04,0xf8,0x26,0xc4,0xe2,0xa9,0x10,0x4a,0xff,0x20,0x38,0x00,0x42,0xa2,0xcb,0x18,0x09,0x65,0xe8,0xf7,0xc3,0xad,0xc0,0xe1,0xf4,0x5c,0x62,0x00,0x4c,0x05,0x0f,0xe0,0x09,0x68,0x05,0x1d,0x7e,0x40,0x05,0xa7,0x7c,0x1c,0xe2,0x00,0x5b,0xf5,0x80,0x12,0xf7,0xfb,0x00,0x21,0xb0,0x06,0xe2,0x04,0xb7,0xb4,0x12,0xe0,};
const uint8_t* const _I_Suica_PenguinHappyBirthday[] = {_I_Suica_PenguinHappyBirthday_0};

const uint8_t _I_Suica_PenguinTodaysVIP_0[] = {0x01,0x00,0x43,0x00,0x88,0x00,0x4b,0xfd,0x00,0x9c,0x40,0x2a,0x80,0x12,0xdd,0x40,0x22,0x30,0x10,0x68,0x80,0x0c,0x22,0x38,0x20,0x09,0x01,0x5c,0x00,0x62,0x11,0xe3,0x40,0x24,0x30,0x10,0x08,0x88,0x46,0x13,0x01,0xc3,0x40,0x2c,0x03,0xb6,0x0d,0x88,0xfc,0xef,0x84,0x56,0x00,0x1f,0xd2,0x01,0x92,0x80,0x67,0x20,0x30,0x68,0x07,0xee,0x02,0x07,0x1b,0x14,0x03,0x35,0x01,};
const uint8_t* const _I_Suica_PenguinTodaysVIP[] = {_I_Suica_PenguinTodaysVIP_0};

const uint8_t _I_Suica_PlusSign1_0[] = {0x01,0x00,0x18,0x00,0xf8,0x40,0xe2,0x10,0x2e,0x80,0x04,0xbb,0xf3,0xee,0x0c,0x83,0xfb,0x2f,0x00,0x88,0x14,0x41,0x22,0x0f,0x30,0xa8,0x86,0x44,};
const uint8_t* const _I_Suica_PlusSign1[] = {_I_Suica_PlusSign1_0};

const uint8_t _I_Suica_PlusSign2_0[] = {0x01,0x00,0x1a,0x00,0xf8,0x43,0xe2,0x10,0x80,0x08,0xe4,0x21,0x39,0xff,0xce,0x04,0x00,0x5f,0x90,0x30,0xe7,0xc0,0xe6,0x06,0x10,0x88,0x85,0xcc,0x3a,0x20,};
const uint8_t* const _I_Suica_PlusSign2[] = {_I_Suica_PlusSign2_0};

const uint8_t _I_Suica_PlusSign3_0[] = {0x01,0x00,0x1a,0x00,0xf8,0x4f,0xe0,0x11,0x09,0x00,0x09,0xa3,0xfe,0x38,0x1c,0x06,0x07,0x02,0x01,0x2f,0xc6,0x7e,0x02,0x30,0x74,0x06,0x88,0x4d,0x03,0x22,};
const uint8_t* const _I_Suica_PlusSign3[] = {_I_Suica_PlusSign3_0};

const uint8_t _I_Suica_PlusStar_0[] = {0x00,0x04,0x04,0x1f,0x04,0x04,};
const uint8_t* const _I_Suica_PlusStar[] = {_I_Suica_PlusStar_0};

const uint8_t _I_Suica_QuestionMarkBig_0[] = {0x01,0x00,0x3f,0x00,0x80,0x47,0xe0,0x1e,0x0f,0xfc,0x03,0xe1,0xff,0x81,0xfe,0x3f,0xf0,0x7f,0xe7,0x82,0x0f,0x3e,0xc0,0x43,0xe7,0xd0,0x08,0x78,0x4c,0x63,0xe0,0x22,0x87,0x80,0x90,0x42,0x20,0x41,0x0a,0x0c,0x03,0x81,0x07,0x13,0x88,0x08,0x7e,0x10,0x38,0x07,0xe2,0x03,0x00,0xfe,0x04,0xc6,0xfc,0x02,0x19,0xf8,0xec,0xc0,0x58,0x53,0xa0,0x15,0x80,};
const uint8_t* const _I_Suica_QuestionMarkBig[] = {_I_Suica_QuestionMarkBig_0};

const uint8_t _I_Suica_QuestionMarkSmall_0[] = {0x00,0xe0,0x07,0x38,0x1c,0x9c,0x39,0xce,0x73,0xce,0x73,0xff,0xf3,0xff,0xf9,0xff,0xfc,0x7f,0xfe,0x7f,0xfe,0xfe,0x7f,0xfe,0x7f,0x7c,0x3e,0x78,0x1e,0xe0,0x07,};
const uint8_t* const _I_Suica_QuestionMarkSmall[] = {_I_Suica_QuestionMarkSmall_0};

const uint8_t _I_Suica_RinkaiR_0[] = {0x01,0x00,0x18,0x00,0xbf,0xc0,0x3f,0xf0,0x0e,0x1c,0x07,0x06,0x01,0x20,0x28,0x82,0x44,0x1a,0x33,0xb8,0x05,0xcc,0x02,0x5e,0x30,0x09,0x03,0xc4,};
const uint8_t* const _I_Suica_RinkaiR[] = {_I_Suica_RinkaiR_0};

const uint8_t _I_Suica_ShinjukuS_0[] = {0x00,0xf0,0x00,0xfc,0x03,0xfc,0x03,0x1e,0x01,0x1e,0x00,0x7e,0x00,0xfc,0x01,0xf8,0x03,0xe0,0x03,0x80,0x03,0x86,0x03,0xff,0x03,0xff,0x01,0xfe,0x00,};
const uint8_t* const _I_Suica_ShinjukuS[] = {_I_Suica_ShinjukuS_0};

const uint8_t _I_Suica_ShopIcon_0[] = {0x00,0xfc,0x03,0xb6,0x05,0xdb,0x06,0xdb,0x06,0xdb,0x02,0x00,0x04,0xdd,0x05,0x55,0x05,0x15,0x04,0xff,0x07,};
const uint8_t* const _I_Suica_ShopIcon[] = {_I_Suica_ShopIcon_0};

const uint8_t _I_Suica_ShopPin_0[] = {0x00,0x1c,0x22,0x49,0x5d,0x49,0x22,0x14,0x14,0x08,0x08,};
const uint8_t* const _I_Suica_ShopPin[] = {_I_Suica_ShopPin_0};

const uint8_t _I_Suica_SmallStar_0[] = {0x00,0x05,0x02,0x05,};
const uint8_t* const _I_Suica_SmallStar[] = {_I_Suica_SmallStar_0};

const uint8_t _I_Suica_StoreFan1_0[] = {0x00,0xf8,0x03,0x7c,0x04,0x72,0x0e,0x41,0x1f,0xbf,0x1f,0x5f,0x10,0xce,0x09,0xc4,0x07,0xf8,0x03,};
const uint8_t* const _I_Suica_StoreFan1[] = {_I_Suica_StoreFan1_0};

const uint8_t _I_Suica_StoreFan2_0[] = {0x00,0xf8,0x03,0x8c,0x07,0x9e,0x0d,0xbf,0x18,0x03,0x18,0xa3,0x1f,0x36,0x0f,0x3c,0x06,0xf8,0x03,};
const uint8_t* const _I_Suica_StoreFan2[] = {_I_Suica_StoreFan2_0};

const uint8_t _I_Suica_StoreFrame_0[] = {0x01,0x00,0x0b,0x01,0xff,0x80,0x12,0x3e,0x0e,0x7b,0x00,0x21,0xf0,0x01,0xa7,0x81,0xc0,0x60,0x1a,0xa0,0x01,0x41,0x20,0x10,0xc0,0x40,0xd5,0x40,0x03,0xd5,0x83,0x40,0x22,0x10,0x20,0x8b,0x48,0x01,0x02,0x11,0x50,0x41,0x04,0x56,0x80,0x11,0x7a,0x00,0xb0,0x47,0x65,0x7f,0x08,0x90,0x20,0x40,0x07,0x03,0x80,0x68,0x00,0x82,0x1a,0x2a,0xa8,0x38,0x4c,0x44,0x57,0x30,0x28,0xc4,0x0d,0x6f,0x2c,0x35,0xbc,0x8c,0x1a,0x70,0x80,0x19,0x48,0x01,0x09,0xc0,0xbf,0xc0,0x24,0x20,0x84,0xf8,0x7f,0xe0,0x20,0x85,0xbc,0x77,0xe0,0x60,0x85,0x2c,0x0c,0x13,0x42,0x9a,0x10,0x41,0x5f,0xbb,0x70,0xe0,0x88,0x83,0x44,0x10,0x3e,0xeb,0x04,0x3c,0x10,0x30,0x50,0x41,0x6d,0xf5,0xd1,0xd9,0x0e,0x00,0x22,0x78,0x79,0x04,0x72,0x22,0x90,0x20,0x89,0xc6,0x61,0x32,0x04,0x39,0x42,0x1d,0x05,0x05,0xc8,0x0f,0x8c,0x72,0x31,0xc8,0x0d,0x20,0x10,0x7e,0x28,0x0c,0x33,0xff,0x27,0x04,0x1c,0x4a,0x73,0x0c,0x48,0x24,0x22,0x23,0x45,0x89,0x7f,0xe1,0xe0,0x83,0xc4,0xd1,0x22,0x49,0xd4,0x04,0x14,0x8a,0x56,0x08,0x3c,0x46,0x22,0x71,0x21,0x9a,0x82,0x12,0x89,0x00,0x98,0x84,0x54,0x10,0x32,0x90,0x8a,0x52,0x27,0x98,0x09,0x24,0xa4,0x10,0x90,0x0c,0x04,0x8a,0x62,0x08,0x3e,0x41,0xac,0x64,0x2a,0xa4,0x08,0x94,0x80,0x11,0xd6,0x0c,0x78,0x21,0xa2,0x18,0x31,0x1b,0x42,0x30,0xa1,0x16,0x82,0x62,0x64,0x40,0x86,0xc4,0x4a,0x41,0x0e,0x11,0x89,0xa8,0x21,0x64,0x98,0x89,0x54,0x44,0x10,0x92,0x8c,0x24,0xd6,0x12,0x08,0x49,0x86,0x0a,0x54,0xf9,0x20,};
const uint8_t* const _I_Suica_StoreFrame[] = {_I_Suica_StoreFrame_0};

const uint8_t _I_Suica_StoreLightningHorizontal_0[] = {0x00,0x08,0x4c,0x2a,0x19,0x08,};
const uint8_t* const _I_Suica_StoreLightningHorizontal[] = {_I_Suica_StoreLightningHorizontal_0};

const uint8_t _I_Suica_StoreLightningVertical_0[] = {0x00,0x08,0x04,0x02,0x1f,0x08,0x04,0x02,};
const uint8_t* const _I_Suica_StoreLightningVertical[] = {_I_Suica_StoreLightningVertical_0};

const uint8_t _I_Suica_StoreP1Counter_0[] = {0x01,0x00,0xc5,0x01,0x00,0x0f,0xfb,0xfe,0x00,0x5b,0xf8,0x39,0x70,0x1a,0x9d,0x50,0x01,0xa0,0x20,0xf4,0xa0,0x55,0x40,0x04,0x2e,0xa9,0x06,0x88,0x32,0x30,0xa0,0x7d,0x44,0x29,0x21,0xe1,0x82,0x83,0xef,0x49,0xea,0xff,0xc0,0xc1,0xf5,0x08,0xa4,0x4d,0x4d,0xd9,0x58,0xc0,0x5a,0x81,0xf9,0x28,0x90,0x75,0x3c,0x00,0xfb,0xa4,0x60,0xb5,0x51,0x10,0x7d,0xe2,0x28,0x15,0x09,0x18,0x3e,0xe1,0x10,0x1d,0x2f,0x19,0x58,0x20,0xc6,0xfe,0x02,0x06,0x11,0x12,0xa8,0x43,0x4f,0x92,0x1f,0x28,0x26,0x0a,0x34,0x0f,0x8d,0x06,0xa8,0x1e,0x30,0x88,0x87,0xd4,0x5e,0x2c,0xb5,0x80,0x4b,0x99,0x23,0x08,0xc8,0x50,0x1b,0x64,0xeb,0x6a,0x08,0xbc,0xa4,0x11,0x0f,0xf0,0x7d,0xe8,0x15,0xc8,0xa0,0x3c,0x69,0xd8,0x01,0x63,0x3a,0xca,0x87,0xb6,0x07,0x8e,0x46,0x80,0x0e,0x7a,0x00,0xe8,0x51,0xe5,0x24,0x90,0x83,0xdf,0x01,0x90,0x80,0x41,0xc1,0xe3,0x44,0x89,0x1b,0xa2,0x43,0x81,0x85,0x40,0x33,0x19,0x42,0x18,0x80,0x1e,0xc3,0x42,0x89,0xd0,0x26,0x39,0x18,0x40,0x3e,0x34,0x42,0xb1,0xa0,0x58,0x72,0x40,0xf9,0xa1,0x42,0x60,0x1e,0x0e,0x1d,0x10,0x1f,0x3c,0x2f,0x97,0xfe,0x21,0x84,0x9c,0x87,0xea,0x0b,0x00,0xf8,0x41,0xe0,0x60,0xf6,0x90,0x42,0x20,0x58,0x2f,0xd7,0xfe,0x41,0x02,0x83,0x42,0x15,0xc3,0x3f,0x07,0x95,0xc2,0x39,0x07,0xc1,0x65,0x64,0x96,0x08,0x1c,0x33,0x10,0x99,0x20,0x79,0x7e,0x37,0xd0,0xcc,0x16,0x6a,0x49,0xc0,0x80,0xc6,0x29,0x10,0x64,0xc8,0x83,0xca,0x79,0x7f,0x8f,0xc0,0x9f,0x23,0x40,0x80,0xcc,0x29,0x1f,0x9f,0xfe,0x7e,0xe1,0x0e,0x9e,0x77,0x01,0xe5,0x2b,0xa4,0x87,0xc6,0xc1,0x48,0xa4,0xe4,0xb4,0x9f,0x88,0xfd,0xfb,0xb9,0xc7,0x8e,0x40,0xa6,0xb4,0x90,0xf8,0xf0,0x01,0xe7,0xdc,0x9d,0xf9,0xe7,0x98,0x30,0xf8,0xfa,0xbf,0xe1,0xf1,0xc0,0x52,0x7f,0xc2,0xf1,0xc6,0x4c,0x78,0x7f,0x8a,0x28,0x3c,0x6a,0x99,0x2b,0xfc,0x06,0x01,0x4b,0x74,0x90,0x3c,0xe7,0x30,0xf8,0x15,0xa3,0x25,0x92,0x06,0x0d,0x3a,0x79,0x80,0xc3,0x83,0xcb,0xe1,0x83,0x07,0x8f,0x43,0xff,0x7f,0x07,0x8d,0x32,0x85,0x40,0xc4,0x03,0xcf,0xff,0x07,0x81,0x68,0x24,0x87,0x82,0xac,0x66,0x64,0x19,0x30,0x78,0xf9,0xfc,0x1f,0xf8,0x19,0x6c,0x41,0xe7,0x98,0xd2,0xe8,0x32,0x90,0xc9,0x85,0xfb,0x81,0xff,0x80,0x92,0xc7,0xfe,0x0f,0x29,0x84,0x93,0x7f,0x64,0x07,0x8c,0xf2,0x01,0x7f,0x52,0x98,0x00,0xac,0x11,0x88,0x04,0x0c,0x10,0x8c,0x53,0x00,0x12,0x08,0x5f,0xcd,0x30,0x03,0xb3,0xbc,0x40,0x0b,0x0f,0x07,0xb0,0x02,0xc3,0x6e,0x00,0x7a,0xef,0x5e,0xea,0x02,0xcd,0x77,0xaf,0x74,0x02,0xc0,0xf7,0x75,0xc3,0xdd,0xeb,};
const uint8_t* const _I_Suica_StoreP1Counter[] = {_I_Suica_StoreP1Counter_0};

const uint8_t _I_Suica_StoreReceiptDashLine_0[] = {0x00,0x55,0x55,0x55,0x55,0x55,};
const uint8_t* const _I_Suica_StoreReceiptDashLine[] = {_I_Suica_StoreReceiptDashLine_0};

const uint8_t _I_Suica_StoreReceiptFrame1_0[] = {0x01,0x00,0x63,0x00,0xc0,0x7f,0xc0,0x07,0x0f,0x80,0x58,0x21,0x80,0xd3,0x98,0x40,0x22,0x11,0x00,0x39,0xd0,0x20,0x10,0x89,0x00,0x75,0x20,0x10,0x40,0x50,0x80,0x0e,0x03,0x02,0x05,0x08,0x00,0xe0,0x50,0x10,0x3b,0x04,0x88,0x0e,0x70,0x40,0x3f,0x86,0x90,0x00,0x30,0x80,0x3f,0x80,0x86,0x24,0x20,0x30,0x39,0x68,0x81,0xed,0x42,0x03,0xb7,0xc8,0x2e,0xc0,0xff,0x07,0xb8,0x1d,0xc8,0xf1,0x04,0xa0,0xc4,0x20,0x90,0x90,0x38,0xca,0xb1,0x5a,0x29,0x46,0x2a,0x14,0x07,0x1a,0x25,0x46,0x29,0x45,0xa8,0x9d,0xcb,0x01,0x20,0x84,0x60,0x96,0x82,};
const uint8_t* const _I_Suica_StoreReceiptFrame1[] = {_I_Suica_StoreReceiptFrame1_0};

const uint8_t _I_Suica_StoreReceiptFrame2_0[] = {0x01,0x00,0x64,0x00,0xc0,0x7f,0xc0,0x07,0x0f,0x80,0x58,0x21,0x80,0xd3,0x98,0x40,0x22,0x11,0x00,0x39,0xd0,0x20,0x10,0x89,0x00,0x75,0x20,0x10,0x40,0x50,0x80,0x0e,0x03,0x02,0x05,0x08,0x00,0xe0,0x50,0x10,0x3b,0x04,0x88,0x0e,0x70,0x40,0x3f,0x86,0x90,0x00,0x30,0x80,0x3f,0x80,0x86,0x24,0x20,0x30,0x39,0x68,0x81,0xed,0x42,0x03,0xb7,0xc8,0x2e,0xc0,0xff,0x07,0xb8,0x1d,0xc9,0xff,0x12,0x82,0x50,0x62,0x10,0x48,0x48,0x1c,0x65,0x58,0xad,0x14,0xa3,0x15,0x0a,0x03,0x8d,0x12,0xa3,0x14,0xa2,0xd4,0x4f,0xe5,0x80,0x90,0x42,0x30,0x4b,0xc1,};
const uint8_t* const _I_Suica_StoreReceiptFrame2[] = {_I_Suica_StoreReceiptFrame2_0};

const uint8_t _I_Suica_StoreSlidingDoor_0[] = {0x01,0x00,0x32,0x00,0xff,0xff,0xe3,0xe0,0x41,0x88,0x01,0x46,0x2e,0x05,0x18,0xa0,0x14,0x62,0xa0,0x22,0xf7,0xef,0x62,0xbf,0x7e,0xf4,0x56,0xf7,0xef,0x05,0x98,0x39,0x41,0x0a,0x02,0x81,0x07,0x88,0x28,0x88,0x84,0xa2,0x28,0x14,0x7e,0xab,0x55,0x08,0x91,0x70,0xc0,0x5e,0x02,0x40,};
const uint8_t* const _I_Suica_StoreSlidingDoor[] = {_I_Suica_StoreSlidingDoor_0};

const uint8_t _I_Suica_TWRLogo_0[] = {0x00,0xff,0x9c,0x1f,0x00,0xff,0x9c,0x1f,0x00,0xd8,0x9e,0x19,0x00,0xdc,0xde,0x1d,0x00,0xcc,0xde,0x47,0x00,0xcc,0xdb,0xaf,0x00,0xce,0xdb,0x4e,0x01,0xc6,0xf9,0x5c,0x01,0xc6,0x79,0x7c,0x01,0xc6,0xff,0x87,0x00,0xff,0x03,0x78,0x00,0x00,0xfc,0x07,0x00,0xff,0x03,0x00,0x00,};
const uint8_t* const _I_Suica_TWRLogo[] = {_I_Suica_TWRLogo_0};

const uint8_t _I_Suica_ToeiLogo_0[] = {0x01,0x00,0x25,0x00,0xe0,0x41,0xe0,0x1f,0x08,0xfc,0x03,0xf1,0x3f,0x80,0x7f,0x2f,0xf0,0x0f,0xf7,0xfc,0x04,0x7f,0xff,0xfc,0x04,0x04,0x40,0x82,0x0a,0x17,0x82,0x1e,0x20,0x3c,0x04,0x0c,0x4e,0x30,0x10,0x11,0x80,};
const uint8_t* const _I_Suica_ToeiLogo[] = {_I_Suica_ToeiLogo_0};

const uint8_t _I_Suica_TokyoMetroLogo_0[] = {0x00,0x1e,0x00,0x0f,0x7f,0xc0,0x1f,0xff,0xe0,0x1f,0x8f,0x31,0x1e,0x07,0x1f,0x1c,0x07,0x0e,0x1c,0x0f,0x0a,0x1e,0x0e,0x1b,0x0e,0x9e,0x31,0x0f,0x9e,0x31,0x0f,0xbc,0xbf,0x07,0x3c,0x9f,0x07,0x18,0x00,0x03,};
const uint8_t* const _I_Suica_TokyoMetroLogo[] = {_I_Suica_TokyoMetroLogo_0};

const uint8_t _I_Suica_TokyoMonorailLogo_0[] = {0x00,0x00,0xfe,0x00,0x00,0x80,0x81,0x03,0x01,0x40,0x00,0xc7,0x00,0x20,0x10,0xf6,0x00,0x20,0x08,0xfc,0x00,0x10,0x0e,0x7e,0x00,0x10,0x0f,0x7f,0x00,0xd0,0xc7,0x7f,0x00,0xf0,0xf3,0x3c,0x00,0x3c,0x1b,0x2c,0x00,0x13,0x06,0x2c,0x00,0x20,0x00,0x06,0x00,0x40,0x00,0x03,0x00,0x80,0x81,0x01,0x00,0x00,0x7e,0x00,0x00,};
const uint8_t* const _I_Suica_TokyoMonorailLogo[] = {_I_Suica_TokyoMonorailLogo_0};

const uint8_t _I_Suica_TokyuLogo_0[] = {0x00,0xc0,0x1f,0x00,0xf0,0x7f,0x00,0xfc,0xff,0x01,0xf2,0x7f,0x02,0x8e,0x8f,0x03,0x1f,0xc0,0x07,0x3f,0xe0,0x07,0x7f,0xf0,0x07,0xff,0xf8,0x07,0xfe,0xf8,0x03,0xfe,0xfd,0x03,0xfc,0xfd,0x01,0xf8,0xfd,0x00,0xc0,0x1f,0x00,};
const uint8_t* const _I_Suica_TokyuLogo[] = {_I_Suica_TokyuLogo_0};

const uint8_t _I_Suica_TopUpIcon_0[] = {0x00,0x7c,0x00,0x44,0x00,0xd7,0x01,0x11,0x01,0x7d,0x01,0x11,0x01,0xd7,0x01,0x44,0x00,0x7c,0x00,};
const uint8_t* const _I_Suica_TopUpIcon[] = {_I_Suica_TopUpIcon_0};

const uint8_t _I_Suica_TopUpPage2_0001_0[] = {0x01,0x00,0xed,0x01,0x00,0x78,0x03,0xc0,0x1e,0x00,0xf0,0x07,0x80,0x3c,0x01,0xe0,0x0f,0x00,0x78,0x03,0xc0,0x1e,0x00,0xf0,0x02,0x68,0x23,0x40,0x53,0x87,0x83,0xf7,0x01,0xe1,0xff,0x80,0x06,0xfe,0x0f,0x9e,0x04,0x60,0x3f,0xb4,0x08,0x30,0x8c,0xa0,0xe0,0xfa,0x80,0x88,0xc8,0x86,0x5f,0x08,0xf8,0x3c,0xbf,0x90,0x30,0x78,0x84,0xcb,0xc1,0x1c,0x02,0x14,0xc0,0x3e,0x62,0xc1,0x07,0x9d,0xc2,0x78,0x1f,0x2b,0x38,0x7c,0xe1,0x80,0xf4,0xf8,0x03,0xca,0x01,0xc8,0x0f,0x9c,0x64,0x1f,0x1f,0x0c,0x9c,0x04,0x1e,0x37,0xc9,0x90,0x7e,0x64,0x90,0x30,0x78,0xe0,0x2c,0x80,0xf4,0xb0,0x20,0xcb,0xe1,0x49,0x07,0x94,0xf2,0xd2,0x6f,0x9a,0x98,0x3c,0xaf,0x96,0xa4,0x7c,0xd5,0x81,0xe5,0xc0,0x07,0x8a,0xbe,0x2a,0x83,0xf3,0x07,0x8b,0x3d,0x7f,0xd3,0xf0,0x7b,0xc0,0x14,0x42,0x00,0x28,0x15,0x80,0x1e,0x4d,0x88,0x00,0x0f,0xea,0xde,0x0f,0x4f,0x80,0xac,0xbf,0xec,0x81,0x00,0x0f,0x8a,0xc6,0x0f,0x48,0x44,0x81,0x90,0x80,0x01,0xa6,0x5e,0x41,0xe9,0x04,0x88,0x03,0xda,0xb1,0x1d,0x07,0xa4,0x92,0x24,0x0f,0x3f,0x07,0xfe,0x1f,0x50,0x86,0x83,0xd2,0x89,0x11,0x07,0x9c,0x42,0x39,0x10,0x07,0xb6,0x10,0x5e,0x9c,0x8a,0xcc,0x92,0xa0,0xe8,0x1a,0xa2,0xa0,0xbc,0x91,0x30,0x79,0xda,0x33,0x76,0x2a,0x87,0xca,0x1f,0x94,0xbe,0x07,0xde,0x51,0x1a,0xb0,0xe4,0x20,0x84,0xb1,0x6c,0x10,0x7e,0x26,0x1f,0x98,0x7d,0x32,0xfc,0x3f,0x9b,0x25,0x82,0x05,0x00,0xcc,0x02,0x88,0x1e,0xa5,0xf1,0xb8,0x70,0x3f,0x90,0xf9,0x85,0xfd,0x1e,0xe7,0xf1,0x9f,0xe0,0x07,0x82,0xd1,0x10,0x7b,0xf0,0x18,0x44,0x92,0x1e,0x00,0x7c,0xbf,0x8c,0xf3,0x7d,0x08,0x00,0xbf,0xd0,0xfc,0x00,0x3c,0xbf,0x00,0xf8,0x00,0x78,0x03,0xc0,0x1e,0x00,0xe3,0x08,0x80,0x54,0x1e,0xf0,0x19,0x80,0x05,0x70,0x05,0xf2,0x81,0xa3,0xc6,0x1f,0x99,0x98,0xf8,0x66,0x00,0x11,0xf8,0xcc,0x28,0x09,0x44,0xc1,0x44,0x2b,0x33,0x1d,0x0c,0xc3,0x73,0x33,0xec,0xcc,0x24,0x01,0xf2,0x84,0xc2,0x20,0x12,0x0e,0x08,0x7c,0xb7,0xb3,0x7f,0xcc,0xc7,0x41,0x07,0x80,0x60,0x23,0x7e,0x8d,0xd5,0xbb,0x32,0x3b,0x2f,0x2c,0xd3,0xc2,0x0f,0x18,0x9c,0x02,0x29,0x1b,0xc4,0x68,0xad,0x1b,0xd9,0x90,0x7c,0x68,0xb3,0x40,0xf9,0x42,0xe0,0x15,0x28,0xdd,0x23,0x25,0x64,0xde,0x92,0xc6,0x63,0x4d,0x9b,0x78,0x66,0x7a,0x08,0x4c,0x02,0x94,0x0f,0x38,0xcc,0xdf,0xd3,0x32,0xfc,0xcc,0xc1,0xe5,0x05,0x80,0x4a,0x63,0x64,0xf1,0xb0,0x46,0x66,0x45,0xf1,0xd8,0xcc,0x72,0x33,0x69,0x04,0x12,0x01,0x25,0x8c,0x1b,0xc6,0xe1,0x19,0x9a,0x83,0xc4,0x82,0x3d,0x99,0xa7,0x82,0x09,0x80,0xca,0x47,0xd1,0xe3,0x3f,0x4f,0xbf,0x02,0x05,0x80,0xe9,0x43,0xf8,0x0b,0x92,0x9f,0x80,0x56,0x01,0x02,0xa0,0x42,0x97,0xe7,0xfe,0x8f,0x80,0x54,0x1e,0x46,0x11,0x00,0x5c,0x06,0x80,0x61,0x10,0x7e,0x48,0x01,0xe8,};
const uint8_t* const _I_Suica_TopUpPage2_0001[] = {_I_Suica_TopUpPage2_0001_0};

const uint8_t _I_Suica_TopUpPage2_0002_0[] = {0x01,0x00,0xee,0x01,0x00,0x78,0x03,0xc0,0x1e,0x00,0xf0,0x07,0x80,0x3c,0x01,0xe0,0x0f,0x00,0x78,0x03,0xc0,0x1e,0x00,0xf0,0x02,0x68,0x23,0x40,0x53,0x87,0x83,0xf7,0x01,0xe1,0xff,0x80,0x06,0xfe,0x0f,0x9e,0x04,0x60,0x3f,0xb4,0x08,0x34,0x03,0xe0,0x0f,0xc8,0x0c,0x03,0xf0,0x02,0x10,0x00,0xfc,0x23,0xe0,0xf2,0xfe,0x40,0xc1,0xe2,0x0a,0x10,0x29,0x00,0x0a,0x60,0x1f,0x31,0x60,0x83,0xcb,0xfc,0x05,0x10,0xf9,0x59,0xc3,0xe7,0x0c,0x07,0x9c,0x18,0x1e,0x70,0x0e,0x40,0x7c,0xe3,0x20,0xf8,0xf8,0x64,0xe0,0x20,0xf1,0xbe,0x4c,0x81,0xe7,0xee,0x0f,0xa4,0x92,0x06,0x0f,0x1c,0x05,0x90,0x9f,0x1f,0x0a,0x48,0x3c,0xa7,0x96,0x93,0x7c,0xd4,0xc1,0xe5,0x7c,0xb5,0x23,0xe6,0xac,0x0f,0x2e,0x00,0x3c,0x55,0xf1,0x54,0x1f,0x98,0x3c,0x59,0xeb,0xfe,0x9f,0x83,0xde,0x00,0x9c,0x48,0x15,0x80,0x1e,0x4d,0x88,0x00,0x0f,0xea,0xde,0x0f,0x4f,0x80,0xac,0xbf,0xec,0x81,0x00,0x0f,0x8a,0xc6,0x0f,0x48,0x44,0x81,0x90,0x80,0x01,0xa6,0x5e,0x41,0xe9,0x04,0x88,0x03,0xda,0xb1,0x1d,0x07,0xa4,0x92,0x24,0x0f,0x3f,0x07,0xfe,0x1f,0x50,0x86,0x83,0xd2,0x89,0x11,0x07,0x9c,0x42,0x39,0x10,0x07,0xb6,0x10,0x5e,0x9c,0x8a,0xcc,0x92,0xa0,0xe8,0x1a,0xa3,0x54,0xbc,0x91,0x30,0x79,0xda,0x33,0x76,0x2a,0x87,0xca,0x1f,0x94,0xbe,0x07,0xde,0x51,0x1a,0xb0,0xe4,0x20,0x84,0xb1,0x6a,0x90,0x7e,0x26,0x1f,0x98,0x7d,0x32,0xfc,0x3f,0x9b,0x25,0x82,0x05,0x00,0xcc,0x02,0x88,0x1e,0xa5,0xf1,0xb8,0x70,0x3f,0x90,0xf9,0x85,0xfd,0x1e,0xe7,0xf1,0x9f,0xe0,0x07,0x82,0xd1,0x10,0x7b,0xf0,0x18,0x44,0x92,0x1e,0x00,0x7c,0xbf,0x8c,0xf3,0x7d,0x08,0x00,0xbf,0xd0,0xfc,0x00,0x3c,0xbf,0x00,0xf8,0x00,0x78,0x03,0xc0,0x1e,0x00,0xe3,0x08,0x80,0x54,0x1e,0xf0,0x19,0x80,0x05,0x70,0x05,0xf2,0x81,0xa3,0xc6,0x1f,0x99,0x98,0xf8,0x66,0x00,0x11,0xf8,0xcc,0x28,0x09,0x44,0xc1,0x44,0x2b,0x33,0x1d,0x0c,0xc3,0x73,0x33,0xec,0xcc,0x24,0x01,0xf2,0x84,0xc2,0x20,0x12,0x0e,0x08,0x7c,0xb7,0xb3,0x7f,0xcc,0xc7,0x41,0x0f,0x80,0x60,0x23,0x7e,0x8d,0xd5,0xbb,0x32,0x3b,0x2f,0x2c,0xd3,0xc2,0x0f,0x19,0x3c,0x02,0x29,0x1b,0xc4,0x68,0xad,0x1b,0xd9,0x90,0x7c,0x68,0xb3,0x40,0xf9,0x44,0xe0,0x15,0x28,0xdd,0x23,0x25,0x64,0xde,0x92,0xc6,0x63,0x4d,0x9b,0x78,0x66,0x7a,0x08,0x5c,0x02,0x94,0x0f,0x38,0xcc,0xdf,0xd3,0x32,0xfc,0xcc,0xc1,0xe5,0x09,0x80,0x4a,0x63,0x64,0xf1,0xb0,0x46,0x66,0x45,0xf1,0xd8,0xcc,0x72,0x33,0x69,0x04,0x12,0x01,0x25,0x8c,0x1b,0xc6,0xe1,0x19,0x9a,0x83,0xc4,0x82,0x3d,0x99,0xa7,0x82,0x0b,0x80,0xca,0x47,0xd1,0xe3,0x3f,0x4f,0xbf,0x02,0x09,0x80,0xe9,0x43,0xf8,0x0b,0x92,0x9f,0x80,0x56,0x01,0x02,0xc0,0x42,0x97,0xe7,0xfe,0x8f,0x80,0x54,0x1e,0x34,0x00,0x7a,0x00,0x20,0x1e,0x26,0x11,0x07,0xec,0x14,0x0c,0x60,};
const uint8_t* const _I_Suica_TopUpPage2_0002[] = {_I_Suica_TopUpPage2_0002_0};

const uint8_t _I_Suica_TopUpPage2_0003_0[] = {0x01,0x00,0xe4,0x01,0x00,0x78,0x03,0xc0,0x1e,0x00,0xf0,0x07,0x80,0x3c,0x01,0xe0,0x0f,0x00,0x78,0x03,0xc0,0x1e,0x00,0xf0,0x02,0x68,0x23,0x40,0x53,0x87,0x83,0xf7,0x01,0xe1,0xff,0x80,0x06,0xfe,0x0f,0x9e,0x04,0x60,0x3f,0xb4,0x08,0x34,0x78,0x1f,0xb0,0x19,0xf8,0x31,0x3e,0x11,0xf0,0x79,0x7f,0x20,0x60,0xf1,0xc0,0x58,0x43,0xab,0x30,0x0f,0x9c,0x18,0x1e,0x3c,0x0f,0x98,0x7d,0x6c,0xe1,0xf3,0x86,0x03,0xe2,0x01,0xc8,0x0f,0x9c,0x64,0x3f,0x39,0x38,0x08,0x3c,0x6f,0x93,0x20,0x79,0x78,0xc3,0xeb,0x24,0x81,0x83,0xc7,0x01,0x64,0x27,0x95,0xcc,0x3e,0xb4,0x90,0x79,0x4f,0x2d,0x26,0xf9,0xa9,0x83,0xca,0xf9,0x6a,0x47,0xcd,0x58,0x1e,0x5c,0x00,0x78,0xab,0xe2,0xa8,0x3f,0x30,0x78,0xb3,0xd7,0xfc,0x34,0x10,0x7b,0x40,0x14,0x42,0x00,0x28,0x15,0x80,0x1e,0x4d,0x88,0x00,0x0f,0xea,0xde,0x0f,0x4f,0x80,0xac,0xbf,0xec,0x81,0x00,0x0f,0x8a,0xc6,0x0f,0x48,0x44,0x81,0x90,0x80,0x01,0xa6,0x5e,0x41,0xe9,0x04,0x88,0x03,0xda,0xb1,0x1d,0x07,0xa4,0x92,0x24,0x0f,0x3f,0x07,0xfe,0x1f,0x50,0x86,0x83,0xd2,0x89,0x11,0x07,0x9c,0x42,0x39,0x10,0x07,0xb6,0x10,0x5e,0x9c,0x8a,0xcc,0x92,0xa0,0xe8,0x1a,0xa4,0x18,0x14,0x3e,0x48,0x98,0x3c,0xed,0x19,0xbb,0x15,0x43,0xe5,0x0f,0xca,0x5f,0x03,0xef,0x28,0x8d,0x58,0x72,0x10,0x42,0x58,0xc0,0x43,0xf5,0x30,0xfc,0xc3,0xe9,0x97,0xe1,0xfc,0xd9,0x2c,0x10,0x28,0x06,0x60,0x14,0x40,0xf5,0x2f,0x8d,0xc3,0x81,0xfc,0x87,0xcc,0x2f,0xe8,0xf7,0x3f,0x8c,0xff,0x00,0x3c,0x16,0x88,0x83,0xdf,0x80,0xc2,0x24,0x90,0xf0,0x03,0xe5,0xfc,0x67,0x9b,0xe8,0x40,0x05,0xfe,0x87,0xe0,0x01,0xe5,0xf8,0x07,0xc0,0x03,0xc0,0x1e,0x00,0xf0,0x07,0x18,0x44,0x02,0xa0,0xf7,0x80,0xcc,0x00,0x2b,0x80,0x2f,0x94,0x0d,0x1e,0x30,0xfc,0xcc,0xc7,0xc3,0x30,0x00,0x8f,0xc6,0x61,0x40,0x4a,0x26,0x0a,0x21,0x59,0x98,0xe8,0x66,0x1b,0x99,0x9f,0x66,0x61,0x20,0x0f,0x94,0x26,0x11,0x00,0x90,0x70,0x43,0xe5,0xbd,0x9b,0xfe,0x66,0x3a,0x08,0x3c,0x03,0x01,0x1b,0xf4,0x6e,0xad,0xd9,0x91,0xd9,0x79,0x66,0x9e,0x10,0x78,0xc4,0xe0,0x11,0x28,0xde,0x23,0x45,0x68,0xde,0xcc,0x83,0xe3,0x45,0x9a,0x07,0xca,0x17,0x00,0xa5,0x46,0xe9,0x19,0x2b,0x26,0xf4,0x96,0x33,0x1a,0x6c,0xdb,0xc3,0x33,0x07,0x94,0xa4,0x1e,0x71,0x99,0xbf,0xa6,0x65,0xf9,0x99,0x83,0xca,0x13,0x00,0xd2,0xc6,0xc9,0xe3,0x60,0x8c,0xcc,0x8b,0xe3,0xb1,0x98,0xe4,0x66,0xd2,0x08,0x24,0x02,0x2b,0x18,0x37,0x8d,0xc2,0x33,0x35,0x07,0x89,0x04,0x7b,0x33,0x4f,0x04,0x17,0x01,0xd4,0x8f,0xa3,0xc6,0x7e,0x9f,0x7e,0x00,0x3c,0x7a,0x50,0xfe,0x02,0xe4,0xa7,0xe0,0x15,0x4e,0x0e,0x02,0x24,0xbf,0x3f,0xf4,0x7c,0x02,0xa0,0xf2,0x85,0x3a,0x33,0xf1,0xff,0x07,0xec,0x82,0x00,0x0f,0x40,};
const uint8_t* const _I_Suica_TopUpPage2_0003[] = {_I_Suica_TopUpPage2_0003_0};

const uint8_t _I_Suica_TopUpPage2_0004_0[] = {0x01,0x00,0xd9,0x01,0x00,0x78,0x03,0xc0,0x1e,0x00,0xf0,0x07,0x80,0x3c,0x01,0xe0,0x0f,0x00,0x78,0x03,0xc0,0x1e,0x00,0xf0,0x02,0x68,0x23,0x40,0x53,0x87,0x83,0xf7,0x01,0xe1,0xff,0x80,0x06,0xfe,0x0f,0x9e,0x04,0x60,0x3f,0xb4,0x08,0x30,0x3f,0xa0,0x20,0xc5,0xf8,0x47,0xc1,0xe5,0xfc,0x81,0x83,0xc6,0x18,0x1d,0x69,0x80,0x7c,0xc5,0x83,0x40,0x0b,0x88,0x7d,0x6c,0xe1,0xf3,0x0e,0x0d,0x02,0x36,0x1f,0x6e,0x40,0x7c,0xe3,0x20,0xf1,0x88,0x07,0xdb,0x27,0x01,0x07,0x8d,0xf2,0x64,0x2f,0x88,0x04,0x92,0x06,0x0f,0x1c,0x05,0x90,0x9f,0x1f,0x0a,0x48,0x3c,0xa7,0x96,0x93,0x7c,0xd4,0xc1,0xe5,0x7c,0xb5,0x23,0xe6,0xac,0x0f,0x2e,0x00,0x3c,0x55,0xf1,0x54,0x1f,0x98,0x3c,0x59,0xeb,0xfe,0x9f,0x83,0xde,0x00,0xa2,0x10,0x01,0x40,0xac,0x00,0xf2,0x64,0x40,0x00,0x7f,0x56,0xf0,0x7a,0x7c,0x05,0x65,0xff,0x40,0x1f,0x8a,0xc6,0x0f,0x48,0x44,0x81,0x90,0x80,0x01,0xa6,0x5e,0x41,0xe9,0x04,0x56,0x18,0x3c,0xeb,0x11,0xd0,0x7a,0x49,0x22,0x40,0xf3,0xf0,0x7f,0xe1,0xf5,0x08,0x68,0x3d,0x28,0x91,0x10,0x79,0xc4,0x23,0x91,0x00,0x7b,0x61,0x05,0xe9,0xc8,0xac,0xc9,0x2a,0x0e,0x81,0xaa,0x2a,0x0b,0xc9,0x13,0x07,0x9d,0xa3,0x37,0x62,0xa8,0x7c,0xa1,0xf9,0x4b,0xe0,0x7d,0xe5,0x11,0xab,0x0e,0x42,0x08,0x4b,0x16,0xc1,0x07,0xe2,0x61,0xf9,0x87,0xd3,0x2f,0xc3,0xf9,0xb2,0x58,0x20,0x50,0x0c,0xc0,0x28,0x81,0xea,0x5f,0x1b,0x87,0x03,0xf9,0x0f,0x98,0x5f,0xd1,0xee,0x7f,0x19,0xfe,0x00,0x78,0x2d,0x11,0x07,0xbf,0x01,0x84,0x49,0x21,0xe0,0x07,0xcb,0xf8,0xcf,0x37,0xd0,0x80,0x0b,0xfd,0x0f,0xc0,0x03,0xcb,0xf0,0x0f,0x80,0x07,0x80,0x3c,0x01,0xe0,0x0e,0x30,0x88,0x05,0x41,0xef,0x01,0x98,0x00,0x57,0x00,0x5f,0x28,0x1a,0x3c,0x61,0xf9,0x99,0x8f,0x86,0x60,0x01,0x1f,0x8c,0xc2,0x80,0x94,0x4c,0x14,0x42,0xb3,0x31,0xd0,0xcc,0x37,0x33,0x3e,0xcc,0xc2,0x40,0x1f,0x28,0x4c,0x22,0x01,0x20,0xe0,0x87,0xcb,0x7b,0x37,0xfc,0xcc,0x74,0x10,0x70,0xf8,0xc6,0xfd,0x1b,0xab,0x76,0x64,0x76,0x5e,0x59,0xa7,0x84,0x1e,0x31,0x38,0x05,0x2a,0x37,0x88,0xd1,0x5a,0x37,0xb3,0x20,0xf8,0xd1,0x66,0x81,0xf2,0x85,0xc0,0x25,0x31,0xba,0x46,0x4a,0xc9,0xbd,0x25,0x8c,0xc6,0x9b,0x36,0xf0,0xcc,0xc1,0xe5,0xa5,0x07,0x9c,0x66,0x6f,0xe9,0x99,0x7e,0x66,0x60,0xf6,0x27,0x8d,0x82,0x33,0x32,0x2f,0x8e,0xc6,0x63,0x91,0x9b,0x48,0x01,0x63,0x15,0x8c,0x1b,0xc6,0xe1,0x19,0x9a,0x83,0xc4,0x82,0x3d,0x99,0xa7,0x83,0xe7,0xff,0xea,0xc7,0xd1,0xe3,0x3f,0x4f,0xbf,0x02,0x8f,0x00,0xea,0x43,0xf8,0x0b,0x92,0x9f,0x80,0x56,0x00,0xb0,0x18,0xba,0xfc,0xff,0xd1,0xf0,0x0a,0x82,0x46,0x05,0x20,0x74,0xef,0xf0,0x46,0x20,0x0f,0x00,0x10,};
const uint8_t* const _I_Suica_TopUpPage2_0004[] = {_I_Suica_TopUpPage2_0004_0};

const uint8_t _I_Suica_TopUpPage2_0005_0[] = {0x01,0x00,0xc7,0x01,0x00,0x78,0x03,0xc0,0x1e,0x00,0xf0,0x07,0x80,0x3c,0x01,0xe0,0x0f,0x00,0x78,0x03,0xc0,0x1e,0x00,0xf0,0x02,0x68,0x23,0x40,0x53,0x87,0x83,0xf7,0x01,0xe1,0xff,0x80,0x06,0xfe,0x0f,0x9e,0x04,0x60,0x3f,0xb4,0x08,0x30,0x3f,0xa0,0x20,0xc5,0xf8,0x47,0xc1,0xe5,0xfc,0x81,0x83,0xc4,0x3a,0xf3,0x00,0xf9,0x8b,0x04,0x1e,0xff,0x0b,0x38,0x7c,0xe1,0x81,0xf9,0xe4,0x07,0xce,0x32,0x1f,0x9c,0x9c,0x04,0x1e,0x37,0xc9,0x90,0x7e,0x64,0x90,0x30,0x78,0xe0,0x2c,0x81,0xf9,0xa4,0x83,0xca,0x79,0x69,0x37,0xcd,0x4c,0x1e,0x57,0xcb,0x52,0x3e,0x6a,0xc0,0xf2,0xe0,0x03,0xc5,0x5f,0x15,0x41,0xf9,0x83,0xc5,0x9e,0xbf,0xe9,0xf8,0x3d,0xe0,0x0a,0x21,0x00,0x14,0x0a,0xc0,0x0f,0x26,0x44,0x00,0x07,0xf5,0x6f,0x07,0xa7,0xc0,0x56,0x5f,0xf6,0x40,0x80,0x07,0xc5,0x63,0x07,0xa4,0x22,0x40,0xc8,0x40,0x00,0xd3,0x2f,0x20,0xf4,0x82,0x44,0x01,0xed,0x58,0x8e,0x83,0xd2,0x49,0x12,0x07,0x9f,0x83,0xff,0x0f,0xa8,0x43,0x41,0xe9,0x44,0x88,0x83,0xce,0x21,0x1c,0x88,0x03,0xdb,0x08,0x2f,0x4e,0x45,0x66,0x49,0x50,0x74,0x0d,0x51,0x50,0x5e,0x48,0x98,0x3c,0xed,0x19,0xbb,0x15,0x43,0xe5,0x0f,0xca,0x5f,0x03,0xef,0x28,0x8d,0x58,0x72,0x10,0x42,0x58,0xb6,0x08,0x3f,0x13,0x0f,0xcc,0x3e,0x99,0x7e,0x1f,0xcd,0x92,0xc1,0x02,0x80,0x66,0x01,0x44,0x0f,0x52,0xf8,0xdc,0x38,0x1f,0xc8,0x7c,0xc2,0xfe,0x8f,0x73,0xf8,0xcf,0xf0,0x03,0xc1,0x68,0x88,0x3d,0xf8,0x0c,0x22,0x49,0x0f,0x00,0x3e,0x5f,0xc6,0x79,0xbe,0x84,0x00,0x5f,0xe8,0x7e,0x00,0x1e,0x5f,0x80,0x7c,0x00,0x3c,0x01,0xe0,0x0f,0x00,0x71,0x84,0x40,0x2a,0x0f,0x78,0x0c,0xc0,0x02,0xb8,0x02,0xf9,0x40,0xd1,0xe3,0x0f,0xcc,0xcc,0x7c,0x33,0x00,0x08,0xfc,0x66,0x14,0x04,0xa2,0x60,0xa2,0x15,0x99,0x8e,0x86,0x61,0xb9,0x99,0xf6,0x66,0x12,0x00,0xf9,0x42,0x61,0x10,0x09,0x07,0x04,0x3e,0x5b,0xd9,0xbf,0xe6,0x63,0xa0,0xf3,0xf9,0xf9,0xf1,0xbf,0x46,0xea,0xdd,0x99,0x1d,0x97,0x96,0x69,0xe1,0x07,0x8f,0xcf,0xe7,0xe7,0x8d,0xe2,0x34,0x56,0x8d,0xec,0xc8,0x3e,0x34,0x59,0xa0,0x7c,0xbf,0x3f,0x9f,0x9c,0x6e,0x91,0x92,0xb2,0x6f,0x49,0x63,0x31,0xa6,0xcd,0xbc,0x33,0x3d,0x07,0xf3,0xf9,0xf9,0x07,0x9c,0x66,0x6f,0xe9,0x99,0x7e,0x66,0x60,0xf2,0x27,0x94,0x6c,0x9e,0x36,0x08,0xcc,0xc8,0xbe,0x3b,0x19,0x8e,0x46,0x6d,0x20,0x37,0x94,0x60,0xde,0x37,0x08,0xcc,0xd4,0x1e,0x24,0x11,0xec,0xcd,0x11,0x42,0x00,0x18,0xf8,0x10,0x67,0xe9,0xf7,0xe0,0x03,0xca,0x1e,0x04,0x15,0xc8,0xcf,0xc0,0x2a,0xbf,0x7f,0xf4,0x7c,0x02,0xae,0x7f,0x00,0x78,0x01,0xc0,};
const uint8_t* const _I_Suica_TopUpPage2_0005[] = {_I_Suica_TopUpPage2_0005_0};

const uint8_t _I_Suica_TopUpPage2_0006_0[] = {0x01,0x00,0xc7,0x01,0x00,0x78,0x03,0xc0,0x1e,0x00,0xf0,0x07,0x80,0x3c,0x01,0xe0,0x0f,0x00,0x78,0x03,0xc0,0x1e,0x00,0xf0,0x02,0x68,0x23,0x40,0x53,0x87,0x83,0xf7,0x01,0xe1,0xff,0x80,0x06,0xfe,0x0f,0x9e,0x04,0x60,0x3f,0xb4,0x08,0x30,0x3f,0xa0,0x20,0xc5,0xf8,0x47,0xc1,0xe5,0xfc,0x81,0x83,0xc4,0x3a,0xf3,0x00,0xf9,0x8b,0x04,0x1e,0xff,0x0b,0x38,0x7c,0xe1,0x81,0xf9,0xe4,0x07,0xce,0x32,0x1f,0x9c,0x9c,0x04,0x1e,0x37,0xc9,0x90,0x7e,0x64,0x90,0x30,0x78,0xe0,0x2c,0x81,0xf9,0xa4,0x83,0xca,0x79,0x69,0x37,0xcd,0x4c,0x1e,0x57,0xcb,0x52,0x3e,0x6a,0xc0,0xf2,0xe0,0x03,0xc5,0x5f,0x15,0x41,0xf9,0x83,0xc5,0x9e,0xbf,0xe9,0xf8,0x3d,0xe0,0x0a,0x21,0x00,0x14,0x0a,0xc0,0x0f,0x26,0x44,0x00,0x07,0xf5,0x6f,0x07,0xa7,0xc0,0x56,0x5f,0xf6,0x40,0x80,0x07,0xc5,0x63,0x07,0xa4,0x22,0x40,0xc8,0x40,0x00,0xd3,0x2f,0x20,0xf4,0x82,0x44,0x01,0xed,0x58,0x8e,0x83,0xd2,0x49,0x12,0x07,0x9f,0x83,0xff,0x0f,0xa8,0x43,0x41,0xe9,0x44,0x88,0x83,0xce,0x21,0x1c,0x88,0x03,0xdb,0x08,0x2f,0x4e,0x45,0x66,0x49,0x50,0x74,0x0d,0x51,0x50,0x5e,0x48,0x98,0x3c,0xed,0x19,0xbb,0x15,0x43,0xe5,0x0f,0xca,0x5f,0x03,0xef,0x28,0x8d,0x58,0x72,0x10,0x42,0x58,0xb6,0x08,0x3f,0x13,0x0f,0xcc,0x3e,0x99,0x7e,0x1f,0xcd,0x92,0xc1,0x02,0x80,0x66,0x01,0x44,0x0f,0x52,0xf8,0xdc,0x38,0x1f,0xc8,0x7c,0xc2,0xfe,0x8f,0x73,0xf8,0xcf,0xf0,0x03,0xc1,0x68,0x88,0x3d,0xf8,0x0c,0x22,0x49,0x0f,0x00,0x3e,0x5f,0xc6,0x79,0xbe,0x84,0x00,0x5f,0xe8,0x7e,0x00,0x1e,0x5f,0x80,0x7c,0x00,0x3c,0x01,0xe0,0x0f,0x00,0x71,0x84,0x40,0x2a,0x0f,0x78,0x0c,0xc0,0x02,0xb8,0x02,0xf9,0x40,0xd1,0xe3,0x0f,0xcc,0xcc,0x7c,0x33,0x00,0x08,0xfc,0x66,0x14,0x04,0xa2,0x60,0xa2,0x15,0x99,0x8e,0x86,0x61,0xb9,0x99,0xf6,0x66,0x12,0x00,0xf9,0x42,0x61,0x10,0x09,0x07,0x04,0x3e,0x5b,0xd9,0xbf,0xe6,0x63,0xa0,0xf3,0xf9,0xf9,0xf1,0xbf,0x46,0xea,0xdd,0x99,0x1d,0x97,0x96,0x69,0xe1,0x07,0x8f,0xcf,0xe7,0xe7,0x8d,0xe2,0x34,0x56,0x8d,0xec,0xc8,0x3e,0x34,0x59,0xa0,0x7c,0xbf,0x3f,0x9f,0x9c,0x6e,0x91,0x92,0xb2,0x6f,0x49,0x63,0x31,0xa6,0xcd,0xbc,0x33,0x3d,0x07,0xf3,0xf9,0xf9,0x07,0x9c,0x66,0x6f,0xe9,0x99,0x7e,0x66,0x60,0xf2,0x27,0x94,0x6c,0x9e,0x36,0x08,0xcc,0xc8,0xbe,0x3b,0x19,0x8e,0x46,0x6d,0x20,0x37,0x94,0x60,0xde,0x37,0x08,0xcc,0xd4,0x1e,0x24,0x11,0xec,0xcd,0x11,0x42,0x00,0x18,0xf8,0x10,0x67,0xe9,0xf7,0xe0,0x03,0xca,0x1e,0x04,0x15,0xc8,0xcf,0xc0,0x2a,0xbf,0x7f,0xf4,0x7c,0x02,0xae,0x7f,0x00,0x78,0x01,0xc0,};
const uint8_t* const _I_Suica_TopUpPage2_0006[] = {_I_Suica_TopUpPage2_0006_0};

const uint8_t _I_Suica_TopUpPage2_0007_0[] = {0x01,0x00,0xd6,0x01,0x00,0x78,0x03,0xc0,0x1e,0x00,0xf0,0x07,0x80,0x3c,0x01,0xe0,0x0f,0x00,0x78,0x03,0xc0,0x1e,0x00,0xf0,0x02,0x68,0x23,0x40,0x53,0x87,0x83,0xf7,0x01,0xe1,0xff,0x80,0x06,0xfe,0x0f,0x9e,0x04,0x60,0x3f,0xb4,0x08,0x30,0x3f,0xa0,0x20,0xc5,0xf8,0x47,0xc1,0xe5,0xfc,0x81,0x83,0xc4,0x3a,0xf3,0x00,0xf9,0x8b,0x04,0x1e,0xff,0x0b,0x38,0x7c,0xe1,0x81,0xf9,0xe4,0x07,0xce,0x32,0x1f,0x9c,0x9c,0x04,0x1e,0x37,0xc9,0x90,0x7e,0x64,0x90,0x30,0x78,0xe0,0x2c,0x81,0xf9,0xa4,0x83,0xca,0x79,0x69,0x37,0xcd,0x4c,0x1e,0x57,0xcb,0x52,0x3e,0x6a,0xc0,0xf2,0xe0,0x03,0xc5,0x5f,0x15,0x41,0xf9,0x83,0xc5,0x9e,0xbf,0xe9,0xf8,0x3d,0xe0,0x0a,0x21,0x00,0x14,0x0a,0xc0,0x0f,0x26,0x44,0x00,0x07,0xf5,0x6f,0x07,0xa7,0xc0,0x56,0x5f,0xf6,0x40,0x80,0x07,0xc5,0x63,0x07,0xa4,0x22,0x40,0xc8,0x40,0x00,0xd3,0x2f,0x20,0xf4,0x82,0x44,0x01,0xed,0x58,0x8e,0x83,0xd2,0x49,0x12,0x07,0x9f,0x83,0xff,0x0f,0xa8,0x43,0x41,0xe9,0x44,0x88,0x83,0xce,0x21,0x1c,0x88,0x03,0xdb,0x08,0x2f,0x4e,0x45,0x66,0x49,0x50,0x74,0x0d,0x51,0x50,0x5e,0x48,0x98,0x3c,0xed,0x19,0xbb,0x15,0x43,0xe5,0x0f,0xca,0x5f,0x03,0xef,0x28,0x8d,0x58,0x72,0x10,0x42,0x58,0xb6,0x08,0x3f,0x13,0x0f,0xcc,0x3e,0x99,0x7e,0x1f,0xcd,0x92,0xc1,0x02,0x80,0x66,0x01,0x44,0x0f,0x52,0xf8,0xdc,0x38,0x1f,0xc8,0x7c,0xc2,0xfe,0x8f,0x73,0xf8,0xcf,0xf0,0x03,0xc1,0x68,0x88,0x3d,0xf8,0x0c,0x22,0x49,0x0f,0x00,0x3e,0x5f,0xc6,0x79,0xbe,0x84,0x00,0x5f,0xe8,0x7e,0x00,0x1e,0x5f,0x80,0x7c,0x00,0x3c,0x01,0xe0,0x0f,0x00,0x71,0x84,0x80,0x64,0x05,0x30,0x02,0xc0,0x66,0x1f,0xe9,0xf8,0x0c,0x40,0x23,0x80,0x2f,0x94,0x0d,0x1e,0x30,0xfc,0xcc,0xc6,0x05,0x20,0xf0,0xcc,0x3e,0x33,0x0a,0x02,0x51,0x30,0x51,0x0a,0xcc,0xc7,0x85,0x21,0xdc,0xcc,0xfb,0x33,0x09,0x00,0x7c,0xa1,0x30,0x88,0x04,0x83,0x83,0x31,0xa1,0x48,0x77,0xb3,0x7f,0xcc,0xc7,0x41,0xe7,0xf3,0xf3,0xe3,0x7e,0x8d,0xd5,0xbb,0x33,0x30,0x0f,0x8f,0x96,0x69,0xe1,0x07,0x8f,0xcf,0xe7,0xe7,0x8d,0xe2,0x34,0x56,0x8d,0xec,0xc8,0x7e,0x34,0x59,0xa0,0x7c,0xbf,0x3f,0x9f,0x9c,0x6e,0x91,0x92,0xb2,0x6f,0x43,0xe5,0x4d,0x9b,0x78,0x66,0x7a,0x0f,0xe7,0xf3,0xf2,0x0f,0x38,0xcc,0xdf,0xc5,0x23,0xfc,0xcc,0xc1,0xe4,0x4f,0x28,0xd9,0x3c,0x6c,0x11,0x99,0x97,0x4a,0x4b,0xb1,0x98,0xe4,0x66,0xd2,0x03,0x79,0x46,0x0d,0xe3,0x70,0x8c,0xcd,0x4b,0xe2,0x7f,0x1e,0xcc,0xd1,0x14,0x20,0x01,0x8f,0x81,0x05,0x36,0x40,0xf1,0x4f,0x9f,0x00,0x1e,0x50,0xf0,0x20,0xae,0x46,0x7e,0x5f,0x10,0x18,0x80,0x45,0x7e,0xff,0xe8,0xfa,0xfc,0x40,0x64,0xcf,0x80,0x07,0x80,0x3c,};
const uint8_t* const _I_Suica_TopUpPage2_0007[] = {_I_Suica_TopUpPage2_0007_0};

const uint8_t _I_Suica_TopUpPage2_0008_0[] = {0x01,0x00,0xd6,0x01,0x00,0x78,0x03,0xc0,0x1e,0x00,0xf0,0x07,0x80,0x3c,0x01,0xe0,0x0f,0x00,0x78,0x03,0xc0,0x1e,0x00,0xf0,0x02,0x68,0x23,0x40,0x53,0x87,0x83,0xf7,0x01,0xe1,0xff,0x80,0x06,0xfe,0x0f,0x9e,0x04,0x60,0x3f,0xb4,0x08,0x30,0x3f,0xa0,0x20,0xc5,0xf8,0x47,0xc1,0xe5,0xfc,0x81,0x83,0xc4,0x3a,0xf3,0x00,0xf9,0x8b,0x04,0x1e,0xff,0x0b,0x38,0x7c,0xe1,0x81,0xf9,0xe4,0x07,0xce,0x32,0x1f,0x9c,0x9c,0x04,0x1e,0x37,0xc9,0x90,0x7e,0x64,0x90,0x30,0x78,0xe0,0x2c,0x81,0xf9,0xa4,0x83,0xca,0x79,0x69,0x37,0xcd,0x4c,0x1e,0x57,0xcb,0x52,0x3e,0x6a,0xc0,0xf2,0xe0,0x03,0xc5,0x5f,0x15,0x41,0xf9,0x83,0xc5,0x9e,0xbf,0xe9,0xf8,0x3d,0xe0,0x0a,0x21,0x00,0x14,0x0a,0xc0,0x0f,0x26,0x44,0x00,0x07,0xf5,0x6f,0x07,0xa7,0xc0,0x56,0x5f,0xf6,0x40,0x80,0x07,0xc5,0x63,0x07,0xa4,0x22,0x40,0xc8,0x40,0x00,0xd3,0x2f,0x20,0xf4,0x82,0x44,0x01,0xed,0x58,0x8e,0x83,0xd2,0x49,0x12,0x07,0x9f,0x83,0xff,0x0f,0xa8,0x43,0x41,0xe9,0x44,0x88,0x83,0xce,0x21,0x1c,0x88,0x03,0xdb,0x08,0x2f,0x4e,0x45,0x66,0x49,0x50,0x74,0x0d,0x51,0x50,0x5e,0x48,0x98,0x3c,0xed,0x19,0xbb,0x15,0x43,0xe5,0x0f,0xca,0x5f,0x03,0xef,0x28,0x8d,0x58,0x72,0x10,0x42,0x58,0xb6,0x08,0x3f,0x13,0x0f,0xcc,0x3e,0x99,0x7e,0x1f,0xcd,0x92,0xc1,0x02,0x80,0x66,0x01,0x44,0x0f,0x52,0xf8,0xdc,0x38,0x1f,0xc8,0x7c,0xc2,0xfe,0x8f,0x73,0xf8,0xcf,0xf0,0x03,0xc1,0x68,0x88,0x3d,0xf8,0x0c,0x22,0x49,0x0f,0x00,0x3e,0x5f,0xc6,0x79,0xbe,0x84,0x00,0x5f,0xe8,0x7e,0x00,0x1e,0x5f,0x80,0x7c,0x00,0x3c,0x01,0xe0,0x0f,0x00,0x71,0x84,0x80,0x64,0x05,0x30,0x02,0xc0,0x66,0x1f,0xe9,0xf8,0x0c,0x40,0x23,0x80,0x2f,0x94,0x0d,0x1e,0x30,0xfc,0xcc,0xc6,0x05,0x20,0xf0,0xcc,0x3e,0x33,0x0a,0x02,0x51,0x30,0x51,0x0a,0xcc,0xc7,0x85,0x21,0xdc,0xcc,0xfb,0x33,0x09,0x00,0x7c,0xa1,0x30,0x88,0x04,0x83,0x83,0x31,0xa1,0x48,0x77,0xb3,0x7f,0xcc,0xc7,0x41,0xe7,0xf3,0xf3,0xe3,0x7e,0x8d,0xd5,0xbb,0x33,0x30,0x0f,0x8f,0x96,0x69,0xe1,0x07,0x8f,0xcf,0xe7,0xe7,0x8d,0xe2,0x34,0x56,0x8d,0xec,0xc8,0x7e,0x34,0x59,0xa0,0x7c,0xbf,0x3f,0x9f,0x9c,0x6e,0x91,0x92,0xb2,0x6f,0x43,0xe5,0x4d,0x9b,0x78,0x66,0x7a,0x0f,0xe7,0xf3,0xf2,0x0f,0x38,0xcc,0xdf,0xc5,0x23,0xfc,0xcc,0xc1,0xe4,0x4f,0x28,0xd9,0x3c,0x6c,0x11,0x99,0x97,0x4a,0x4b,0xb1,0x98,0xe4,0x66,0xd2,0x03,0x79,0x46,0x0d,0xe3,0x70,0x8c,0xcd,0x4b,0xe2,0x7f,0x1e,0xcc,0xd1,0x14,0x20,0x01,0x8f,0x81,0x05,0x36,0x40,0xf1,0x4f,0x9f,0x00,0x1e,0x50,0xf0,0x20,0xae,0x46,0x7e,0x5f,0x10,0x18,0x80,0x45,0x7e,0xff,0xe8,0xfa,0xfc,0x40,0x64,0xcf,0x80,0x07,0x80,0x3c,};
const uint8_t* const _I_Suica_TopUpPage2_0008[] = {_I_Suica_TopUpPage2_0008_0};

const uint8_t _I_Suica_TopUpPage2_0009_0[] = {0x01,0x00,0xdb,0x01,0x00,0x78,0x03,0xc0,0x1e,0x00,0xf0,0x07,0x80,0x3c,0x01,0xe0,0x0f,0x00,0x78,0x03,0xc0,0x1e,0x00,0xf0,0x02,0x68,0x23,0x40,0x53,0x87,0x83,0xf7,0x01,0xe1,0xff,0x80,0x06,0xfe,0x0f,0x9e,0x04,0x60,0x3f,0xb4,0x08,0x30,0x3f,0xa0,0x20,0xc5,0xf8,0x47,0xc1,0xe5,0xfc,0x81,0x83,0xc4,0x3a,0xf3,0x00,0xf9,0x8b,0x04,0x1e,0xff,0x0b,0x38,0x7c,0xe1,0x81,0xf9,0xe4,0x07,0xce,0x32,0x1f,0x9c,0x9c,0x04,0x1e,0x37,0xc9,0x90,0x7e,0x64,0x90,0x30,0x78,0xe0,0x2c,0x81,0xf9,0xa4,0x83,0xca,0x79,0x69,0x37,0xcd,0x4c,0x1e,0x57,0xcb,0x52,0x3e,0x6a,0xc0,0xf2,0xe0,0x03,0xc5,0x5f,0x15,0x41,0xf9,0x83,0xc5,0x9e,0xbf,0xe9,0xf8,0x3d,0xe0,0x0a,0x21,0x00,0x14,0x0a,0xc0,0x0f,0x26,0x44,0x00,0x07,0xf5,0x6f,0x07,0xa7,0xc0,0x56,0x5f,0xf6,0x40,0x80,0x07,0xc5,0x63,0x07,0xa4,0x22,0x40,0xc8,0x40,0x00,0xd3,0x2f,0x20,0xf4,0x82,0x44,0x01,0xed,0x58,0x8e,0x83,0xd2,0x49,0x12,0x07,0xa7,0xc2,0x1f,0x50,0x86,0x83,0xd2,0x89,0x11,0x07,0x9f,0x02,0x3f,0x10,0x07,0xb6,0x10,0x5e,0x92,0x0a,0xc4,0x92,0xa0,0xe8,0x1a,0xa2,0xa0,0xbc,0x91,0x30,0x79,0xe4,0x32,0x76,0x2a,0x87,0xca,0x1f,0x94,0xbe,0x07,0xdf,0xa1,0x16,0xb0,0xe4,0x20,0x84,0xb1,0x6c,0x10,0x7d,0x6a,0x19,0x4b,0x14,0xc3,0xf3,0x0f,0xa6,0x5f,0x83,0xf1,0x56,0xb2,0x58,0x20,0x50,0x0c,0xc0,0x28,0x81,0xeb,0x90,0x89,0xdc,0x38,0x1f,0xc8,0x7c,0xc2,0xfe,0x8f,0x79,0x07,0xe2,0x7f,0x80,0x1e,0x0b,0x44,0x41,0xef,0xc0,0x61,0x17,0xfe,0x1f,0xc0,0x0f,0x97,0xf1,0x9e,0x6f,0xa1,0x00,0x17,0xfa,0x1f,0x80,0x07,0x97,0xe0,0x1f,0x00,0x0f,0x00,0x78,0x03,0xc0,0x1c,0x61,0x20,0x19,0x01,0x4c,0x00,0xb0,0x19,0x87,0xfa,0x7e,0x03,0x10,0x08,0xe0,0x0b,0xe5,0x03,0xf0,0x1f,0x07,0x33,0x31,0x81,0x48,0x3c,0x33,0x0f,0x8c,0xc2,0x80,0x94,0x4c,0x14,0x42,0xb3,0x31,0xe1,0x48,0x77,0x33,0x3e,0xca,0xa8,0x43,0xe5,0x09,0x84,0x40,0x24,0x1c,0x19,0x8d,0x0a,0x43,0xbd,0x9b,0xfe,0x66,0x3a,0x0f,0x3f,0x9f,0x9f,0x1b,0xf4,0x6e,0xad,0xd9,0x99,0x80,0x7c,0x7c,0xb3,0x4f,0x08,0x3c,0x7e,0x7f,0x3f,0x3c,0x6f,0x11,0xa2,0xb4,0x6f,0x66,0x43,0xf1,0xa2,0xcd,0x03,0xe5,0xf9,0xfc,0xfc,0xe3,0x74,0x8c,0x95,0x93,0x7a,0x1f,0x2a,0x6c,0xdb,0xc3,0x33,0xd0,0x7f,0x3f,0x9f,0x90,0x79,0xc6,0x66,0xfe,0x29,0x1f,0xe6,0x66,0x0f,0x22,0x79,0x46,0xc9,0xe3,0x60,0x8c,0xcc,0xba,0x52,0x5d,0x8c,0xc7,0x23,0x36,0x90,0x1b,0xca,0x30,0x6f,0x1b,0x84,0x66,0x6a,0x5f,0x13,0xf8,0xf6,0x66,0x88,0xa1,0x00,0x0c,0x7c,0x08,0x29,0xb2,0x07,0x8a,0x7c,0xf8,0x00,0xf2,0x87,0x81,0x05,0x72,0x33,0xf2,0xf8,0x80,0xc4,0x02,0x2b,0xf7,0xff,0x47,0xd7,0xe2,0x03,0x26,0x7c,0x00,0x3c,0x01,0xe0,};
const uint8_t* const _I_Suica_TopUpPage2_0009[] = {_I_Suica_TopUpPage2_0009_0};

const uint8_t _I_Suica_TopUpPage2_0010_0[] = {0x01,0x00,0xdb,0x01,0x00,0x78,0x03,0xc0,0x1e,0x00,0xf0,0x07,0x80,0x3c,0x01,0xe0,0x0f,0x00,0x78,0x03,0xc0,0x1e,0x00,0xf0,0x02,0x68,0x23,0x40,0x53,0x87,0x83,0xf7,0x01,0xe1,0xff,0x80,0x06,0xfe,0x0f,0x9e,0x04,0x60,0x3f,0xb4,0x08,0x30,0x3f,0xa0,0x20,0xc5,0xf8,0x47,0xc1,0xe5,0xfc,0x81,0x83,0xc4,0x3a,0xf3,0x00,0xf9,0x8b,0x04,0x1e,0xff,0x0b,0x38,0x7c,0xe1,0x81,0xf9,0xe4,0x07,0xce,0x32,0x1f,0x9c,0x9c,0x04,0x1e,0x37,0xc9,0x90,0x7e,0x64,0x90,0x30,0x78,0xe0,0x2c,0x81,0xf9,0xa4,0x83,0xca,0x79,0x69,0x37,0xcd,0x4c,0x1e,0x57,0xcb,0x52,0x3e,0x6a,0xc0,0xf2,0xe0,0x03,0xc5,0x5f,0x15,0x41,0xf9,0x83,0xc5,0x9e,0xbf,0xe9,0xf8,0x3d,0xe0,0x0a,0x21,0x00,0x14,0x0a,0xc0,0x0f,0x26,0x44,0x00,0x07,0xf5,0x6f,0x07,0xa7,0xc0,0x56,0x5f,0xf6,0x40,0x80,0x07,0xc5,0x63,0x07,0xa4,0x22,0x40,0xc8,0x40,0x00,0xd3,0x2f,0x20,0xf4,0x82,0x44,0x01,0xed,0x58,0x8e,0x83,0xd2,0x49,0x12,0x07,0xa7,0xc2,0x1f,0x50,0x86,0x83,0xd2,0x89,0x11,0x07,0x9f,0x02,0x3f,0x10,0x07,0xb6,0x10,0x5e,0x92,0x0a,0xc4,0x92,0xa0,0xe8,0x1a,0xa2,0xa0,0xbc,0x91,0x30,0x79,0xe4,0x32,0x76,0x2a,0x87,0xca,0x1f,0x94,0xbe,0x07,0xdf,0xa1,0x16,0xb0,0xe4,0x20,0x84,0xb1,0x6c,0x10,0x7d,0x6a,0x19,0x4b,0x14,0xc3,0xf3,0x0f,0xa6,0x5f,0x83,0xf1,0x56,0xb2,0x58,0x20,0x50,0x0c,0xc0,0x28,0x81,0xeb,0x90,0x89,0xdc,0x38,0x1f,0xc8,0x7c,0xc2,0xfe,0x8f,0x79,0x07,0xe2,0x7f,0x80,0x1e,0x0b,0x44,0x41,0xef,0xc0,0x61,0x17,0xfe,0x1f,0xc0,0x0f,0x97,0xf1,0x9e,0x6f,0xa1,0x00,0x17,0xfa,0x1f,0x80,0x07,0x97,0xe0,0x1f,0x00,0x0f,0x00,0x78,0x03,0xc0,0x1c,0x61,0x20,0x19,0x01,0x4c,0x00,0xb0,0x19,0x87,0xfa,0x7e,0x03,0x10,0x08,0xe0,0x0b,0xe5,0x03,0xf0,0x1f,0x07,0x33,0x31,0x81,0x48,0x3c,0x33,0x0f,0x8c,0xc2,0x80,0x94,0x4c,0x14,0x42,0xb3,0x31,0xe1,0x48,0x77,0x33,0x3e,0xca,0xa8,0x43,0xe5,0x09,0x84,0x40,0x24,0x1c,0x19,0x8d,0x0a,0x43,0xbd,0x9b,0xfe,0x66,0x3a,0x0f,0x3f,0x9f,0x9f,0x1b,0xf4,0x6e,0xad,0xd9,0x99,0x80,0x7c,0x7c,0xb3,0x4f,0x08,0x3c,0x7e,0x7f,0x3f,0x3c,0x6f,0x11,0xa2,0xb4,0x6f,0x66,0x43,0xf1,0xa2,0xcd,0x03,0xe5,0xf9,0xfc,0xfc,0xe3,0x74,0x8c,0x95,0x93,0x7a,0x1f,0x2a,0x6c,0xdb,0xc3,0x33,0xd0,0x7f,0x3f,0x9f,0x90,0x79,0xc6,0x66,0xfe,0x29,0x1f,0xe6,0x66,0x0f,0x22,0x79,0x46,0xc9,0xe3,0x60,0x8c,0xcc,0xba,0x52,0x5d,0x8c,0xc7,0x23,0x36,0x90,0x1b,0xca,0x30,0x6f,0x1b,0x84,0x66,0x6a,0x5f,0x13,0xf8,0xf6,0x66,0x88,0xa1,0x00,0x0c,0x7c,0x08,0x29,0xb2,0x07,0x8a,0x7c,0xf8,0x00,0xf2,0x87,0x81,0x05,0x72,0x33,0xf2,0xf8,0x80,0xc4,0x02,0x2b,0xf7,0xff,0x47,0xd7,0xe2,0x03,0x26,0x7c,0x00,0x3c,0x01,0xe0,};
const uint8_t* const _I_Suica_TopUpPage2_0010[] = {_I_Suica_TopUpPage2_0010_0};

const uint8_t _I_Suica_TopUpPage2_0011_0[] = {0x01,0x00,0xd3,0x01,0x00,0x78,0x03,0xc0,0x1e,0x00,0xf0,0x07,0x80,0x3c,0x01,0xe0,0x0f,0x00,0x78,0x03,0xc0,0x1e,0x00,0xf0,0x05,0x43,0xc1,0xdb,0x80,0xf0,0xff,0xc0,0x03,0x7f,0x07,0xcf,0x02,0x30,0x1f,0xda,0x04,0x18,0x1f,0xd0,0x10,0x3a,0xfc,0x23,0xf8,0x01,0xc1,0x40,0xc1,0xe2,0x18,0x79,0x80,0x10,0xc5,0x82,0x0f,0x7f,0x85,0x9c,0x3e,0x70,0xc0,0xfc,0xf2,0x00,0x87,0x19,0x0f,0xce,0x4f,0x02,0x77,0x29,0x90,0x7e,0x64,0x84,0xb1,0x46,0x0d,0x90,0x3f,0x34,0x9c,0x18,0x7c,0x67,0xf6,0x93,0x7c,0xd4,0xc1,0xe5,0x7f,0xb5,0x23,0xe6,0xac,0x2f,0x2e,0x00,0x3c,0x55,0xf1,0x54,0x1f,0x98,0x3c,0x59,0xeb,0xfe,0x9f,0x83,0xde,0x00,0x06,0x20,0x00,0xc0,0xac,0x00,0xf4,0x00,0x47,0xea,0xde,0x0f,0x4f,0x80,0xac,0xbf,0xf1,0xf0,0x79,0x78,0xac,0x60,0xf4,0x84,0x48,0x19,0x0d,0x4c,0xbc,0x83,0xd2,0x09,0x10,0x07,0xb5,0x62,0x3a,0x0f,0x49,0x24,0x48,0x1e,0x9f,0x08,0x7d,0x42,0x1a,0x0f,0x4a,0x24,0x44,0x1e,0x7c,0x08,0xfc,0x40,0x1e,0xd8,0x41,0x7a,0x48,0x2b,0x12,0x4a,0x83,0xa0,0x6a,0x8a,0x82,0xf2,0x44,0xc1,0xe7,0x90,0xc9,0xd8,0xaa,0x1f,0x28,0x7e,0x52,0xf8,0x1f,0x7e,0x84,0x5a,0xc3,0x90,0x82,0x12,0xc5,0xb0,0x41,0xf5,0xa8,0x65,0x2c,0x53,0x0f,0xcc,0x3e,0x99,0x7e,0x0f,0xc5,0x5a,0xc9,0x60,0x81,0x40,0x33,0x00,0xa2,0x07,0xae,0x42,0x27,0x70,0xe0,0x7f,0x21,0xf3,0x0b,0xfa,0x3d,0xe4,0x1f,0x89,0xfe,0x00,0x78,0x2d,0x11,0x07,0xbf,0x01,0x84,0x5f,0xf8,0x7f,0x00,0x3e,0x5f,0xc6,0x79,0xbe,0x84,0x00,0x5f,0xe8,0x7e,0x00,0x1e,0x5f,0x80,0x7c,0x00,0x3c,0x01,0xe0,0x0f,0x00,0x71,0x84,0x80,0x64,0x05,0x30,0x02,0xc0,0x66,0x1f,0xe9,0xf8,0x0c,0x40,0x23,0x80,0x2f,0x94,0x0f,0xc0,0x7c,0x1c,0xcc,0xc6,0x05,0x20,0xf0,0xcc,0x3e,0x33,0x0a,0x02,0x51,0x30,0x51,0x0a,0xcc,0xc7,0x85,0x21,0xdc,0xcc,0xfb,0x2a,0xa1,0x0f,0x94,0x26,0x11,0x00,0x90,0x70,0x66,0x34,0x29,0x0e,0xf6,0x6f,0xf9,0x98,0xe8,0x3c,0xfe,0x7e,0x7c,0x6f,0xd1,0xba,0xb7,0x66,0x66,0x01,0xf1,0xf2,0xcd,0x3c,0x20,0xf1,0xf9,0xfc,0xfc,0xf1,0xbc,0x46,0x8a,0xd1,0xbd,0x99,0x0f,0xc6,0x8b,0x34,0x0f,0x97,0xe7,0xf3,0xf3,0x8d,0xd2,0x32,0x56,0x4d,0xe8,0x7c,0xa9,0xb3,0x6f,0x0c,0xcf,0x41,0xfc,0xfe,0x7e,0x41,0xe7,0x19,0x9b,0xf8,0xa4,0x7f,0x99,0x98,0x3c,0x89,0xe5,0x1b,0x27,0x8d,0x82,0x33,0x32,0xe9,0x49,0x76,0x33,0x1c,0x8c,0xda,0x40,0x6f,0x28,0xc1,0xbc,0x6e,0x11,0x99,0xa9,0x7c,0x4f,0xe3,0xd9,0x9a,0x22,0x84,0x00,0x31,0xf0,0x20,0xa6,0xc8,0x1e,0x29,0xf3,0xe0,0x03,0xca,0x1e,0x04,0x15,0xc8,0xcf,0xcb,0xe2,0x03,0x10,0x08,0xaf,0xdf,0xfd,0x1f,0x5f,0x88,0x0c,0x99,0xf0,0x00,0xf0,0x07,0x80,};
const uint8_t* const _I_Suica_TopUpPage2_0011[] = {_I_Suica_TopUpPage2_0011_0};

const uint8_t _I_Suica_TopUpPage2_0012_0[] = {0x01,0x00,0xd1,0x01,0x00,0x78,0x03,0xc0,0x1e,0x00,0xf0,0x07,0x80,0x3c,0x01,0xe0,0x0f,0x00,0x78,0x03,0xc0,0x1e,0x00,0x2a,0xa4,0x0c,0x1f,0xe0,0x75,0x87,0x83,0xf7,0x01,0xe1,0xff,0x80,0x06,0xfe,0x0f,0x9e,0x04,0x60,0x3e,0xd5,0x60,0x7a,0xd0,0x20,0xc0,0xf6,0xa9,0x83,0xda,0x02,0x0e,0x5f,0x85,0x27,0x06,0x38,0x20,0x98,0xd0,0x0b,0xef,0x24,0x0f,0x98,0xb0,0x41,0xef,0xf0,0xc9,0xe0,0x43,0xe5,0x0c,0x0f,0xcf,0x20,0x08,0x71,0x90,0xfc,0xd9,0xf0,0x07,0x72,0x99,0x07,0xe6,0x60,0x8c,0x3b,0x20,0x7e,0x63,0xe1,0xf2,0x9f,0xda,0x4d,0xf3,0x0f,0x17,0x9d,0xa9,0x1f,0x2a,0xc4,0x07,0x8a,0xbe,0x19,0x88,0x0f,0x16,0x7a,0xff,0xa7,0xe0,0xf7,0x80,0x2d,0x92,0x05,0x60,0x12,0xd0,0x00,0xbf,0x56,0xf2,0xa2,0x8a,0xcb,0xff,0x1f,0x04,0x17,0x8a,0xc6,0xff,0x48,0x44,0x81,0x10,0xd4,0xcb,0xc8,0x3d,0x20,0x91,0x00,0x7b,0x56,0x23,0xa0,0xf4,0x92,0x44,0x81,0xe8,0x8b,0x1a,0x84,0x34,0x1e,0x94,0x48,0x88,0x3c,0xf8,0x11,0xf8,0x80,0x3d,0xb0,0x82,0xf4,0x90,0x56,0x24,0x95,0x07,0x40,0xd5,0x15,0x05,0xe4,0x89,0x83,0xcf,0x21,0x93,0xb1,0x54,0x3e,0x50,0xfc,0xa5,0xf0,0x3e,0xfd,0x08,0xb5,0x87,0x21,0x04,0x25,0x8b,0x60,0x83,0xeb,0x50,0xca,0x58,0xa6,0x1f,0x98,0x7d,0x32,0xfc,0x1f,0x8a,0xb5,0x92,0xc1,0x02,0x80,0x66,0x01,0x44,0x0f,0x5c,0x84,0x4e,0xe1,0xc0,0xfe,0x43,0xe6,0x17,0xf4,0x7b,0xc8,0x3f,0x13,0xfc,0x00,0xf0,0x5a,0x26,0x0f,0x5e,0x03,0x08,0xbf,0xf0,0xfe,0x00,0x7c,0xbf,0x8c,0xf3,0x7d,0x27,0xfa,0x1f,0x80,0x07,0x97,0xe0,0x1f,0x00,0x0f,0x00,0x78,0x03,0xc0,0x1c,0x61,0x20,0x19,0x01,0x4c,0x00,0xb0,0x19,0x87,0xfa,0x7e,0x03,0x10,0x08,0xe0,0x0b,0xe5,0x03,0xf0,0x1f,0x07,0x33,0x31,0x81,0x48,0x3c,0x33,0x0f,0x8c,0xc2,0x80,0x94,0x4c,0x14,0x42,0xb3,0x31,0xe1,0x48,0x77,0x33,0x3e,0xca,0xa8,0x43,0xe5,0x09,0x84,0x40,0x24,0x1c,0x19,0x8d,0x0a,0x43,0xbd,0x9b,0xfe,0x66,0x3a,0x0f,0x3f,0x9f,0x9f,0x1b,0xf4,0x6e,0xad,0xd9,0x99,0x80,0x7c,0x7c,0xb3,0x4f,0x08,0x3c,0x7e,0x7f,0x3f,0x3c,0x6f,0x11,0xa2,0xb4,0x6f,0x66,0x43,0xf1,0xa2,0xcd,0x03,0xe5,0xf9,0xfc,0xfc,0xe3,0x74,0x8c,0x95,0x93,0x7a,0x1f,0x2a,0x6c,0xdb,0xc3,0x33,0xd0,0x7f,0x3f,0x9f,0x90,0x79,0xc6,0x66,0xfe,0x29,0x1f,0xe6,0x66,0x0f,0x22,0x79,0x46,0xc9,0xe3,0x60,0x8c,0xcc,0xba,0x52,0x5d,0x8c,0xc7,0x23,0x36,0x90,0x1b,0xca,0x30,0x6f,0x1b,0x84,0x66,0x6a,0x5f,0x13,0xf8,0xf6,0x66,0x88,0xa1,0x00,0x0c,0x7c,0x08,0x29,0xb2,0x07,0x8a,0x7c,0xf8,0x00,0xf2,0x87,0x81,0x05,0x72,0x33,0xf2,0xf8,0x80,0xc4,0x02,0x2b,0xf7,0xff,0x47,0xd7,0xe2,0x03,0x26,0x7c,0x00,0x3c,0x01,0xe0,};
const uint8_t* const _I_Suica_TopUpPage2_0012[] = {_I_Suica_TopUpPage2_0012_0};

const uint8_t _I_Suica_TopUpPage2_0013_0[] = {0x01,0x00,0xcc,0x01,0x00,0x78,0x03,0xc0,0x1e,0x00,0xf0,0x07,0x80,0x3c,0x01,0xe0,0x0f,0x00,0x78,0x03,0xc0,0x1e,0x00,0x2a,0xa4,0x0c,0x1f,0xe0,0x75,0x87,0x83,0xf7,0x01,0xe1,0xff,0x80,0x06,0xfe,0x0f,0x9e,0x04,0x60,0x3f,0xb4,0x08,0x30,0x3d,0xc1,0x0b,0x40,0x80,0x83,0xdb,0x29,0xfc,0x1c,0x10,0x8c,0x68,0x05,0xf7,0x92,0x06,0x0c,0x46,0x20,0xf8,0xa6,0x7f,0x83,0xe5,0x0c,0x07,0xce,0x60,0x08,0x71,0x90,0x7c,0xcc,0x0e,0xe7,0x32,0x07,0xcd,0x81,0x18,0x76,0x40,0x7c,0xf0,0x03,0xe5,0x3f,0xb4,0x9b,0xe7,0x00,0x2f,0x3b,0x52,0x3e,0x44,0x68,0x0f,0x15,0x7c,0x08,0xd0,0x1e,0x2c,0xf5,0xff,0x4f,0xc1,0xef,0x00,0x63,0x24,0x08,0xba,0x60,0x0a,0xfd,0x5b,0xc0,0xc9,0xf0,0x15,0x97,0xfe,0x3e,0x08,0x2f,0x15,0x8d,0xde,0x90,0x89,0x02,0x60,0xd7,0x87,0x79,0x07,0xa4,0x12,0x20,0x0f,0x6a,0xc4,0x74,0x1e,0x92,0x48,0x90,0x3d,0x3e,0x10,0xfa,0x84,0x34,0x1e,0x94,0x48,0x88,0x3c,0xf8,0x11,0xf8,0x80,0x3d,0xb0,0x82,0xf4,0x90,0x56,0x24,0x95,0x07,0x40,0xd5,0x15,0x05,0xe4,0x89,0x83,0xcf,0x21,0x93,0xb1,0x54,0x3e,0x50,0xfc,0xa5,0xf0,0x3e,0xfd,0x08,0xb5,0x87,0x21,0x04,0x25,0x8b,0x60,0x83,0xeb,0x50,0xca,0x58,0xa6,0x1f,0x98,0x7d,0x32,0xfc,0x1f,0x8a,0xb5,0x92,0xc1,0x02,0x80,0x66,0x01,0x44,0x0f,0x5c,0x84,0x4e,0xe1,0xc0,0xfe,0x43,0xe6,0x17,0xf4,0x7b,0xc8,0x3f,0x13,0xfc,0x00,0xf0,0x5a,0x26,0x0f,0x5e,0x03,0x08,0xbf,0xf0,0xfe,0x00,0x7c,0xbf,0x8c,0xf3,0x7d,0x27,0xfa,0x1f,0x80,0x07,0x97,0xe0,0x1f,0x00,0x0f,0x00,0x78,0x03,0xc0,0x1c,0x61,0x20,0x19,0x01,0x4c,0x00,0xb0,0x19,0x87,0xfa,0x7e,0x03,0x10,0x08,0xe0,0x0b,0xe5,0x03,0xf0,0x1f,0x07,0x33,0x31,0x81,0x48,0x3c,0x33,0x0f,0x8c,0xc2,0x80,0x94,0x4c,0x14,0x42,0xb3,0x31,0xe1,0x48,0x77,0x33,0x3e,0xca,0xa8,0x43,0xe5,0x09,0x84,0x40,0x24,0x1c,0x19,0x8d,0x0a,0x43,0xbd,0x9b,0xfe,0x66,0x3a,0x0f,0x3f,0x9f,0x9f,0x1b,0xf4,0x6e,0xad,0xd9,0x99,0x80,0x7c,0x7c,0xb3,0x4f,0x08,0x3c,0x7e,0x7f,0x3f,0x3c,0x6f,0x11,0xa2,0xb4,0x6f,0x66,0x43,0xf1,0xa2,0xcd,0x03,0xe5,0xf9,0xfc,0xfc,0xe3,0x74,0x8c,0x95,0x93,0x7a,0x1f,0x2a,0x6c,0xdb,0xc3,0x33,0xd0,0x7f,0x3f,0x9f,0x90,0x79,0xc6,0x66,0xfe,0x29,0x1f,0xe6,0x66,0x0f,0x22,0x79,0x46,0xc9,0xe3,0x60,0x8c,0xcc,0xba,0x52,0x5d,0x8c,0xc7,0x23,0x36,0x90,0x1b,0xca,0x30,0x6f,0x1b,0x84,0x66,0x6a,0x5f,0x13,0xf8,0xf6,0x66,0x88,0xa1,0x00,0x0c,0x7c,0x08,0x29,0xb2,0x07,0x8a,0x7c,0xf8,0x00,0xf2,0x87,0x81,0x05,0x72,0x33,0xf2,0xf8,0x80,0xc4,0x02,0x2b,0xf7,0xff,0x47,0xd7,0xe2,0x03,0x26,0x7c,0x00,0x3c,0x01,0xe0,};
const uint8_t* const _I_Suica_TopUpPage2_0013[] = {_I_Suica_TopUpPage2_0013_0};

const uint8_t _I_Suica_TopUpPage2_0014_0[] = {0x01,0x00,0xcd,0x01,0x00,0x78,0x03,0xc0,0x1e,0x00,0xf0,0x07,0x80,0x3c,0x01,0xe0,0x0f,0x00,0x78,0x03,0xc0,0x1e,0x00,0xf0,0x05,0x43,0xc1,0xdb,0x80,0xf0,0xff,0xc0,0x03,0x7f,0x07,0xcf,0x02,0x30,0x1f,0xda,0x04,0x18,0x1f,0xd0,0x11,0x43,0x8d,0xcb,0xff,0x03,0x07,0x88,0x61,0xec,0x00,0x43,0x16,0x08,0x3e,0x26,0x01,0xf3,0x86,0x03,0xe7,0x30,0x04,0x38,0xc8,0x3e,0x69,0x9f,0xe3,0xb9,0x4c,0x81,0xf3,0x24,0x2c,0x16,0x02,0xc8,0x0f,0x9c,0xa7,0xf0,0x3e,0x33,0xfb,0x49,0xbe,0x6a,0x82,0xf3,0xb5,0x23,0xe6,0xa9,0x07,0x41,0x90,0x3c,0x55,0xf1,0x54,0x45,0x88,0xfc,0x41,0xe2,0xcf,0x5f,0xf4,0xfc,0x1e,0xf0,0x00,0x31,0x00,0x06,0x04,0x9d,0x10,0x79,0x80,0x23,0xf5,0x6f,0x07,0xa7,0xc1,0x46,0x71,0xf0,0x79,0x78,0xac,0x60,0xf4,0x84,0x48,0x17,0x06,0x9c,0x3b,0xc8,0x3d,0x20,0x91,0x00,0x7b,0x56,0x23,0xa0,0xf4,0x92,0x44,0x81,0xe9,0xf0,0x87,0xd4,0x21,0xa0,0xf4,0xa2,0x44,0x41,0xe7,0xc0,0x8f,0xc4,0x01,0xed,0x84,0x17,0xa4,0x82,0xb1,0x24,0xa8,0x3a,0x06,0xa8,0xa8,0x2f,0x24,0x4c,0x1e,0x79,0x0c,0x9d,0x8a,0xa1,0xf2,0x87,0xe5,0x2f,0x81,0xf7,0xe8,0x45,0xac,0x39,0x08,0x23,0xbd,0x03,0xeb,0x50,0xca,0x58,0xa6,0x1f,0x98,0x7d,0x32,0xfc,0x1f,0x8a,0xb5,0x92,0xc1,0x02,0x80,0x66,0x01,0x44,0x0f,0x5c,0x84,0x4e,0xe1,0xc0,0xfe,0x43,0xe6,0x17,0xf4,0x7b,0xc8,0x3f,0x13,0xfc,0x00,0xf0,0x5a,0x22,0x0f,0x7e,0x03,0x08,0xbf,0xf0,0xfe,0x00,0x7c,0xbf,0x8c,0xf3,0x7d,0x08,0x00,0xbf,0xd0,0xfc,0x00,0x3c,0xbf,0x00,0xf8,0x00,0x78,0x03,0xc0,0x1e,0x00,0xe3,0x09,0x00,0xc8,0x0a,0x60,0x05,0x80,0xcc,0x3f,0xd3,0xf0,0x18,0x80,0x47,0x00,0x5f,0x28,0x1f,0x80,0xf8,0x39,0x99,0x8c,0x0a,0x41,0xe1,0x98,0x7c,0x66,0x14,0x04,0xa2,0x60,0xa2,0x15,0x99,0x8f,0x0a,0x43,0xb9,0x99,0xf6,0x55,0x42,0x1f,0x28,0x4c,0x22,0x01,0x20,0xe0,0xcc,0x68,0x52,0x1d,0xec,0xdf,0xf3,0x31,0xd0,0x79,0xfc,0xfc,0xf8,0xdf,0xa3,0x75,0x6e,0xcc,0xcc,0x03,0xe3,0xe5,0x9a,0x78,0x41,0xe3,0xf3,0xf9,0xf9,0xe3,0x78,0x8d,0x15,0xa3,0x7b,0x32,0x1f,0x8d,0x16,0x68,0x1f,0x2f,0xcf,0xe7,0xe7,0x1b,0xa4,0x64,0xac,0x9b,0xd0,0xf9,0x53,0x66,0xde,0x19,0x9e,0x83,0xf9,0xfc,0xfc,0x83,0xce,0x33,0x37,0xf1,0x48,0xff,0x33,0x30,0x79,0x13,0xca,0x36,0x4f,0x1b,0x04,0x66,0x65,0xd2,0x92,0xec,0x66,0x39,0x19,0xb4,0x80,0xde,0x51,0x83,0x78,0xdc,0x23,0x33,0x52,0xf8,0x9f,0xc7,0xb3,0x34,0x45,0x08,0x00,0x63,0xe0,0x41,0x4d,0x90,0x3c,0x53,0xe7,0xc0,0x07,0x94,0x3c,0x08,0x2b,0x91,0x9f,0x97,0xc4,0x06,0x20,0x11,0x5f,0xbf,0xfa,0x3e,0xbf,0x10,0x19,0x33,0xe0,0x01,0xe0,0x0f,};
const uint8_t* const _I_Suica_TopUpPage2_0014[] = {_I_Suica_TopUpPage2_0014_0};

const uint8_t _I_Suica_TopUpPage2_0015_0[] = {0x01,0x00,0xd0,0x01,0x00,0x78,0x03,0xc0,0x1e,0x00,0xf0,0x07,0x80,0x3c,0x01,0xe0,0x0f,0x00,0x78,0x03,0xc0,0x1e,0x00,0xf0,0x05,0x43,0xc1,0xdb,0x80,0xf0,0xff,0xc0,0x03,0x7f,0x07,0xcf,0x02,0x30,0x1f,0xda,0x04,0x18,0x1f,0xd0,0x11,0x43,0x8d,0xcb,0xff,0x03,0x07,0x88,0x61,0xec,0x00,0x43,0x16,0x08,0x3e,0x26,0x01,0xf3,0x86,0x03,0xe7,0x30,0x04,0x38,0xc8,0x3e,0x69,0x9f,0xe3,0xb9,0x4c,0x81,0xf3,0x24,0x2c,0x16,0x02,0xc8,0x0f,0x9c,0xa7,0xf0,0x3e,0x33,0xfb,0x49,0xbe,0x6a,0x82,0xf3,0xb5,0x23,0xe6,0xa9,0x07,0x41,0x90,0x3c,0x55,0xf1,0x54,0x45,0x88,0xfc,0x41,0xe2,0xcf,0x5f,0xf4,0xfc,0x1e,0xf0,0x00,0x31,0x00,0x06,0x04,0x9d,0x10,0x79,0x80,0x23,0xf5,0x6f,0x07,0xa7,0xc1,0x46,0x71,0xf0,0x79,0x78,0xac,0x61,0x64,0x84,0x48,0x17,0x06,0x9c,0x3b,0xc8,0x3d,0x20,0x91,0x00,0x7b,0x56,0x23,0xaa,0x35,0x89,0x03,0xd3,0xe1,0x0f,0xa8,0x43,0x41,0xe9,0x44,0x88,0x83,0xcf,0x81,0x1f,0x88,0x03,0xdb,0x08,0x2f,0x49,0x05,0x62,0x49,0x50,0x74,0x08,0x00,0xfc,0x91,0x30,0x79,0xe4,0x32,0x76,0x2a,0x87,0xc8,0xcc,0x81,0xf5,0xe8,0x45,0xac,0x39,0x08,0x21,0x59,0x03,0xeb,0x50,0xca,0x58,0xa6,0x1f,0x9f,0xfd,0x9c,0x3f,0x35,0x6b,0x25,0x82,0x05,0x00,0xe4,0x03,0xe3,0x21,0x13,0xb8,0x70,0x3f,0x9f,0xfc,0x9c,0x05,0x1e,0xf2,0x0f,0xc4,0xff,0x00,0x0c,0x19,0x22,0xfc,0x81,0xeb,0xc0,0x2d,0x93,0x18,0x69,0x20,0xf2,0x12,0x88,0x00,0x9f,0x42,0x00,0x2f,0xf7,0xfe,0xa6,0x0f,0x2f,0xc0,0x3e,0x00,0x03,0x56,0x7f,0xd8,0x00,0x9f,0xe6,0x0f,0xf0,0x07,0x80,0x21,0x7a,0x60,0x31,0x61,0xa0,0x01,0x20,0x33,0x0f,0xf4,0xfc,0x06,0x20,0x11,0xc0,0x17,0xca,0x07,0xe0,0xff,0xc3,0xf3,0x33,0x18,0x14,0x83,0xc3,0x30,0xf8,0xcc,0x28,0x01,0xb2,0x4a,0x0e,0x0a,0x21,0x59,0x98,0xf0,0xa4,0x3b,0x99,0x9f,0x65,0x54,0x21,0xf2,0x84,0xc2,0x20,0x12,0x0e,0x0c,0xc6,0x85,0x21,0xde,0xcd,0xff,0x33,0x1d,0x07,0x9f,0xcf,0xcf,0x8d,0xfa,0x37,0x56,0xec,0xcc,0xc0,0x3e,0x3e,0x59,0xa7,0x84,0x1e,0x3f,0x3f,0x9f,0x9e,0x37,0x88,0xd1,0x5a,0x37,0xb3,0x21,0xf8,0xd1,0x66,0x81,0xf2,0xfc,0xfe,0x7e,0x71,0xba,0x46,0x4a,0xc9,0xbd,0x0f,0x95,0x36,0x6d,0xe1,0x99,0xe8,0x3f,0x9f,0xcf,0xc8,0x3c,0xe3,0x33,0x7f,0x14,0x8f,0xf3,0x33,0x07,0x91,0x3c,0xa3,0x64,0xf1,0xb0,0x46,0x66,0x5d,0x29,0x2e,0xc6,0x63,0x91,0x9b,0x48,0x0d,0xe5,0x18,0x37,0x8d,0xc2,0x33,0x35,0x2f,0x89,0xfc,0x7b,0x33,0x44,0x50,0x80,0x06,0x3e,0x04,0x14,0xd9,0x03,0xc5,0x3e,0x7c,0x00,0x79,0x43,0xc0,0x82,0xb9,0x19,0xf9,0x7c,0x40,0x62,0x01,0x15,0xfb,0xff,0xa3,0xeb,0xf1,0x01,0x93,0x3e,0x00,0x1e,0x00,0xf0,};
const uint8_t* const _I_Suica_TopUpPage2_0015[] = {_I_Suica_TopUpPage2_0015_0};

const uint8_t _I_Suica_TopUpPage2_0016_0[] = {0x01,0x00,0xcd,0x01,0x00,0x78,0x03,0xc0,0x1e,0x00,0xf0,0x07,0x80,0x3c,0x01,0xe0,0x0f,0x00,0x78,0x03,0xc0,0x1e,0x00,0xf0,0x05,0x43,0xc1,0xdb,0x80,0xf0,0xff,0xc0,0x03,0x7f,0x07,0xcf,0x02,0x30,0x1f,0xda,0x04,0x18,0x1f,0xd0,0x11,0x43,0x8d,0xcb,0xff,0x03,0x07,0x88,0x61,0xec,0x00,0x43,0x16,0x08,0x3e,0x26,0x01,0xf3,0x86,0x03,0xe7,0x30,0x04,0x38,0xc8,0x3e,0x69,0x9f,0xe3,0xb9,0x4c,0x81,0xf3,0x24,0x2c,0x16,0x02,0xc8,0x0f,0x9c,0xa7,0xf0,0x3e,0x33,0xfb,0x49,0xbe,0x6a,0x82,0xf3,0xb5,0x23,0xe6,0xa9,0x07,0x41,0x90,0x3c,0x55,0xf1,0x54,0x45,0x88,0xfc,0x41,0xe2,0xcf,0x5f,0xf4,0xfc,0x1e,0xf0,0x00,0x31,0x00,0x06,0x04,0x9d,0x10,0x79,0x80,0x23,0xf5,0x6f,0x07,0xa7,0xc1,0x46,0x71,0xf0,0x79,0x78,0xac,0x60,0xf4,0x84,0x48,0x17,0x06,0x9c,0x3b,0xc8,0x3d,0x20,0x91,0x00,0x7b,0x56,0x23,0xa0,0xf4,0x92,0x44,0x81,0xe9,0xf0,0x87,0xd4,0x21,0xa0,0xf4,0xa2,0x44,0x41,0xe7,0xc0,0x8f,0xc4,0x01,0xe5,0x56,0x07,0x96,0x10,0x5e,0x92,0x0a,0xc4,0x92,0xa0,0xe8,0x1a,0x98,0x3c,0xbc,0x91,0x30,0x79,0xe4,0x32,0x76,0x2a,0x87,0xcb,0xff,0x49,0x0f,0xc7,0x42,0x2d,0x61,0xc8,0x41,0x09,0x62,0x1f,0x8a,0x86,0x52,0xc5,0x30,0xfc,0xff,0xf2,0x6e,0x82,0x0f,0xb5,0x5a,0xc9,0x60,0x81,0x40,0x39,0x00,0xa2,0x07,0xae,0x42,0x27,0x70,0xe0,0x7f,0x3f,0xf6,0x70,0x51,0x23,0xd6,0x41,0xf8,0x9f,0xe0,0x05,0x82,0x96,0x30,0x7a,0xf0,0x18,0x44,0xc6,0x51,0x28,0x80,0x09,0xf4,0x20,0x02,0xff,0x7f,0xe1,0xe0,0x52,0xfc,0x03,0xe0,0x01,0xe0,0x0f,0x00,0x78,0x03,0x8b,0xa6,0x03,0x13,0x1a,0x00,0x12,0x03,0x30,0xff,0x4f,0xc0,0x62,0x01,0x1c,0x01,0x7c,0xa0,0x7e,0x03,0x58,0xe6,0x66,0x30,0x29,0x07,0x86,0x61,0xf1,0x98,0x50,0x12,0x89,0x82,0x88,0x56,0x66,0x3c,0x29,0x0e,0xe6,0x67,0xd9,0x55,0x08,0x7c,0xa1,0x30,0x88,0x04,0x83,0x83,0x31,0xa1,0x48,0x77,0xb3,0x7f,0xcc,0xc7,0x41,0xe7,0xf3,0xf3,0xe3,0x7e,0x8d,0xd5,0xbb,0x33,0x30,0x0f,0x8f,0x96,0x69,0xe1,0x07,0x8f,0xcf,0xe7,0xe7,0x8d,0xe2,0x34,0x56,0x8d,0xec,0xc8,0x7e,0x34,0x59,0xa0,0x7c,0xbf,0x3f,0x9f,0x9c,0x6e,0x91,0x92,0xb2,0x6f,0x43,0xe5,0x4d,0x9b,0x78,0x66,0x7a,0x0f,0xe7,0xf3,0xf2,0x0f,0x38,0xcc,0xdf,0xc5,0x23,0xfc,0xcc,0xc1,0xe4,0x4f,0x28,0xd9,0x3c,0x6c,0x11,0x99,0x97,0x4a,0x4b,0xb1,0x98,0xe4,0x66,0xd2,0x03,0x79,0x46,0x0d,0xe3,0x70,0x8c,0xcd,0x4b,0xe2,0x7f,0x1e,0xcc,0xd1,0x14,0x20,0x01,0x8f,0x81,0x05,0x36,0x40,0xf1,0x4f,0x9f,0x00,0x1e,0x50,0xf0,0x20,0xae,0x46,0x7e,0x5f,0x10,0x18,0x80,0x45,0x7e,0xff,0xe8,0xfa,0xfc,0x40,0x64,0xcf,0x80,0x07,0x80,0x3c,};
const uint8_t* const _I_Suica_TopUpPage2_0016[] = {_I_Suica_TopUpPage2_0016_0};

const uint8_t _I_Suica_TopUpPage2_0017_0[] = {0x01,0x00,0xcf,0x01,0x00,0x78,0x03,0xc0,0x1e,0x00,0xf0,0x07,0x80,0x3c,0x01,0xe0,0x0f,0x00,0x78,0x03,0xc0,0x1e,0x00,0xf0,0x05,0x43,0xc1,0xdb,0x80,0xf0,0xff,0xc0,0x03,0x7f,0x07,0xcf,0x02,0x30,0x1f,0xda,0x04,0x18,0x1f,0xd0,0x11,0x43,0x8d,0xcb,0xff,0x03,0x07,0x88,0x61,0xec,0x00,0x43,0x16,0x08,0x3e,0x26,0x01,0xf3,0x86,0x03,0xe7,0x30,0x04,0x38,0xc8,0x3e,0x69,0x9f,0xe0,0xf0,0xcf,0xe6,0x00,0xf9,0x92,0x16,0x0b,0x01,0x64,0x07,0xce,0x53,0xf8,0x1f,0x2b,0x09,0xbe,0x6a,0x82,0xf2,0xbf,0xda,0x11,0xf3,0x54,0x83,0xa0,0xca,0xc4,0xaf,0x9a,0xa2,0x2c,0x47,0xe2,0x1f,0x16,0x7a,0xff,0xa7,0xe0,0xf5,0xb5,0x00,0xc4,0x0c,0x40,0x01,0x81,0x27,0x44,0x1e,0x60,0x08,0xfd,0x5b,0xc1,0xe9,0xf0,0x51,0x9c,0x7c,0x1e,0x5e,0x2b,0x18,0x3d,0x21,0x12,0x05,0xc1,0xa7,0x0e,0xf2,0x0f,0x48,0x24,0x40,0x1e,0xd5,0x88,0xe8,0x3d,0x24,0x91,0x20,0x7a,0x7c,0x21,0xf5,0x08,0x68,0x3d,0x28,0x91,0x10,0x79,0xf0,0x23,0xf1,0x00,0x79,0x55,0x81,0xe5,0x84,0x17,0xa4,0x82,0xb1,0x24,0xa8,0x3a,0x06,0xa6,0x0f,0x2f,0x24,0x4c,0x1e,0x79,0x0c,0x9d,0x8a,0xa1,0xf2,0xff,0xd2,0x43,0xf1,0xd0,0x8b,0x58,0x72,0x10,0x42,0x58,0x87,0xe2,0xa1,0x94,0xb1,0x4c,0x3f,0x3f,0xfc,0x9b,0xa0,0x83,0xed,0x56,0xb2,0x58,0x20,0x50,0x0e,0x40,0x28,0x81,0xeb,0x90,0x89,0xdc,0x38,0x1f,0xcf,0xfd,0x9c,0x14,0x48,0xf5,0x90,0x7e,0x27,0xf8,0x01,0x60,0xa5,0x8c,0x1e,0xbc,0x06,0x11,0x31,0x94,0x4a,0x20,0x02,0x7d,0x08,0x00,0xbf,0xdf,0xf8,0x78,0x14,0xbf,0x00,0xf8,0x00,0x78,0x03,0xc0,0x1e,0x00,0xe2,0xe9,0x80,0xc4,0xc6,0x80,0x04,0x80,0xcc,0x3f,0xd3,0xf0,0x18,0x80,0x47,0x00,0x5f,0x28,0x1f,0x80,0xd6,0x39,0x99,0x8c,0x0a,0x41,0xe1,0x98,0x7c,0x66,0x14,0x04,0xa2,0x60,0xa2,0x15,0x99,0x8f,0x0a,0x43,0xb9,0x99,0xf6,0x55,0x42,0x1f,0x28,0x4c,0x22,0x01,0x20,0xe0,0xcc,0x68,0x52,0x1d,0xec,0xdf,0xf3,0x31,0xd0,0x79,0xfc,0xfc,0xf8,0xdf,0xa3,0x75,0x6e,0xcc,0xcc,0x03,0xe3,0xe5,0x9a,0x78,0x41,0xe3,0xf3,0xf9,0xf9,0xe3,0x78,0x8d,0x15,0xa3,0x7b,0x32,0x1f,0x8d,0x16,0x68,0x1f,0x2f,0xcf,0xe7,0xe7,0x1b,0xa4,0x64,0xac,0x9b,0xd0,0xf9,0x53,0x66,0xde,0x19,0x9e,0x83,0xf9,0xfc,0xfc,0x83,0xce,0x33,0x37,0xf1,0x48,0xff,0x33,0x30,0x79,0x13,0xca,0x36,0x4f,0x1b,0x04,0x66,0x65,0xd2,0x92,0xec,0x66,0x39,0x19,0xb4,0x80,0xde,0x51,0x83,0x78,0xdc,0x23,0x33,0x52,0xf8,0x9f,0xc7,0xb3,0x34,0x45,0x08,0x00,0x63,0xe0,0x41,0x4d,0x90,0x3c,0x53,0xe7,0xc0,0x07,0x94,0x3c,0x08,0x2b,0x91,0x9f,0x97,0xc4,0x06,0x20,0x11,0x5f,0xbf,0xfa,0x3e,0xbf,0x10,0x19,0x33,0xe0,0x01,0xe0,0x0f,};
const uint8_t* const _I_Suica_TopUpPage2_0017[] = {_I_Suica_TopUpPage2_0017_0};

const uint8_t _I_Suica_TopUpPage2_0018_0[] = {0x01,0x00,0xd3,0x01,0x00,0x78,0x03,0xc0,0x1e,0x00,0xf0,0x07,0x80,0x3c,0x01,0xe0,0x0f,0x00,0x78,0x03,0xc0,0x1e,0x00,0xf0,0x05,0x43,0xc1,0xdb,0x80,0xf0,0xff,0xc0,0x03,0x7f,0x07,0xcf,0x02,0x30,0x1f,0xda,0x04,0x18,0x1f,0xd0,0x11,0x43,0x8d,0xcb,0xff,0x03,0x07,0x88,0x61,0xec,0x00,0x43,0x16,0x08,0x3e,0x26,0x1f,0xfc,0xff,0x3b,0xd1,0x0c,0x07,0xce,0x60,0x08,0x71,0x90,0x7c,0xd3,0x3f,0xd9,0x7e,0x6d,0xc6,0x64,0x0f,0x99,0x21,0x60,0xb0,0x16,0x40,0x7c,0xe5,0x3f,0x85,0xe1,0x9f,0xda,0x4d,0xf3,0x54,0xff,0x29,0xca,0xd4,0x8f,0x9a,0xa4,0x1d,0x06,0x40,0xf1,0x57,0xc5,0x51,0x16,0x23,0xf1,0x07,0x8b,0x3d,0x7f,0xd3,0xf0,0x7b,0xc0,0x00,0xc4,0x00,0x18,0x12,0x74,0x41,0xe6,0x00,0x8f,0xd5,0xbc,0x1e,0x9f,0x06,0x19,0xc7,0xc1,0xe5,0xe2,0xb1,0x83,0xd2,0x11,0x20,0x5c,0x1a,0x70,0xef,0x20,0xf4,0x82,0x44,0x01,0xed,0x58,0x8e,0x83,0xd2,0x49,0x12,0x07,0xa7,0xc2,0x1f,0x50,0x86,0x83,0xd2,0x89,0x11,0x07,0x9f,0x02,0x3f,0x10,0x07,0x95,0x58,0x1e,0x58,0x41,0x7a,0x48,0x2b,0x12,0x4a,0x83,0xa0,0x6a,0x60,0xf2,0xf2,0x44,0xc1,0xe7,0x90,0xc9,0xd8,0xaa,0x1f,0x2f,0xfd,0x24,0x3f,0x1d,0x08,0xb5,0x87,0x21,0x04,0x25,0x88,0x7e,0x2a,0x19,0x4b,0x14,0xc3,0xf3,0xff,0xc9,0xba,0x08,0x3e,0xd5,0x6b,0x25,0x82,0x05,0x00,0xe4,0x02,0x88,0x1e,0xb9,0x08,0x9d,0xc3,0x81,0xfc,0xff,0xd9,0xc1,0x44,0x8f,0x59,0x07,0xe2,0x7f,0x80,0x16,0x0a,0x58,0xc1,0xeb,0xc0,0x61,0x13,0x19,0x44,0xa2,0x00,0x27,0xd0,0x80,0x0b,0xfd,0xff,0x87,0x81,0x4b,0xf0,0x0f,0x80,0x07,0x80,0x3c,0x01,0xe0,0x0e,0x2e,0x98,0x0c,0x4c,0x68,0x00,0x48,0x0c,0xc3,0xfd,0x3f,0x01,0x88,0x04,0x70,0x05,0xf2,0x81,0xf8,0x0d,0x63,0x99,0x98,0xc0,0xa4,0x1e,0x19,0x87,0xc6,0x61,0x40,0x4a,0x26,0x0a,0x21,0x59,0x98,0xf0,0xa4,0x3b,0x99,0x9f,0x65,0x54,0x21,0xf2,0x84,0xc2,0x20,0x12,0x0e,0x0c,0xc6,0x85,0x21,0xde,0xcd,0xff,0x33,0x1d,0x07,0x9f,0xcf,0xcf,0x8d,0xfa,0x37,0x56,0xec,0xcc,0xc0,0x3e,0x3e,0x59,0xa7,0x84,0x1e,0x3f,0x3f,0x9f,0x9e,0x37,0x88,0xd1,0x5a,0x37,0xb3,0x21,0xf8,0xd1,0x66,0x81,0xf2,0xfc,0xfe,0x7e,0x71,0xba,0x46,0x4a,0xc9,0xbd,0x0f,0x95,0x36,0x6d,0xe1,0x99,0xe8,0x3f,0x9f,0xcf,0xc8,0x3c,0xe3,0x33,0x7f,0x14,0x8f,0xf3,0x33,0x07,0x91,0x3c,0xa3,0x64,0xf1,0xb0,0x46,0x66,0x5d,0x29,0x2e,0xc6,0x63,0x91,0x9b,0x48,0x0d,0xe5,0x18,0x37,0x8d,0xc2,0x33,0x35,0x2f,0x89,0xfc,0x7b,0x33,0x44,0x50,0x80,0x06,0x3e,0x04,0x14,0xd9,0x03,0xc5,0x3e,0x7c,0x00,0x79,0x43,0xc0,0x82,0xb9,0x19,0xf9,0x7c,0x40,0x62,0x01,0x15,0xfb,0xff,0xa3,0xeb,0xf1,0x01,0x93,0x3e,0x00,0x1e,0x00,0xf0,};
const uint8_t* const _I_Suica_TopUpPage2_0018[] = {_I_Suica_TopUpPage2_0018_0};

const uint8_t _I_Suica_TopUpPage2_0019_0[] = {0x01,0x00,0xd3,0x01,0x00,0x78,0x03,0xc0,0x1e,0x00,0xf0,0x07,0x80,0x3c,0x01,0xe0,0x0f,0x00,0x78,0x03,0xc0,0x1e,0x00,0xf0,0x05,0x43,0xc1,0xdb,0x80,0xf0,0xff,0xc0,0x03,0x7f,0x07,0xcf,0x02,0x30,0x1f,0xda,0x04,0x18,0x1f,0xd0,0x11,0x43,0x8d,0xcb,0xff,0x03,0x07,0x88,0x61,0xec,0x00,0x43,0x16,0x08,0x3e,0x26,0x19,0xbf,0xf0,0x7c,0x61,0x80,0xf9,0xcc,0x01,0x0e,0x32,0x0f,0x98,0x67,0xe8,0xee,0x53,0x20,0x7c,0xc1,0x11,0x87,0x64,0x07,0xce,0x53,0xf8,0x1f,0x19,0xfd,0xa4,0xdf,0x35,0x42,0x71,0x5f,0xed,0x48,0xf9,0xa2,0x41,0xd0,0x64,0x0f,0x15,0x7c,0x41,0x11,0x62,0x3f,0x10,0x78,0xb3,0xd7,0xfd,0x3f,0x0f,0x88,0x3d,0x60,0x00,0x62,0x00,0x0c,0x09,0x3a,0x31,0x40,0x42,0x00,0x1b,0xf5,0x6f,0x07,0xa7,0xc1,0x86,0x71,0xf0,0x79,0x78,0xac,0x60,0xf4,0x84,0x48,0x17,0x06,0x03,0x2a,0x65,0xe4,0xde,0x20,0xf2,0x82,0x44,0x01,0xed,0x58,0x8e,0x97,0xd2,0x49,0x12,0x07,0xa7,0xc2,0x1f,0x50,0x86,0x97,0xd2,0x89,0x11,0x07,0x9f,0x02,0x3f,0x10,0x07,0x94,0x18,0x1e,0x58,0x41,0x7a,0x48,0x2b,0x12,0x4a,0x83,0xa0,0x62,0x60,0xf2,0xf2,0x44,0xc1,0xe7,0x90,0xc9,0xd8,0xaa,0x1f,0x2f,0xfd,0x24,0x3f,0x1d,0x08,0xb5,0x87,0x20,0xed,0x19,0x00,0x7e,0x2a,0x19,0x4b,0x14,0xc3,0xf3,0xff,0xc9,0xba,0x08,0x3e,0xd5,0x6b,0x25,0x82,0x04,0xd8,0x10,0x51,0x03,0xd7,0x21,0x13,0xb8,0x70,0x3f,0x9f,0xfb,0x3b,0x8c,0xcb,0xeb,0xf8,0x9f,0xe0,0x05,0x82,0x96,0x30,0x7a,0xf0,0x18,0x44,0xc6,0x51,0x28,0x80,0x09,0xf4,0x20,0x02,0xff,0x7f,0xe1,0xe0,0x52,0xfc,0x03,0xe0,0x01,0xe0,0x0f,0x00,0x78,0x03,0x8b,0xa6,0x03,0x13,0x1a,0x00,0x12,0x03,0x30,0xff,0x4f,0xc0,0x62,0x01,0x1c,0x01,0x7c,0xa0,0x7e,0x03,0x58,0xe6,0x66,0x30,0x29,0x07,0x86,0x61,0xf1,0x98,0x50,0x12,0x89,0x82,0x88,0x56,0x66,0x3c,0x29,0x0e,0xe6,0x67,0xd9,0x55,0x08,0x7c,0xa1,0x30,0x87,0x58,0xf0,0x66,0x34,0x29,0x0e,0xf6,0x6f,0xf9,0x98,0xe8,0x3c,0xfe,0x7e,0x7c,0x6f,0xd1,0xba,0xb7,0x66,0x66,0x01,0xf1,0xf2,0xcd,0x3c,0x20,0xf1,0xf9,0xfc,0xfc,0xf1,0xbc,0x46,0x8a,0xd1,0xbd,0x99,0x0f,0xc6,0x8b,0x34,0x0f,0x97,0xe7,0xf3,0xf3,0x8d,0xd2,0x32,0x56,0x4d,0xe8,0x7c,0xa9,0xb3,0x6f,0x0c,0xcf,0x41,0xfc,0xfe,0x7e,0x41,0xe7,0x19,0x9b,0xf8,0xa4,0x7f,0x99,0x98,0x3c,0x89,0xe5,0x1b,0x27,0x8d,0x82,0x33,0x32,0xe9,0x49,0x76,0x33,0x1c,0x8c,0xda,0x40,0x6f,0x28,0xc1,0xbc,0x6e,0x11,0x99,0xa9,0x7c,0x4f,0xe3,0xd9,0x9a,0x22,0x84,0x00,0x31,0xf0,0x20,0xa6,0xc8,0x1e,0x29,0xf3,0xe0,0x03,0xca,0x1e,0x04,0x15,0xc8,0xcf,0xcb,0xe2,0x03,0x10,0x08,0xaf,0xdf,0xfd,0x1f,0x5f,0x88,0x0c,0x99,0xf0,0x00,0xf0,0x07,0x80,};
const uint8_t* const _I_Suica_TopUpPage2_0019[] = {_I_Suica_TopUpPage2_0019_0};

const uint8_t _I_Suica_TopUpPage2_0020_0[] = {0x01,0x00,0xcc,0x01,0x00,0x78,0x03,0xc0,0x1e,0x00,0xf0,0x07,0x80,0x3c,0x01,0xe0,0x0f,0x00,0x78,0x03,0xc0,0x1e,0x00,0xf0,0x05,0x43,0xc1,0xdb,0x80,0xf0,0xff,0xc0,0x03,0x7f,0x07,0xcf,0x02,0x30,0x1f,0xda,0x04,0x18,0x1f,0xd0,0x11,0x43,0x8d,0xcb,0xff,0x03,0x07,0x88,0x61,0xec,0x00,0x43,0x16,0x08,0x3e,0x26,0x01,0xf3,0x86,0x03,0xe7,0x30,0x04,0x38,0xc8,0x3e,0x69,0x9f,0xe3,0xb9,0x4c,0x81,0xf3,0x24,0x2c,0x16,0x02,0xc8,0x0f,0x9c,0xa7,0xf0,0x3e,0x33,0xfb,0x49,0xbe,0x6a,0x82,0xf3,0xb5,0x23,0xe6,0xa9,0x07,0x41,0x90,0x3c,0x55,0xf1,0x54,0x45,0x88,0xfc,0x41,0xe2,0xcf,0x5f,0xf4,0xfc,0x1e,0xf0,0x00,0x31,0x00,0x06,0x04,0x9d,0x10,0x79,0x80,0x23,0xf5,0x6f,0x07,0xa7,0xc1,0x46,0x71,0xf0,0x79,0x78,0xac,0x60,0xf4,0x84,0x48,0x17,0x06,0x9c,0x3b,0xc8,0x3d,0x20,0x91,0x00,0x7b,0x46,0x23,0x80,0xf4,0x92,0x44,0x81,0xe9,0xf0,0x87,0xc4,0x21,0xa0,0xf4,0xa2,0x44,0x41,0xe7,0xc0,0x8f,0xc4,0x01,0xe5,0x56,0x07,0x96,0x10,0x5e,0x92,0x0a,0xc4,0x92,0xa0,0x95,0x1a,0x98,0x3c,0xbc,0x91,0x30,0x79,0xe4,0x32,0x76,0x2a,0x81,0xa4,0x69,0x21,0xf8,0xe8,0x45,0xac,0x39,0x08,0x21,0x2c,0x43,0xf1,0x50,0xca,0x58,0xa6,0x11,0x8f,0x6e,0x4d,0xd0,0x41,0xf6,0xab,0x59,0x2c,0x10,0x28,0x07,0x20,0x14,0x40,0xf5,0xc8,0x44,0xee,0x1c,0x0d,0xa7,0xfe,0xce,0x0a,0x24,0x7a,0xc8,0x3f,0x13,0xfc,0x00,0xb0,0x52,0xc6,0x0f,0x5e,0x03,0x08,0x98,0xcb,0xfc,0x67,0x9b,0xe8,0x40,0x05,0xfe,0xff,0xc3,0xc0,0xa5,0xf8,0x07,0xc0,0x03,0xc0,0x1e,0x00,0xf0,0x07,0x17,0x4c,0x06,0x26,0x34,0x00,0x24,0x06,0x61,0xfe,0x9f,0x80,0xc4,0x02,0x38,0x02,0xf9,0x40,0xfc,0x06,0xb1,0xcc,0xcc,0x60,0x52,0x0f,0x0c,0xc3,0xe3,0x30,0xa0,0x25,0x13,0x05,0x10,0xac,0xcc,0x78,0x52,0x1d,0xcc,0xcf,0xb2,0xaa,0x10,0xf9,0x42,0x61,0x10,0x09,0x07,0x06,0x63,0x42,0x90,0xef,0x66,0xff,0x99,0x8e,0x83,0xcf,0xe7,0xe7,0xc6,0xfd,0x1b,0xab,0x76,0x66,0x60,0x1f,0x1f,0x2c,0xd3,0xc2,0x0f,0x1f,0x9f,0xcf,0xcf,0x1b,0xc4,0x68,0xad,0x1b,0xd9,0x90,0xfc,0x68,0xb3,0x40,0xf9,0x7e,0x7f,0x3f,0x38,0xdd,0x23,0x25,0x64,0xde,0x87,0xca,0x9b,0x36,0xf0,0xcc,0xf4,0x1f,0xcf,0xe7,0xe4,0x1e,0x71,0x99,0xbf,0x8a,0x47,0xf9,0x99,0x83,0xc8,0x9e,0x51,0xb2,0x78,0xd8,0x23,0x33,0x2e,0x94,0x97,0x63,0x31,0xc8,0xcd,0xa4,0x06,0xf2,0x8c,0x1b,0xc6,0xe1,0x19,0x9a,0x97,0xc4,0xfe,0x3d,0x99,0xa2,0x28,0x40,0x03,0x1f,0x02,0x0a,0x6c,0x81,0xe2,0x9f,0x3e,0x00,0x3c,0xa1,0xe0,0x41,0x5c,0x8c,0xfc,0xbe,0x20,0x31,0x00,0x8a,0xfd,0xff,0xd1,0xf5,0xf8,0x80,0xc9,0x9f,0x00,0x0f,0x00,0x78,};
const uint8_t* const _I_Suica_TopUpPage2_0020[] = {_I_Suica_TopUpPage2_0020_0};

const uint8_t _I_Suica_TopUpPage2_0021_0[] = {0x01,0x00,0xde,0x01,0x00,0x78,0x03,0xc0,0x1e,0x00,0xf0,0x07,0x80,0x3c,0x01,0xe0,0x0f,0x00,0x78,0x03,0xc0,0x1e,0x00,0xf0,0x05,0x43,0xc1,0xdb,0x80,0xf0,0xff,0xc0,0x03,0x7f,0x07,0xcf,0x02,0x30,0x1f,0xda,0x04,0x18,0x1f,0xd0,0x11,0x43,0x8d,0xcb,0xff,0x03,0x07,0x88,0x61,0xec,0x00,0x43,0x16,0x08,0x3d,0x78,0x01,0x81,0x98,0x07,0xce,0x18,0x0f,0x69,0x04,0x12,0x01,0x98,0x03,0x9c,0x64,0x3e,0xe4,0x51,0xa6,0x7f,0x8e,0xe5,0x32,0x1f,0xbc,0x0a,0x01,0x24,0x2c,0x16,0x02,0xc8,0x0f,0x70,0x60,0xe5,0x3f,0x81,0xf1,0x9f,0xda,0x4d,0xed,0x80,0x01,0x0d,0x50,0x5e,0x76,0xa4,0x7b,0x85,0x46,0xa9,0x07,0x23,0x10,0x3c,0x55,0xea,0x1f,0x33,0x90,0x81,0x84,0x1e,0x2c,0xf5,0xdf,0x4f,0x81,0xef,0x00,0x03,0x11,0x78,0x93,0xa2,0x0f,0x30,0x04,0x7e,0xad,0xe0,0xf4,0xf8,0x28,0xce,0x3e,0x0f,0x2b,0x15,0x8c,0x1e,0x90,0x89,0x00,0x2c,0xa6,0x00,0x32,0xa6,0x5e,0x41,0xe9,0x04,0x88,0x03,0xda,0xb1,0x1d,0x07,0xa4,0x92,0x24,0x0f,0x4f,0x84,0x3e,0xa1,0x0d,0x07,0xa5,0x12,0x22,0x0f,0x3e,0x04,0x7e,0x20,0x0f,0x2a,0xb0,0x3c,0xb0,0x82,0xf4,0x90,0x56,0x24,0x95,0x07,0x40,0xd4,0xc1,0xe5,0xe4,0x89,0x83,0xcf,0x21,0x93,0xb1,0x54,0x3e,0x5f,0xfa,0x48,0x7e,0x3a,0x11,0x6b,0x0e,0x42,0x08,0x4b,0x10,0xfc,0x54,0x32,0x96,0x29,0x87,0xe7,0xff,0x93,0x74,0x10,0x7d,0xaa,0xd6,0x4b,0x04,0x0a,0x01,0xc8,0x05,0x10,0x3d,0x72,0x11,0x3b,0x87,0x03,0xf9,0xff,0xb3,0x82,0x89,0x1e,0xb2,0x0f,0xc4,0xff,0x00,0x2c,0x14,0xb1,0x83,0xd7,0x80,0xc2,0x26,0x32,0x89,0x44,0x00,0x53,0xf7,0x01,0xff,0xbf,0xf0,0xf0,0x29,0x7e,0x01,0xf0,0x00,0xf0,0x07,0x80,0x3c,0x01,0xc5,0xd3,0x01,0x89,0x8d,0x00,0x09,0x01,0x98,0x7f,0xa7,0xe0,0x31,0x00,0x8e,0x00,0xbe,0x50,0x3f,0x01,0xac,0x73,0x33,0x18,0x14,0x83,0xc3,0x30,0xf8,0xcc,0x28,0x09,0x44,0xc1,0x44,0x2b,0x33,0x1e,0x14,0x87,0x73,0x33,0xec,0xaa,0x84,0x3e,0x50,0x98,0x44,0x02,0x41,0xc1,0x98,0xd0,0xa4,0x3b,0xd9,0xbf,0xe6,0x63,0xa0,0xf3,0xf9,0xf9,0xf1,0xbf,0x46,0xea,0xdd,0x99,0x98,0x07,0xc7,0xcb,0x34,0xf0,0x83,0xc7,0xe7,0xf3,0xf3,0xc6,0xf1,0x1a,0x2b,0x46,0xf6,0x64,0x3f,0x1a,0x2c,0xd0,0x3e,0x5f,0x9f,0xcf,0xce,0x37,0x48,0xc9,0x59,0x37,0xa1,0xf2,0xa6,0xcd,0xbc,0x33,0x3d,0x07,0xf3,0xf9,0xf9,0x07,0x9c,0x66,0x6f,0xe2,0x91,0xfe,0x66,0x60,0xf2,0x27,0x94,0x6c,0x9e,0x36,0x08,0xcc,0xcb,0xa5,0x25,0xd8,0xcc,0x72,0x33,0x69,0x01,0xbc,0xa3,0x06,0xf1,0xb8,0x46,0x66,0xa5,0xf1,0x3f,0x8f,0x66,0x68,0x8a,0x10,0x00,0xc7,0xc0,0x82,0x9b,0x20,0x78,0xa7,0xcf,0x80,0x0f,0x28,0x78,0x10,0x57,0x23,0x3f,0x2f,0x88,0x0c,0x40,0x22,0xbf,0x7f,0xf4,0x7d,0x7e,0x20,0x32,0x67,0xc0,0x03,0xc0,0x1e,};
const uint8_t* const _I_Suica_TopUpPage2_0021[] = {_I_Suica_TopUpPage2_0021_0};

const uint8_t _I_Suica_TopUpPage2_0022_0[] = {0x01,0x00,0xeb,0x01,0x00,0x78,0x03,0xc0,0x1e,0x00,0xf0,0x07,0x80,0x3c,0x01,0xe0,0x0f,0x00,0x78,0x03,0xc0,0x1e,0x00,0xf0,0x05,0x43,0xc1,0xdb,0x80,0xf0,0xff,0xc0,0x03,0x7f,0x07,0xcf,0x02,0x30,0x1f,0xda,0x04,0x18,0x0a,0x7e,0x08,0x38,0x3e,0x20,0x20,0x53,0x88,0x42,0x05,0x02,0x37,0x2f,0xfc,0x0c,0x1e,0x21,0x54,0x84,0x44,0x20,0x16,0x00,0x39,0x8b,0x04,0x1e,0xbc,0x00,0xc0,0xcc,0x03,0xe7,0x0c,0x07,0xb4,0x82,0x09,0x00,0xcc,0x01,0xce,0x32,0x1f,0x72,0x28,0xd3,0x3f,0xc7,0x72,0x99,0x03,0xda,0x01,0x02,0x80,0x49,0x0b,0x05,0x80,0xb2,0x03,0xdc,0x18,0x39,0x4f,0xe0,0x7c,0x67,0xf6,0x93,0x7b,0x60,0x00,0x43,0x54,0x17,0x9d,0xa9,0x1e,0xc1,0xf2,0xaa,0x24,0x8b,0x80,0x0f,0x15,0x7a,0x87,0xcc,0xe4,0x20,0x61,0x07,0x8b,0x3d,0x77,0xd3,0xe0,0x7b,0xc0,0x00,0xc4,0x5e,0x24,0xe8,0x83,0xcc,0x01,0x1f,0xab,0x78,0x3d,0x3e,0x0a,0x33,0x8f,0x83,0xca,0xc5,0x63,0x07,0xa4,0x22,0x40,0x0b,0x29,0x80,0x0c,0xa9,0x97,0x90,0x7a,0x41,0x1a,0xc2,0x0f,0x5a,0xc4,0x74,0x1e,0x92,0x48,0x90,0x3d,0x3e,0x10,0xfa,0x84,0x34,0x1e,0x94,0x48,0x88,0x3c,0xf8,0x11,0xf8,0x80,0x3c,0xaa,0xc0,0xf2,0xc2,0x0b,0xd2,0x41,0x58,0x92,0x54,0x1d,0x03,0x53,0x07,0x97,0x92,0x26,0x0f,0x3c,0x86,0x4e,0xc5,0x50,0xf9,0x7f,0xe9,0x21,0xf8,0xe8,0x45,0xac,0x39,0x08,0x21,0x2c,0x43,0xf1,0x50,0xca,0x58,0xa6,0x1f,0x9f,0xfe,0x4d,0xd0,0x41,0xf6,0xab,0x59,0x2c,0x10,0x28,0x07,0x20,0x14,0x40,0xf5,0xc8,0x44,0xee,0x1c,0x0f,0xe7,0xfe,0xce,0x0a,0x24,0x7a,0xc8,0x3f,0x13,0xfc,0x00,0xb0,0x52,0xc6,0x0f,0x5e,0x03,0x08,0x98,0xca,0x25,0x10,0x01,0x4f,0xdc,0x07,0xfe,0xff,0xc3,0xc0,0xa5,0xf8,0x07,0xc0,0x03,0xc0,0x1e,0x00,0xf0,0x07,0x17,0x4c,0x06,0x26,0x34,0x00,0x24,0x06,0x61,0xfe,0x9f,0x80,0xc4,0x02,0x38,0x02,0xf9,0x40,0xfc,0x06,0xb1,0xcc,0xcc,0x60,0x52,0x0f,0x0c,0xc3,0xe3,0x30,0xa0,0x25,0x13,0x05,0x10,0xac,0xcc,0x78,0x52,0x1d,0xcc,0xcf,0xb2,0xaa,0x10,0xf9,0x42,0x61,0x10,0x09,0x07,0x06,0x63,0x42,0x90,0xef,0x66,0xff,0x99,0x8e,0x83,0xcf,0xe7,0xe7,0xc6,0xfd,0x1b,0xab,0x76,0x66,0x60,0x1f,0x1f,0x2c,0xd3,0xc2,0x0f,0x1f,0x9f,0xcf,0xcf,0x1b,0xc4,0x68,0xad,0x1b,0xd9,0x90,0xfc,0x68,0xb3,0x40,0xf9,0x7e,0x7f,0x3f,0x38,0xdd,0x23,0x25,0x64,0xde,0x87,0xca,0x9b,0x36,0xf0,0xcc,0xf4,0x1f,0xcf,0xe7,0xe4,0x1e,0x71,0x99,0xbf,0x8a,0x47,0xf9,0x99,0x83,0xc8,0x9e,0x51,0xb2,0x78,0xd8,0x23,0x33,0x2e,0x94,0x97,0x63,0x31,0xc8,0xcd,0xa4,0x06,0xf2,0x8c,0x1b,0xc6,0xe1,0x19,0x9a,0x97,0xc4,0xfe,0x3d,0x99,0xa2,0x28,0x40,0x03,0x1f,0x02,0x0a,0x6c,0x81,0xe2,0x9f,0x3e,0x00,0x3c,0xa1,0xe0,0x41,0x5c,0x8c,0xfc,0xbe,0x20,0x31,0x00,0x8a,0xfd,0xff,0xd1,0xf5,0xf8,0x80,0xc9,0x9f,0x00,0x0f,0x00,0x78,};
const uint8_t* const _I_Suica_TopUpPage2_0022[] = {_I_Suica_TopUpPage2_0022_0};

const uint8_t _I_Suica_TopUpPage2_0023_0[] = {0x01,0x00,0xf1,0x01,0x00,0x78,0x03,0xc0,0x1e,0x00,0xf0,0x07,0x80,0x3c,0x01,0xe0,0x0f,0x00,0x78,0x03,0xc0,0x1e,0x00,0xf0,0x05,0x43,0xc0,0x87,0xe0,0x83,0x83,0x9f,0x01,0xe1,0xff,0x80,0x06,0xff,0x18,0x8c,0x03,0xdf,0x80,0x09,0x48,0x24,0x80,0x1e,0xf4,0x08,0x30,0x14,0xfc,0x54,0x70,0x7c,0x40,0x40,0xa7,0x10,0x84,0x0a,0x04,0x6e,0x5f,0xf8,0x18,0x3c,0x42,0xa9,0x08,0x88,0x40,0x2c,0x00,0x73,0x16,0x08,0x3d,0x78,0x01,0x81,0x98,0x07,0xce,0x18,0x0f,0x69,0x04,0x12,0x01,0x98,0x03,0x9c,0x64,0x3e,0xe4,0x51,0xa6,0x7f,0x8e,0xe5,0x32,0x07,0xb4,0x02,0x05,0x00,0x92,0x16,0x0b,0x01,0x64,0x07,0xb8,0x30,0x72,0x9f,0xc0,0xf8,0xcf,0xed,0x26,0xf6,0x00,0x15,0x50,0x5e,0x76,0xa4,0x7b,0x03,0xcd,0x84,0x5c,0x00,0x78,0xab,0xd4,0x1e,0x67,0x21,0x1f,0x88,0x3c,0x59,0xeb,0x3e,0x9f,0x03,0xde,0x00,0x06,0x22,0xf1,0x27,0x44,0x1e,0x60,0x08,0xfd,0x5b,0xc1,0xe9,0xf0,0x51,0x9c,0x7c,0x1e,0x56,0x2b,0x18,0x3d,0x21,0x0f,0x63,0x98,0x00,0xca,0x99,0x79,0x07,0xa4,0x11,0xac,0x20,0xf5,0xac,0x47,0x41,0xe9,0x24,0x89,0x03,0xd3,0xe1,0x0f,0xa8,0x43,0x41,0xe9,0x44,0x88,0x83,0xcf,0x81,0x1f,0x88,0x03,0xca,0xac,0x0f,0x2c,0x20,0xbd,0x24,0x15,0x89,0x25,0x41,0xd0,0x35,0x30,0x79,0x79,0x22,0x60,0xf3,0xc8,0x64,0xec,0x55,0x0f,0x97,0xfe,0x92,0x1f,0x8e,0x84,0x5a,0xc3,0x90,0x82,0x12,0xc4,0x3f,0x15,0x0c,0xa5,0x8a,0x61,0xf9,0xff,0xe4,0xdd,0x04,0x1f,0x6a,0xb5,0x92,0xc1,0x02,0x80,0x72,0x01,0x44,0x0f,0x5c,0x84,0x4e,0xe1,0xc0,0xfe,0x7f,0xec,0xe0,0xa2,0x47,0xac,0x83,0xf1,0x3f,0xc0,0x0b,0x05,0x2c,0x60,0xf5,0xe0,0x30,0x89,0x8c,0xa2,0x51,0x00,0x14,0xfd,0xc0,0x7f,0xef,0xfc,0x3c,0x0a,0x5f,0x80,0x7c,0x00,0x3c,0x01,0xe0,0x0f,0x00,0x71,0x74,0xc0,0x62,0x63,0x40,0x02,0x40,0x66,0x1f,0xe9,0xf8,0x0c,0x40,0x23,0x80,0x2f,0x94,0x0f,0xc0,0x6b,0x1c,0xcc,0xc6,0x05,0x20,0xf0,0xcc,0x3e,0x33,0x0a,0x02,0x51,0x30,0x51,0x0a,0xcc,0xc7,0x85,0x21,0xdc,0xcc,0xfb,0x2a,0xa1,0x0f,0x94,0x26,0x11,0x00,0x90,0x70,0x66,0x34,0x29,0x0e,0xf6,0x6f,0xf9,0x98,0xe8,0x3c,0xfe,0x7e,0x7c,0x6f,0xd1,0xba,0xb7,0x66,0x66,0x01,0xf1,0xf2,0xcd,0x3c,0x20,0xf1,0xf9,0xfc,0xfc,0xf1,0xbc,0x46,0x8a,0xd1,0xbd,0x99,0x0f,0xc6,0x8b,0x34,0x0f,0x97,0xe7,0xf3,0xf3,0x8d,0xd2,0x32,0x56,0x4d,0xe8,0x7c,0xa9,0xb3,0x6f,0x0c,0xcf,0x41,0xfc,0xfe,0x7e,0x41,0xe7,0x19,0x9b,0xf8,0xa4,0x7f,0x99,0x98,0x3c,0x89,0xe5,0x1b,0x27,0x8d,0x82,0x33,0x32,0xe9,0x49,0x76,0x33,0x1c,0x8c,0xda,0x40,0x6f,0x28,0xc1,0xbc,0x6e,0x11,0x99,0xa9,0x7c,0x4f,0xe3,0xd9,0x9a,0x22,0x84,0x00,0x31,0xf0,0x20,0xa6,0xc8,0x1e,0x29,0xf3,0xe0,0x03,0xca,0x1e,0x04,0x15,0xc8,0xcf,0xcb,0xe2,0x03,0x10,0x08,0xaf,0xdf,0xfd,0x1f,0x5f,0x88,0x0c,0x99,0xf0,0x00,0xf0,0x07,0x80,};
const uint8_t* const _I_Suica_TopUpPage2_0023[] = {_I_Suica_TopUpPage2_0023_0};

const uint8_t _I_Suica_TopUpPage2_0024_0[] = {0x01,0x00,0xed,0x01,0x00,0x78,0x03,0xc0,0x1e,0x00,0xf0,0x07,0x80,0x3f,0xf0,0x10,0xf0,0x07,0x80,0x3c,0x01,0xe0,0x0f,0x00,0x78,0x02,0x61,0xe0,0x43,0xf0,0x41,0xc1,0xcf,0x80,0xf0,0xff,0xc0,0x03,0x7f,0x8c,0x46,0x01,0xef,0xc0,0x04,0xa4,0x12,0x40,0x0f,0x7a,0x04,0x18,0x0a,0x7e,0x2a,0x38,0x3e,0x20,0x20,0x53,0x88,0x42,0x05,0x02,0x37,0x2f,0xfc,0x0c,0x1e,0x21,0x54,0x84,0x44,0x20,0x16,0x00,0x39,0x8b,0x04,0x1e,0xbc,0x00,0xc0,0xcc,0x03,0xe7,0x0c,0x07,0xb4,0x82,0x09,0x00,0xcc,0x01,0xce,0x32,0x0f,0x60,0x01,0x53,0x3f,0xc7,0x72,0x99,0x03,0xe6,0x48,0x58,0x2c,0x05,0x90,0x1f,0x39,0x4f,0xe0,0x7c,0x67,0xf6,0x93,0x7b,0x00,0x0a,0xa8,0x2f,0x3b,0x52,0x3d,0x81,0xe6,0xc2,0x2e,0x00,0x3c,0x55,0xea,0x0f,0x33,0x90,0x8f,0xc4,0x1e,0x2c,0xf5,0x9f,0x4f,0x81,0xef,0x00,0x03,0x10,0x00,0x60,0x49,0xd1,0x07,0x98,0x02,0x3f,0x56,0xf0,0x7a,0x7c,0x14,0x67,0x1f,0x07,0x95,0x8a,0xc6,0x0f,0x48,0x43,0xd8,0xe6,0x09,0xc3,0xbc,0x83,0xd2,0x08,0xd6,0x10,0x7a,0xd6,0x23,0xa0,0xf4,0x92,0x44,0x81,0xe9,0xf0,0x87,0xd4,0x21,0xa0,0xf4,0xa2,0x44,0x41,0xe7,0xc0,0x8f,0xc4,0x01,0xe5,0x56,0x07,0x96,0x10,0x5e,0x92,0x0a,0xc4,0x92,0xa0,0xe8,0x1a,0x98,0x3c,0xbc,0x91,0x30,0x79,0xe4,0x32,0x76,0x2a,0x87,0xcb,0xff,0x49,0x0f,0xc7,0x42,0x2d,0x61,0xc8,0x41,0x09,0x62,0x1f,0x8a,0x86,0x52,0xc5,0x30,0xfc,0xff,0xf2,0x6e,0x82,0x0f,0xb5,0x5a,0xc9,0x60,0x81,0x40,0x39,0x00,0xa2,0x07,0xae,0x42,0x27,0x70,0xe0,0x7f,0x3f,0xf6,0x70,0x51,0x23,0xd6,0x41,0xf8,0x9f,0xe0,0x05,0x82,0x96,0x30,0x7a,0xf0,0x18,0x44,0xc6,0x51,0x28,0x80,0x0a,0x7e,0xe0,0x3f,0xf7,0xfe,0x1e,0x05,0x2f,0xc0,0x3e,0x00,0x1e,0x00,0xf0,0x07,0x80,0x38,0xba,0x60,0x31,0x31,0xa0,0x01,0x20,0x33,0x0f,0xf4,0xfc,0x06,0x20,0x11,0xc0,0x17,0xca,0x07,0xe0,0x35,0x8e,0x66,0x63,0x02,0x90,0x78,0x66,0x1f,0x19,0x85,0x01,0x28,0x98,0x28,0x85,0x66,0x63,0xc2,0x90,0xee,0x66,0x7d,0x95,0x50,0x87,0xca,0x13,0x08,0x80,0x48,0x38,0x33,0x1a,0x14,0x87,0x7b,0x37,0xfc,0xcc,0x74,0x1e,0x7f,0x3f,0x3e,0x37,0xe8,0xdd,0x5b,0xb3,0x33,0x00,0xf8,0xf9,0x66,0x9e,0x10,0x78,0xfc,0xfe,0x7e,0x78,0xde,0x23,0x45,0x68,0xde,0xcc,0x87,0xe3,0x45,0x9a,0x07,0xcb,0xf3,0xf9,0xf9,0xc6,0xe9,0x19,0x2b,0x26,0xf4,0x3e,0x54,0xd9,0xb7,0x86,0x67,0xa0,0xfe,0x7f,0x3f,0x20,0xf3,0x8c,0xcd,0xfc,0x52,0x3f,0xcc,0xcc,0x1e,0x44,0xf2,0x8d,0x93,0xc6,0xc1,0x19,0x99,0x74,0xa4,0xbb,0x19,0x8e,0x46,0x6d,0x20,0x37,0x94,0x60,0xde,0x37,0x08,0xcc,0xd4,0xbe,0x27,0xf1,0xec,0xcd,0x11,0x42,0x00,0x18,0xf8,0x10,0x53,0x64,0x0f,0x14,0xf9,0xf0,0x01,0xe5,0x0f,0x02,0x0a,0xe4,0x67,0xe5,0xf1,0x01,0x88,0x04,0x57,0xef,0xfe,0x8f,0xaf,0xc4,0x06,0x4c,0xf8,0x00,0x78,0x03,0xc0,};
const uint8_t* const _I_Suica_TopUpPage2_0024[] = {_I_Suica_TopUpPage2_0024_0};

const uint8_t _I_Suica_TopUpPage2_0025_0[] = {0x01,0x00,0xe8,0x01,0x00,0x78,0x03,0xc0,0x1e,0x00,0xf0,0x07,0xde,0x01,0xfd,0xf8,0x10,0x78,0x03,0xc0,0x1e,0x00,0xf0,0x07,0x80,0x3c,0x01,0x30,0xf0,0x21,0xf8,0x20,0xe0,0xe7,0xc0,0x78,0x7f,0xe0,0x01,0xbf,0xc6,0x23,0x00,0xf7,0xe0,0x02,0x52,0x09,0x20,0x07,0xbd,0x02,0x0c,0x05,0x3f,0x15,0x1c,0x1f,0x10,0x10,0x29,0xc4,0x21,0x02,0x81,0x1b,0x97,0xfe,0x06,0x0f,0x10,0xaa,0x42,0x22,0x10,0x0b,0x00,0x1c,0xc5,0x82,0x0f,0x50,0x01,0x4c,0x03,0xe7,0x0c,0x07,0xce,0x60,0x08,0x71,0x90,0x7c,0xd3,0x3f,0xc7,0x72,0x99,0x03,0xe6,0x48,0x58,0x2c,0x05,0x90,0x1f,0x39,0x4f,0xe0,0x7c,0x67,0xf6,0x93,0x7b,0x00,0x0a,0xa8,0x2f,0x3b,0x52,0x3d,0x81,0xe6,0xc2,0x2e,0x00,0x3c,0x55,0xea,0x0f,0x34,0x58,0x8f,0xc4,0x1e,0x2c,0xf5,0x9f,0x4f,0x81,0xef,0x00,0x03,0x10,0x00,0x60,0x49,0xd1,0x07,0x98,0x02,0x3f,0x56,0xf0,0x7a,0x7c,0x14,0x67,0x1f,0x07,0x95,0x8a,0xc6,0x0f,0x48,0x43,0xd8,0xe6,0x09,0xc3,0xbc,0x83,0xd2,0x08,0xd6,0x10,0x7a,0xd6,0x23,0xa0,0xf4,0x92,0x44,0x81,0xe9,0xf0,0x87,0xd4,0x21,0xa0,0xf4,0xa2,0x44,0x41,0xe7,0xc0,0x8f,0xc4,0x01,0xe5,0x56,0x07,0x96,0x10,0x5e,0x92,0x0a,0xc4,0x92,0xa0,0xe8,0x1a,0x98,0x3c,0xbc,0x91,0x30,0x79,0xe4,0x32,0x76,0x2a,0x87,0xcb,0xff,0x49,0x0f,0xc7,0x42,0x2d,0x61,0xc8,0x41,0x09,0x62,0x1f,0x8a,0x86,0x52,0xc5,0x30,0xfc,0xff,0xf2,0x6e,0x82,0x0f,0xb5,0x5a,0xc9,0x60,0x81,0x40,0x39,0x00,0xa2,0x07,0xae,0x42,0x27,0x70,0xe0,0x7f,0x3f,0xf6,0x70,0x51,0x23,0xd6,0x41,0xf8,0x9f,0xe0,0x05,0x82,0x96,0x30,0x7a,0xf0,0x18,0x44,0xc6,0x51,0x28,0x80,0x0a,0x7e,0xe0,0x3f,0xf7,0xfe,0x1e,0x05,0x2f,0xc0,0x3e,0x00,0x1e,0x00,0xf0,0x07,0x80,0x38,0xba,0x60,0x31,0x31,0xa0,0x01,0x20,0x33,0x0f,0xf4,0xfc,0x06,0x20,0x11,0xc0,0x17,0xca,0x07,0xe0,0x35,0x8e,0x66,0x63,0x02,0x90,0x78,0x66,0x1f,0x19,0x85,0x01,0x28,0x98,0x28,0x85,0x66,0x63,0xc2,0x90,0xee,0x66,0x7d,0x95,0x50,0x87,0xca,0x13,0x08,0x80,0x48,0x38,0x33,0x1a,0x14,0x87,0x7b,0x37,0xfc,0xcc,0x74,0x1e,0x7f,0x3f,0x3e,0x37,0xe8,0xdd,0x5b,0xb3,0x33,0x00,0xf8,0xf9,0x66,0x9e,0x10,0x78,0xfc,0xfe,0x7e,0x78,0xde,0x23,0x45,0x68,0xde,0xcc,0x87,0xe3,0x45,0x9a,0x07,0xcb,0xf3,0xf9,0xf9,0xc6,0xe9,0x19,0x2b,0x26,0xf4,0x3e,0x54,0xd9,0xb7,0x86,0x67,0xa0,0xfe,0x7f,0x3f,0x20,0xf3,0x8c,0xcd,0xfc,0x52,0x3f,0xcc,0xcc,0x1e,0x44,0xf2,0x8d,0x93,0xc6,0xc1,0x19,0x99,0x74,0xa4,0xbb,0x19,0x8e,0x46,0x6d,0x20,0x37,0x94,0x60,0xde,0x37,0x08,0xcc,0xd4,0xbe,0x27,0xf1,0xec,0xcd,0x11,0x42,0x00,0x18,0xf8,0x10,0x53,0x64,0x0f,0x14,0xf9,0xf0,0x01,0xe5,0x0f,0x02,0x0a,0xe4,0x67,0xe5,0xf1,0x01,0x88,0x04,0x57,0xef,0xfe,0x8f,0xaf,0xc4,0x06,0x4c,0xf8,0x00,0x78,0x03,0xc0,};
const uint8_t* const _I_Suica_TopUpPage2_0025[] = {_I_Suica_TopUpPage2_0025_0};

const uint8_t _I_Suica_TopUpPage2_0026_0[] = {0x01,0x00,0xdd,0x01,0x00,0x78,0x03,0xc0,0x1e,0x00,0xf9,0xc0,0x3f,0xaf,0x00,0xfe,0xfc,0x0c,0x3c,0x01,0xe0,0x0f,0x00,0x78,0x03,0xc0,0x1e,0x00,0x98,0x78,0x10,0xfc,0x10,0x70,0x73,0xe0,0x3c,0x3f,0xf0,0x00,0xdf,0xe3,0x11,0x80,0x7b,0xf0,0x01,0x29,0x04,0x90,0x03,0xde,0x81,0x06,0x02,0x9c,0x0a,0x80,0x0f,0x88,0x08,0xa1,0xc6,0xe5,0xff,0x81,0x83,0xc4,0x30,0xf6,0x00,0x21,0x8b,0x04,0x1f,0x13,0x00,0xf9,0xc3,0x01,0xf3,0x98,0x02,0x1c,0x64,0x1f,0x34,0xcf,0xf1,0xdc,0xa6,0x40,0xf9,0x92,0x16,0x0b,0x01,0x64,0x07,0xce,0x53,0xf8,0x1f,0x19,0xfd,0xa4,0xdf,0x35,0x41,0x79,0xda,0x91,0xec,0x0f,0x36,0x11,0x70,0x01,0xe2,0xaf,0x50,0x79,0xa2,0xc4,0x7e,0x20,0xf1,0x67,0xac,0xfa,0x7c,0x0f,0x78,0x00,0x18,0x97,0xe4,0x9d,0x10,0x79,0x80,0x23,0xf5,0x6f,0x07,0xa7,0xc1,0x46,0x71,0xf0,0x79,0x58,0xac,0x60,0xf4,0x84,0x3d,0x8e,0x60,0x9c,0x3b,0xc8,0x3d,0x20,0x91,0x00,0x7b,0x56,0x23,0xa0,0xf4,0x92,0x44,0x81,0xe9,0xf0,0x87,0xd4,0x21,0xa0,0xf4,0xa2,0x44,0x41,0xe7,0xc0,0x8f,0xc4,0x01,0xe5,0x56,0x07,0x96,0x10,0x5e,0x92,0x0a,0xc4,0x92,0xa0,0xe8,0x1a,0x98,0x3c,0xbc,0x91,0x30,0x79,0xe4,0x32,0x76,0x2a,0x87,0xcb,0xff,0x49,0x0f,0xc7,0x42,0x2d,0x61,0xc8,0x41,0x09,0x62,0x1f,0x8a,0x86,0x52,0xc5,0x30,0xfc,0xff,0xf2,0x6e,0x82,0x0f,0xb5,0x5a,0xc9,0x60,0x81,0x40,0x39,0x00,0xa2,0x07,0xae,0x42,0x27,0x70,0xe0,0x7f,0x3f,0xf6,0x70,0x51,0x23,0xd6,0x41,0xf8,0x9f,0xe0,0x05,0x82,0x96,0x30,0x7a,0xf0,0x18,0x44,0xc6,0x51,0x28,0x80,0x0a,0x7e,0xe0,0x3f,0xf7,0xfe,0x1e,0x05,0x2f,0xc0,0x3e,0x00,0x1e,0x00,0xf0,0x07,0x80,0x38,0xba,0x60,0x31,0x31,0xa0,0x01,0x20,0x33,0x0f,0xf4,0xfc,0x06,0x20,0x11,0xc0,0x17,0xca,0x07,0xe0,0x35,0x8e,0x66,0x63,0x02,0x90,0x78,0x66,0x1f,0x19,0x85,0x01,0x28,0x98,0x28,0x85,0x66,0x63,0xc2,0x90,0xee,0x66,0x7d,0x95,0x50,0x87,0xca,0x13,0x08,0x80,0x48,0x38,0x33,0x1a,0x14,0x87,0x7b,0x37,0xfc,0xcc,0x74,0x1e,0x7f,0x3f,0x3e,0x37,0xe8,0xdd,0x5b,0xb3,0x33,0x00,0xf8,0xf9,0x66,0x9e,0x10,0x78,0xfc,0xfe,0x7e,0x78,0xde,0x23,0x45,0x68,0xde,0xcc,0x87,0xe3,0x45,0x9a,0x07,0xcb,0xf3,0xf9,0xf9,0xc6,0xe9,0x19,0x2b,0x26,0xf4,0x3e,0x54,0xd9,0xb7,0x86,0x67,0xa0,0xfe,0x7f,0x3f,0x20,0xf3,0x8c,0xcd,0xfc,0x52,0x3f,0xcc,0xcc,0x1e,0x44,0xf2,0x8d,0x93,0xc6,0xc1,0x19,0x99,0x74,0xa4,0xbb,0x19,0x8e,0x46,0x6d,0x20,0x37,0x94,0x60,0xde,0x37,0x08,0xcc,0xd4,0xbe,0x27,0xf1,0xec,0xcd,0x11,0x42,0x00,0x18,0xf8,0x10,0x53,0x64,0x0f,0x14,0xf9,0xf0,0x01,0xe5,0x0f,0x02,0x0a,0xe4,0x67,0xe5,0xf1,0x01,0x88,0x04,0x57,0xef,0xfe,0x8f,0xaf,0xc4,0x06,0x4c,0xf8,0x00,0x78,0x03,0xc0,};
const uint8_t* const _I_Suica_TopUpPage2_0026[] = {_I_Suica_TopUpPage2_0026_0};

const uint8_t _I_Suica_TopUpPage2_0027_0[] = {0x01,0x00,0xd0,0x01,0x00,0x78,0x03,0xc0,0x1f,0x18,0x07,0xf4,0xe0,0x1f,0xd7,0x80,0x7f,0x7e,0x08,0x1e,0x00,0xf0,0x07,0x80,0x3c,0x01,0xe0,0x0f,0x00,0x4c,0x3c,0x1d,0xb8,0x0f,0x0f,0xfc,0x00,0x37,0xf0,0x7c,0xf0,0x17,0x5d,0x40,0x83,0x03,0xfa,0x02,0x28,0x71,0xb9,0x7f,0xe0,0x60,0xf1,0x0c,0x3d,0x80,0x08,0x62,0xc1,0x07,0xc4,0xc0,0x3e,0x70,0xc0,0x7c,0xe6,0x00,0x87,0x19,0x07,0xcd,0x33,0xfc,0x77,0x29,0x90,0x3e,0x64,0x85,0x82,0xc0,0x59,0x01,0xf3,0x94,0xfe,0x07,0xc6,0x7f,0x69,0x37,0xcd,0x50,0x5e,0x76,0xa4,0x7c,0xd5,0x20,0xe8,0x32,0x07,0x8a,0xbe,0x2a,0x88,0xb1,0x1f,0x88,0x3c,0x59,0xeb,0x3e,0x9f,0x03,0xde,0x00,0x06,0x20,0x00,0xc0,0x93,0xa2,0x0f,0x30,0x04,0x7e,0xad,0xe0,0xf4,0xf8,0x28,0xce,0x3e,0x0f,0x2b,0x15,0x8c,0x1e,0x90,0x89,0x02,0xe0,0xd3,0x87,0x79,0x07,0xa4,0x12,0x20,0x0f,0x6a,0xc4,0x74,0x1e,0x92,0x48,0x90,0x3d,0x3e,0x10,0xfa,0x84,0x34,0x1e,0x94,0x48,0x88,0x3c,0xf8,0x11,0xf8,0x80,0x3c,0xaa,0xc0,0xf2,0xc2,0x0b,0xd2,0x41,0x58,0x92,0x54,0x1d,0x03,0x53,0x07,0x97,0x92,0x26,0x0f,0x3c,0x86,0x4e,0xc5,0x50,0xf9,0x7f,0xe9,0x21,0xf8,0xe8,0x45,0xac,0x39,0x08,0x21,0x2c,0x43,0xf1,0x50,0xca,0x58,0xa6,0x1f,0x9f,0xfe,0x4d,0xd0,0x41,0xf6,0xab,0x59,0x2c,0x10,0x28,0x07,0x20,0x14,0x40,0xf5,0xc8,0x44,0xee,0x1c,0x0f,0xe7,0xfe,0xce,0x0a,0x24,0x7a,0xc8,0x3f,0x13,0xfc,0x00,0xb0,0x52,0xc6,0x0f,0x5e,0x03,0x08,0x98,0xca,0x25,0x10,0x01,0x4f,0xdc,0x07,0xfe,0xff,0xc3,0xc0,0xa5,0xf8,0x07,0xc0,0x03,0xc0,0x1e,0x00,0xf0,0x07,0x17,0x4c,0x06,0x26,0x34,0x00,0x24,0x06,0x61,0xfe,0x9f,0x80,0xc4,0x02,0x38,0x02,0xf9,0x40,0xfc,0x06,0xb1,0xcc,0xcc,0x60,0x52,0x0f,0x0c,0xc3,0xe3,0x30,0xa0,0x25,0x13,0x05,0x10,0xac,0xcc,0x78,0x52,0x1d,0xcc,0xcf,0xb2,0xaa,0x10,0xf9,0x42,0x61,0x10,0x09,0x07,0x06,0x63,0x42,0x90,0xef,0x66,0xff,0x99,0x8e,0x83,0xcf,0xe7,0xe7,0xc6,0xfd,0x1b,0xab,0x76,0x66,0x60,0x1f,0x1f,0x2c,0xd3,0xc2,0x0f,0x1f,0x9f,0xcf,0xcf,0x1b,0xc4,0x68,0xad,0x1b,0xd9,0x90,0xfc,0x68,0xb3,0x40,0xf9,0x7e,0x7f,0x3f,0x38,0xdd,0x23,0x25,0x64,0xde,0x87,0xca,0x9b,0x36,0xf0,0xcc,0xf4,0x1f,0xcf,0xe7,0xe4,0x1e,0x71,0x99,0xbf,0x8a,0x47,0xf9,0x99,0x83,0xc8,0x9e,0x51,0xb2,0x78,0xd8,0x23,0x33,0x2e,0x94,0x97,0x63,0x31,0xc8,0xcd,0xa4,0x06,0xf2,0x8c,0x1b,0xc6,0xe1,0x19,0x9a,0x97,0xc4,0xfe,0x3d,0x99,0xa2,0x28,0x40,0x03,0x1f,0x02,0x0a,0x6c,0x81,0xe2,0x9f,0x3e,0x00,0x3c,0xa1,0xe0,0x41,0x5c,0x8c,0xfc,0xbe,0x20,0x31,0x00,0x8a,0xfd,0xff,0xd1,0xf5,0xf8,0x80,0xc9,0x9f,0x00,0x0f,0x00,0x78,};
const uint8_t* const _I_Suica_TopUpPage2_0027[] = {_I_Suica_TopUpPage2_0027_0};

const uint8_t _I_Suica_TozaiT_0[] = {0x01,0x00,0x0a,0x00,0xff,0xc1,0xc0,0x27,0x70,0x80,0x00,0x7c,0x02,0x60,};
const uint8_t* const _I_Suica_TozaiT[] = {_I_Suica_TozaiT_0};

const uint8_t _I_Suica_TrainIcon_0[] = {0x00,0xfe,0x00,0x01,0x01,0x49,0x01,0x25,0x01,0x01,0x01,0xff,0x01,0xbb,0x01,0xff,0x01,0x82,0x00,0x01,0x01,};
const uint8_t* const _I_Suica_TrainIcon[] = {_I_Suica_TrainIcon_0};

const uint8_t _I_Suica_UnknownIcon_0[] = {0x00,0x1e,0x3f,0x33,0x30,0x18,0x0c,0x0c,0x00,0x0c,0x0c,};
const uint8_t* const _I_Suica_UnknownIcon[] = {_I_Suica_UnknownIcon_0};

const uint8_t _I_Suica_VendingCan1_0[] = {0x00,0x0c,0x00,0x12,0x00,0x29,0x00,0x55,0x00,0xaa,0x00,0x54,0x01,0x28,0x01,0x90,0x00,0x60,0x00,};
const uint8_t* const _I_Suica_VendingCan1[] = {_I_Suica_VendingCan1_0};

const uint8_t _I_Suica_VendingCan2_0[] = {0x00,0x1e,0x35,0x2b,0x35,0x2b,0x35,0x2b,0x35,0x21,0x1e,};
const uint8_t* const _I_Suica_VendingCan2[] = {_I_Suica_VendingCan2_0};

const uint8_t _I_Suica_VendingCan3_0[] = {0x00,0x60,0x00,0x90,0x00,0x28,0x01,0x54,0x01,0xaa,0x00,0x55,0x00,0x29,0x00,0x12,0x00,0x0c,0x00,};
const uint8_t* const _I_Suica_VendingCan3[] = {_I_Suica_VendingCan3_0};

const uint8_t _I_Suica_VendingCan4_0[] = {0x00,0xfe,0x01,0xab,0x02,0x55,0x02,0xab,0x02,0x55,0x02,0xfe,0x01,};
const uint8_t* const _I_Suica_VendingCan4[] = {_I_Suica_VendingCan4_0};

const uint8_t _I_Suica_VendingFlap1_0[] = {0x00,0x10,0x18,0x1c,0x1e,0x1f,0x1f,0x1f,0x17,0x13,0x11,0x19,0x0d,0x07,0x03,0x01,};
const uint8_t* const _I_Suica_VendingFlap1[] = {_I_Suica_VendingFlap1_0};

const uint8_t _I_Suica_VendingFlap2_0[] = {0x00,0x10,0x00,0x38,0x00,0x7c,0x00,0xfe,0x00,0xff,0x01,0xfe,0x03,0xfc,0x06,0x78,0x0c,0x30,0x18,0x60,0x1c,0xc0,0x0e,0x80,0x07,0x00,0x03,};
const uint8_t* const _I_Suica_VendingFlap2[] = {_I_Suica_VendingFlap2_0};

const uint8_t _I_Suica_VendingFlap3_0[] = {0x00,0xf0,0xff,0x01,0xf8,0xc7,0x00,0xfc,0x63,0x00,0xfe,0x31,0x00,0xff,0x1f,0x00,};
const uint8_t* const _I_Suica_VendingFlap3[] = {_I_Suica_VendingFlap3_0};

const uint8_t _I_Suica_VendingFlapHollow_0[] = {0x00,0x10,0x18,0x1c,0x16,0x1b,0x15,0x1b,0x15,0x1b,0x15,0x0b,0x05,0x03,0x01,};
const uint8_t* const _I_Suica_VendingFlapHollow[] = {_I_Suica_VendingFlapHollow_0};

const uint8_t _I_Suica_VendingIcon_0[] = {0x00,0x7e,0xff,0xb5,0xbf,0xb5,0xff,0xf5,0xbf,0xe1,0xed,};
const uint8_t* const _I_Suica_VendingIcon[] = {_I_Suica_VendingIcon_0};

const uint8_t _I_Suica_VendingMachine1_0[] = {0x01,0x00,0x16,0x01,0x80,0x7f,0xc0,0x05,0x01,0xc0,0x01,0xc6,0x81,0x00,0x83,0x50,0x3f,0xdf,0xf9,0x0c,0x02,0x11,0x20,0xa4,0xe4,0xb8,0x10,0x38,0x86,0x42,0x49,0xc9,0x83,0xc1,0x24,0x14,0x8c,0x94,0x92,0x11,0x02,0x90,0x79,0x3f,0xf1,0xf8,0x24,0x06,0x81,0x02,0x11,0x8e,0x0a,0x01,0x60,0x16,0x96,0xea,0x01,0x50,0x80,0x82,0xca,0x0d,0x48,0x02,0x96,0x72,0x11,0x44,0xf0,0x84,0x47,0x43,0x10,0xa1,0x44,0x41,0x63,0xa2,0x90,0x50,0x79,0x30,0x9f,0x3e,0x93,0x41,0x40,0xe4,0xc6,0x38,0xfa,0x4a,0x00,0x14,0x67,0x3c,0x79,0x25,0x06,0x81,0x09,0x0b,0x8d,0x12,0x85,0x40,0xf4,0x88,0xc7,0x0a,0x05,0x18,0x4e,0x3b,0xc7,0x84,0xa1,0x58,0x01,0x65,0xb5,0xad,0x54,0x02,0xe5,0x94,0xa9,0x52,0x31,0x23,0x81,0xea,0x55,0xe8,0x82,0x91,0xf2,0xd5,0x2a,0x94,0x2a,0x4c,0xc2,0xce,0x0b,0x1a,0x0d,0x26,0x51,0xa3,0x8a,0x74,0x07,0x63,0x19,0xa0,0xd5,0x2a,0xa4,0x12,0x05,0x8d,0x40,0x8e,0x60,0xb4,0xf3,0x82,0xc4,0x6a,0x60,0xb1,0xac,0x10,0x4a,0x2b,0x50,0xae,0x42,0x78,0xf7,0x18,0xa5,0x46,0xac,0x0b,0x4a,0xd8,0x5c,0xbe,0x95,0xfa,0xa8,0x14,0xa0,0x94,0x0a,0xd8,0xa4,0x80,0xa3,0x55,0xa4,0xc8,0x2c,0x80,0xb2,0x84,0xc6,0x6c,0x20,0xb2,0xe4,0xc8,0x6c,0xfe,0x4a,0x7d,0x2c,0x2e,0x3e,0x69,0x25,0x22,0x4a,0x23,0x2d,0x25,0x2e,0x46,0x35,0x2d,0x2d,0x2e,0x23,0x89,0xf1,0xce,0x02,0x23,0x08,0x05,0x97,0x96,0x9f,0x04,0x1d,0xa4,0x09,0x8a,0x50,0x2a,0x04,0x07,0xc4,0x11,0x18,0x0e,0x80,0x10,0x20,0xb1,0x77,0x08,0x50,0x40,0xa5,0x10,0x80,0x46,0x00,0xa5,0x0c,0x80,0x78,0x1f,0x85,0x03,0x80,0x00,};
const uint8_t* const _I_Suica_VendingMachine1[] = {_I_Suica_VendingMachine1_0};

const uint8_t _I_Suica_VendingMachine2_0[] = {0x01,0x00,0x12,0x01,0x80,0x7f,0xc0,0x05,0x01,0xc0,0x01,0xc6,0x81,0x00,0x83,0x50,0x3f,0xdf,0xf9,0x0c,0x02,0x11,0x20,0xa4,0xe4,0xb8,0x10,0x38,0x86,0x42,0x49,0xc9,0x83,0xc1,0x24,0x14,0x8c,0x94,0x92,0x11,0x02,0x90,0x79,0x3f,0xf1,0xf8,0x24,0x06,0x81,0x02,0x11,0x8e,0x0a,0x01,0x60,0x16,0x96,0xea,0x01,0x50,0x80,0x82,0xca,0x0d,0x48,0x02,0x96,0x72,0x11,0x44,0xf0,0x84,0x47,0x43,0x10,0xa1,0x44,0x41,0x63,0xa2,0x90,0x50,0x79,0x30,0x1f,0x3e,0x93,0x41,0x40,0xa4,0xc2,0x3c,0x7a,0x4a,0x05,0x03,0x93,0x39,0xf3,0xc9,0x28,0x34,0x08,0x48,0x5c,0x68,0x94,0x2a,0x07,0xa4,0x46,0x38,0x50,0x28,0xc2,0x78,0xf7,0x1c,0x25,0x0a,0xc0,0x0b,0x2d,0xad,0x6a,0xa0,0x17,0x2c,0xa5,0x4a,0x91,0x89,0x1c,0x0f,0x52,0xaf,0x44,0x14,0x8f,0x96,0xa9,0x54,0xa1,0x72,0x65,0x16,0x70,0x58,0x90,0x46,0x31,0xa7,0x8a,0x74,0x07,0x65,0x63,0xaa,0x55,0x40,0xa4,0x0b,0x1a,0x81,0x1c,0xc1,0x69,0xe7,0x05,0x88,0xd4,0xc1,0x63,0x58,0x20,0x94,0x56,0xa1,0x5c,0x84,0xe3,0xbc,0x71,0x4a,0x8d,0x58,0x16,0x95,0xb0,0xb9,0x7d,0x2b,0xf5,0x50,0x29,0x41,0x28,0x15,0xb1,0x49,0x01,0x44,0x16,0x33,0x19,0x30,0x2c,0xb1,0x30,0x9d,0x20,0x2c,0xb9,0x33,0x1d,0x3f,0x92,0x9d,0x4b,0x47,0x9d,0x22,0x4a,0x23,0x2d,0x25,0x2e,0x46,0x35,0x2d,0x2d,0x2e,0x23,0xc9,0xb8,0xc7,0x02,0x23,0x08,0x05,0x97,0x96,0x9d,0x04,0x1d,0xa4,0x09,0x8a,0x50,0x2a,0x04,0x07,0xc4,0x11,0x18,0x0e,0x80,0x10,0x20,0xb1,0x77,0x08,0x50,0x40,0xa5,0x10,0x80,0x46,0x00,0xa5,0x0c,0x80,0x78,0x1f,0x85,0x03,0x80,0x00,};
const uint8_t* const _I_Suica_VendingMachine2[] = {_I_Suica_VendingMachine2_0};

const uint8_t _I_Suica_VendingMachine3_0[] = {0x01,0x00,0x0f,0x01,0x80,0x7f,0xc0,0x05,0x01,0xc0,0x01,0xc6,0x81,0x00,0x83,0x50,0x3f,0xdf,0xf9,0x0c,0x02,0x11,0x20,0xa4,0xe4,0xb8,0x10,0x38,0x86,0x42,0x49,0xc9,0x83,0xc1,0x24,0x14,0x8c,0x94,0x92,0x11,0x02,0x90,0x79,0x3f,0xf1,0xf8,0x24,0x06,0x81,0x02,0x11,0x8e,0x0a,0x01,0x60,0x16,0x96,0xea,0x01,0x50,0x80,0x82,0xca,0x0d,0x48,0x02,0x96,0x72,0x11,0x44,0xf0,0x84,0x47,0x43,0x10,0xa1,0x44,0x41,0x63,0xa2,0x90,0x50,0x79,0x30,0x1f,0x3e,0x93,0x41,0x40,0x84,0xc8,0x2c,0xba,0x4a,0x05,0x03,0x93,0x39,0xb3,0xc9,0x28,0x20,0xb1,0x0b,0x8d,0x12,0x85,0x40,0xf4,0x88,0xc7,0x0a,0x05,0x1c,0x4f,0x8e,0x71,0x84,0xa1,0x58,0x01,0x65,0xb5,0xad,0x54,0x02,0xe5,0x94,0xa9,0x52,0x31,0x23,0x81,0xea,0x55,0xe8,0x82,0x91,0xf2,0xd5,0x2a,0x94,0x2e,0x4c,0x66,0xce,0x0b,0x12,0x08,0xce,0x7c,0xf1,0x4e,0x80,0xec,0xea,0x95,0x50,0x29,0x02,0xc6,0xa0,0x05,0x19,0x8f,0x9c,0x16,0xe3,0x53,0x05,0x8d,0x60,0x82,0x51,0x5a,0x85,0x72,0x93,0x1c,0xe3,0xc5,0x2a,0x35,0x60,0x5a,0x56,0xc2,0xe5,0xf4,0xaf,0xd5,0x40,0xa5,0x04,0xa0,0x56,0xc5,0x24,0x05,0x1a,0xae,0x26,0x72,0xbe,0x10,0x59,0x40,0x78,0xc0,0xb2,0x08,0x8f,0x0e,0xc9,0x4c,0xa5,0x85,0xca,0x49,0x48,0x92,0x88,0xcb,0x09,0x43,0x91,0xa3,0xce,0x87,0x11,0xe4,0xce,0x31,0xc1,0x11,0x84,0x02,0xca,0xcb,0x4c,0x82,0x0e,0xd2,0x04,0xc5,0x28,0x15,0x02,0x03,0xe2,0x08,0x8c,0x07,0x40,0x08,0x10,0x58,0xbb,0x84,0x28,0x20,0x52,0x88,0x40,0x23,0x00,0x52,0x86,0x40,0x3c,0x0f,0xc2,0x81,0xc0,0x00,};
const uint8_t* const _I_Suica_VendingMachine3[] = {_I_Suica_VendingMachine3_0};

const uint8_t _I_Suica_VendingMachine4_0[] = {0x01,0x00,0x15,0x01,0x80,0x7f,0xc0,0x05,0x01,0xc0,0x01,0xc6,0x81,0x00,0x83,0x50,0x3f,0xdf,0xf9,0x0c,0x02,0x11,0x20,0xa4,0xe4,0xb8,0x10,0x38,0x86,0x42,0x49,0xc9,0x83,0xc1,0x24,0x14,0x8c,0x94,0x92,0x11,0x02,0x90,0x79,0x3f,0xf1,0xf8,0x24,0x06,0x81,0x02,0x11,0x8e,0x0a,0x01,0x60,0x16,0x96,0xea,0x01,0x50,0x80,0x82,0xca,0x0d,0x48,0x02,0x96,0x72,0x11,0x44,0xf0,0x84,0x47,0x43,0x10,0xa1,0x44,0x41,0x63,0xa2,0x90,0x50,0x79,0x32,0x1f,0x3e,0x93,0x41,0x40,0x84,0xcc,0x74,0xda,0x4a,0x05,0x03,0x93,0x39,0xb3,0xc9,0x28,0x20,0xb1,0x0b,0x8d,0x12,0x85,0x40,0xf4,0x88,0xc7,0x0a,0x05,0x1e,0x4d,0xc6,0x39,0x84,0xa1,0x58,0x01,0x65,0xb5,0xad,0x54,0x02,0xe5,0x94,0xa9,0x52,0x31,0x23,0x81,0xea,0x55,0xe8,0x82,0x91,0xf2,0xd5,0x2a,0x94,0x2c,0x4c,0xe7,0xce,0x0b,0x1a,0x08,0x14,0xa2,0x9d,0x01,0xd9,0x79,0xaa,0x95,0x50,0x28,0xcc,0x41,0x63,0x50,0x02,0x8c,0xa7,0xce,0x0b,0x30,0xb9,0x54,0x06,0xa6,0x0b,0x1a,0xc1,0x04,0xa2,0xb5,0x0a,0xe7,0x26,0x71,0x8e,0x8a,0x54,0x6a,0xc0,0xb4,0xad,0x85,0xcb,0xe9,0x5f,0xaa,0x81,0x4a,0x09,0x40,0xad,0x8a,0x48,0x0a,0x35,0x5e,0x4c,0x65,0x7c,0x20,0xb2,0x90,0xd9,0xec,0x94,0xc0,0x58,0xc6,0x2c,0x23,0xb1,0xa5,0x85,0xc7,0xc7,0x94,0xa9,0xc9,0x44,0x65,0xc4,0xa3,0xc8,0xc6,0xa5,0xc5,0xa3,0xc4,0x69,0x31,0xce,0x38,0x44,0x61,0x04,0x14,0x82,0x05,0xc8,0x52,0x30,0x26,0x29,0x40,0xa8,0x10,0x1f,0x10,0x44,0x60,0x3a,0x00,0x40,0x82,0xc5,0xdc,0x25,0x01,0x02,0x94,0x42,0x01,0x18,0x02,0x94,0x32,0x01,0xe0,0x7e,0x14,0x0e,0x00,};
const uint8_t* const _I_Suica_VendingMachine4[] = {_I_Suica_VendingMachine4_0};

const uint8_t _I_Suica_VendingMachine5_0[] = {0x01,0x00,0x18,0x01,0x80,0x7f,0xc0,0x05,0x01,0xc0,0x01,0xc6,0x81,0x00,0x83,0x50,0x3f,0xdf,0xf9,0x0c,0x02,0x11,0x20,0xa4,0xe4,0xb8,0x10,0x38,0x86,0x42,0x49,0xc9,0x83,0xc1,0x24,0x14,0x8c,0x94,0x92,0x11,0x02,0x90,0x79,0x3f,0xf1,0xf8,0x24,0x06,0x81,0x02,0x11,0x8e,0x0a,0x01,0x60,0x16,0x96,0xea,0x01,0x50,0x80,0x82,0xca,0x0d,0x48,0x02,0x96,0x72,0x11,0x44,0xf0,0x84,0x47,0x43,0x10,0xa1,0x44,0x41,0x63,0xa2,0x90,0x50,0x79,0x33,0x1f,0x3e,0x93,0x41,0x40,0xc4,0xce,0x68,0xfa,0x4a,0x05,0x03,0x93,0x39,0xd3,0xc9,0x28,0x34,0x08,0x48,0x5c,0x68,0x94,0x2a,0x07,0xa4,0x46,0x38,0x50,0x28,0xf2,0x67,0x18,0xec,0x25,0x0a,0xc0,0x0b,0x2d,0xad,0x6a,0xa0,0x17,0x2c,0xa5,0x4a,0x91,0x89,0x1c,0x0f,0x52,0xaf,0x44,0x14,0x8f,0x96,0xa9,0x54,0xa1,0x42,0x67,0x3e,0x70,0x58,0xd0,0x40,0xa3,0xe6,0x8a,0x74,0x05,0x23,0x31,0xe2,0x55,0x2a,0xa0,0x51,0x94,0x82,0xc6,0xa0,0x05,0x18,0xcf,0x1c,0x16,0x61,0xd1,0x05,0x88,0xd4,0xc1,0x63,0x58,0x20,0x94,0x56,0xa1,0x5c,0xe4,0xdc,0x63,0x91,0x4a,0x8d,0x58,0x16,0x95,0xb0,0xb9,0x7d,0x2b,0xf5,0x50,0x29,0x41,0x28,0x15,0xb1,0x49,0x01,0x46,0xab,0xc9,0x84,0xe0,0xc1,0x67,0x30,0xd3,0xcd,0x2b,0x15,0x5a,0x4c,0x23,0x48,0x3b,0x1a,0x58,0x5c,0x7c,0x3c,0x4a,0x3c,0x95,0x1e,0x74,0x49,0x18,0xd4,0xa8,0xb4,0x48,0x8c,0x27,0x1d,0xe3,0x08,0x8c,0x20,0x82,0x90,0x40,0xb9,0x0a,0x46,0x04,0xc5,0x28,0x15,0x02,0x03,0xe2,0x08,0x8c,0x07,0x40,0x08,0x10,0x58,0xbb,0x84,0xa0,0x20,0x52,0x88,0x40,0x23,0x00,0x52,0x86,0x40,0x3c,0x0f,0xc2,0x81,0xc0,0x00,};
const uint8_t* const _I_Suica_VendingMachine5[] = {_I_Suica_VendingMachine5_0};

const uint8_t _I_Suica_VendingMachine6_0[] = {0x01,0x00,0x19,0x01,0x80,0x7f,0xc0,0x05,0x01,0xc0,0x01,0xc6,0x81,0x00,0x83,0x50,0x3f,0xdf,0xf9,0x0c,0x02,0x11,0x20,0xa4,0xe4,0xb8,0x10,0x38,0x86,0x42,0x49,0xc9,0x83,0xc1,0x24,0x14,0x8c,0x94,0x92,0x11,0x02,0x90,0x79,0x3f,0xf1,0xf8,0x24,0x06,0x81,0x02,0x11,0x8e,0x0a,0x01,0x60,0x16,0x96,0xea,0x01,0x50,0x80,0x82,0xca,0x0d,0x48,0x02,0x96,0x72,0x11,0x44,0xf0,0x84,0x47,0x43,0x10,0xa1,0x44,0x41,0x63,0xa2,0x90,0x50,0x79,0x31,0x9f,0x3e,0x93,0x41,0x40,0xe4,0xce,0x74,0xfa,0x4a,0x00,0x14,0xb8,0xf2,0x4a,0x0d,0x02,0x12,0x17,0x1a,0x25,0x0a,0x81,0xe9,0x11,0x8e,0x14,0x0a,0x34,0x98,0xe7,0x1f,0x09,0x42,0xb0,0x02,0xcb,0x6b,0x5a,0xa8,0x05,0xcb,0x29,0x52,0xa4,0x62,0x47,0x03,0xd4,0xab,0xd1,0x05,0x23,0xe5,0xaa,0x55,0x28,0x50,0x99,0xc7,0x9c,0x16,0x34,0x18,0x4c,0xc3,0x4b,0x14,0xe8,0x0e,0xc6,0x53,0xc0,0xaa,0x55,0x40,0xa3,0x19,0x05,0x8d,0x40,0x8e,0x60,0xb3,0x9c,0xf9,0xc1,0x62,0x35,0x30,0x58,0xd6,0x08,0x25,0x15,0xa8,0x57,0x31,0x3e,0x39,0xc4,0x52,0xa3,0x56,0x05,0xa5,0x6c,0x2e,0x5f,0x4a,0xfd,0x54,0x0a,0x50,0x4a,0x05,0x6c,0x52,0x40,0x51,0xaa,0xf2,0x60,0x1c,0x10,0x59,0x52,0x67,0x1c,0x31,0xa8,0x85,0xc6,0x03,0xc6,0xf2,0x53,0xe9,0x61,0x71,0xf2,0x49,0x29,0x12,0x51,0x19,0x69,0x29,0x72,0x31,0xa9,0x69,0x69,0x71,0x18,0x4f,0x1e,0xe2,0x11,0x18,0x40,0x2c,0xbc,0xb4,0xf8,0x20,0x5c,0x85,0x23,0x02,0x62,0x94,0x0a,0x81,0x01,0xf1,0x04,0x46,0x03,0xa0,0x04,0x08,0x2c,0x5d,0xc2,0x50,0x10,0x29,0x44,0x20,0x11,0x80,0x29,0x43,0x20,0x1e,0x07,0xe1,0x40,0xe0,0x00,};
const uint8_t* const _I_Suica_VendingMachine6[] = {_I_Suica_VendingMachine6_0};

const uint8_t _I_Suica_VendingPage2Full1_0[] = {0x01,0x00,0x8f,0x01,0x00,0x1e,0x02,0x09,0x00,0x90,0x48,0xa9,0x20,0xff,0x07,0xf8,0x3f,0xc1,0x6b,0xff,0x00,0x18,0x3e,0xb5,0x40,0x03,0x07,0xd5,0x54,0x00,0x5d,0x50,0xff,0x87,0xfc,0x1e,0x34,0x0a,0x24,0xa4,0x3f,0x98,0x0c,0x44,0x64,0xbf,0x90,0x08,0x8c,0x24,0xfa,0xf4,0x13,0xf9,0x83,0xe7,0x01,0x80,0x07,0xed,0x02,0x01,0x01,0x07,0xf8,0x3f,0xc1,0xf9,0xc0,0xc0,0x03,0xcf,0xf8,0x66,0x38,0x38,0x7d,0x28,0x20,0xf3,0x81,0x02,0x8e,0x10,0x04,0x3b,0x05,0xfe,0x06,0x0f,0x2f,0xc8,0x7c,0xe2,0x60,0xf3,0xac,0x55,0x61,0xa0,0xf1,0x20,0x98,0x00,0x64,0x80,0x43,0xc3,0x75,0x66,0x00,0xf2,0x17,0xa4,0xa0,0x08,0x70,0x1a,0xad,0x00,0x1e,0x52,0x20,0x81,0x83,0xcd,0x3a,0x33,0xe5,0x08,0x83,0xc6,0x85,0x01,0x07,0xb1,0xf8,0x40,0x03,0x81,0x07,0x8e,0x08,0x5e,0xf2,0x08,0x05,0xfe,0x01,0x82,0x07,0x8f,0x8a,0x06,0x0f,0x7f,0x07,0xfe,0x06,0x0f,0x20,0xfc,0x44,0x3f,0x1f,0xf8,0x7e,0x10,0x3f,0x51,0x0f,0xf7,0xfe,0x78,0x0f,0x20,0xfc,0x42,0x3f,0xf7,0xfb,0xce,0x20,0x1f,0x58,0x80,0x78,0xfe,0xc1,0xe4,0x8f,0x8e,0x42,0xd8,0x7f,0x98,0x95,0x7d,0x7a,0x18,0xe5,0x8b,0x67,0xd1,0x78,0x40,0x03,0x8f,0x77,0xd0,0x3d,0xbf,0x81,0xf3,0x83,0x83,0xe4,0x01,0x03,0xf6,0x07,0xce,0xfc,0x1f,0xbc,0x8a,0xf8,0x3c,0x4d,0xe2,0x0f,0x9c,0x40,0x7c,0x91,0xe2,0x09,0x36,0xc0,0x80,0x0e,0x50,0x02,0x1b,0xf8,0x3f,0x19,0xe3,0x3f,0x07,0xad,0x80,0x5e,0x96,0x87,0x79,0x0f,0xd6,0xc1,0xff,0xf7,0xff,0xff,0x7f,0xfb,0x47,0x87,0xff,0x83,0xc5,0x03,0xdb,0xcf,0xdf,0xfe,0xdb,0xf5,0x18,0x1f,0xfd,0x00,0xde,0xb6,0x0b,0x0f,0xc1,0x3a,0x3a,0xfc,0x44,0x16,0x01,0xc0,0x0f,0xb5,0xb7,0xfa,0x7b,0x1e,0x7c,0x62,0x13,0x00,0xa2,0x63,0x01,0xed,0xfe,0xcf,0xdf,0xe0,0x11,0x88,0xc8,0x3e,0x2c,0x3e,0x08,0x0d,0xf3,0xcf,0x38,0xc4,0x79,0xe8,0x98,0xe0,0x7a,0xcb,0x7d,0xfe,0xfb,0xff,0xae,0x71,0x48,0x88,0x45,0x41,0xed,0x41,0xf7,0x40,0x2f,0x1e,0xdb,0xc5,0x32,0x21,0x0d,0x77,0xa8,0xfc,0x7d,0xbf,0xab,0xdf,0xbb,0xf0,0x1f,0x1e,0x28,0x3d,0xac,0xbf,0x5b,0xa5,0xec,0xe2,0x35,0x18,0x87,0x04,0x1e,0xd6,0x1f,0xdd,0xdb,0x7f,0xef,0xfc,0x61,0xfc,0xff,0x00,0x7b,0x6f,0x6f,0x77,0x7e,0xb8,0x3c,0x63,0xf0,0x0f,0xe0,0x3d,0xb6,0x5b,0x5b,0xbf,0x9f,0xde,};
const uint8_t* const _I_Suica_VendingPage2Full1[] = {_I_Suica_VendingPage2Full1_0};

const uint8_t _I_Suica_VendingPage2Full10_0[] = {0x01,0x00,0x94,0x01,0x00,0x1e,0x02,0x09,0x00,0x90,0x48,0xa9,0x20,0xff,0x07,0xf8,0x3f,0xc1,0x6b,0xff,0x00,0x18,0x3e,0xb5,0x40,0x03,0x07,0xd5,0x54,0x00,0x5d,0x50,0xff,0x87,0xfc,0x1e,0x34,0x0a,0x24,0xa4,0x3f,0x98,0x0c,0x44,0x64,0xbf,0x90,0x08,0x8c,0x24,0xfa,0xf4,0x13,0xf9,0x83,0xe7,0x01,0x80,0x07,0xed,0x02,0x01,0x01,0x07,0xf8,0x3f,0xc1,0xf9,0xc0,0xc0,0x03,0xcf,0xf8,0x66,0x38,0x38,0x7d,0x28,0x20,0xf3,0x81,0x02,0x8e,0x10,0x04,0x3b,0x05,0xfe,0x06,0x0f,0x2f,0xc8,0x7c,0xe2,0x60,0xf3,0xac,0x55,0x61,0xa0,0xf1,0x20,0x98,0x00,0x64,0x80,0x43,0xc3,0x75,0x66,0x00,0xf2,0x17,0xa4,0xa0,0x08,0x70,0x1a,0xad,0x00,0x1e,0x52,0x20,0x81,0x83,0xcd,0x3a,0x33,0xe5,0x08,0x83,0xc6,0x85,0x01,0x07,0xb1,0xf8,0x40,0x03,0x81,0x07,0x8e,0x08,0x5e,0xf2,0x08,0x05,0xfe,0x01,0x82,0x07,0x8f,0x8a,0x06,0x0f,0x7f,0x07,0xfe,0x06,0x0f,0x20,0xfc,0x44,0x3f,0x1f,0xf8,0x7e,0x10,0x3f,0x51,0x0f,0xf4,0xfe,0x7e,0x0f,0x20,0xfc,0x42,0x3f,0xfd,0xfb,0xfe,0x20,0x1f,0x58,0x80,0x78,0xff,0xc1,0xe4,0x8f,0x8e,0x42,0xdc,0xb1,0x2a,0xfa,0xf4,0x6f,0xc1,0xe3,0x8b,0x67,0xd7,0xe2,0xbe,0x07,0x1c,0x7b,0xbe,0xbf,0x01,0xf2,0x07,0x97,0xf0,0x3e,0x70,0x70,0x79,0x81,0xc8,0x1e,0x40,0x08,0xf4,0x03,0xc8,0x7e,0x40,0xff,0x00,0x41,0xbd,0x41,0xf2,0x8f,0x10,0x00,0xa3,0xc4,0x12,0x6d,0x81,0x00,0x1c,0xa0,0x04,0x2a,0xf2,0x07,0xd7,0xfb,0xff,0x3f,0x07,0xad,0x80,0x5e,0x96,0x87,0x79,0x0f,0xd6,0xc1,0x7f,0x65,0x17,0xde,0xd1,0xe1,0xff,0xe0,0xf1,0x40,0xf5,0xdf,0xfb,0xf9,0xff,0xff,0x5e,0xa3,0x03,0xff,0xa0,0x1b,0xd6,0xc1,0x41,0xf8,0x27,0x47,0xdb,0x88,0x82,0xc0,0x38,0x01,0xf6,0xb6,0xff,0xfb,0x7f,0xff,0x74,0x62,0x13,0x00,0xa2,0x63,0x01,0xeb,0x65,0xff,0xf7,0x6f,0xf0,0x08,0xc4,0x64,0x1f,0x16,0x1f,0x04,0x02,0x79,0xef,0x9c,0x62,0x3c,0xf4,0x4c,0x70,0xbd,0xad,0xff,0xfa,0xf8,0x3c,0x69,0x11,0x08,0xa8,0x3d,0xac,0x1a,0xe3,0xe8,0xfb,0xef,0x14,0xc8,0x84,0x35,0xde,0xa1,0xf1,0xe6,0xff,0xae,0x7e,0xff,0xc0,0x7c,0x78,0xa0,0xf7,0xf2,0xdd,0xaf,0x67,0x11,0xa8,0xc4,0x38,0x20,0xf6,0xb0,0xfc,0xee,0xff,0xdb,0x7f,0xe3,0x0f,0xe7,0xf8,0x03,0xdb,0x7f,0xfb,0xbb,0xfd,0xb5,0xff,0x88,0xfc,0x03,0xf8,0x0f,0x6d,0x9f,0xd6,0xef,0xf7,0xe7,0x80,};
const uint8_t* const _I_Suica_VendingPage2Full10[] = {_I_Suica_VendingPage2Full10_0};

const uint8_t _I_Suica_VendingPage2Full11_0[] = {0x01,0x00,0x99,0x01,0x00,0x1e,0x02,0x09,0x00,0x90,0x48,0xa9,0x20,0xff,0x07,0xf8,0x3f,0xc1,0x6b,0xff,0x00,0x18,0x3e,0xb5,0x40,0x03,0x07,0xd5,0x54,0x00,0x5d,0x50,0xff,0x87,0xfc,0x1e,0x34,0x0a,0x24,0xa4,0x3f,0x98,0x0c,0x44,0x64,0xbf,0x90,0x08,0x8c,0x24,0xfa,0xf4,0x13,0xf9,0x83,0xe7,0x01,0x80,0x07,0xed,0x02,0x01,0x01,0x07,0xf8,0x3f,0xc1,0xf9,0xc0,0xc0,0x03,0xcf,0xf8,0x66,0x38,0x38,0x7d,0x28,0x20,0xf3,0x81,0x02,0x8e,0x10,0x04,0x3b,0x05,0xfe,0x06,0x0f,0x2f,0xc8,0x7c,0xe2,0x60,0xf3,0xac,0x55,0x61,0xa0,0xf1,0x20,0x98,0x00,0x64,0x80,0x43,0xc3,0x75,0x66,0x00,0xf2,0x17,0xa4,0xa0,0x08,0x70,0x1a,0xad,0x00,0x1e,0x52,0x20,0x81,0x83,0xcd,0x3a,0x33,0xe5,0x08,0x83,0xc6,0x85,0x01,0x07,0xb1,0xf8,0x40,0x03,0x81,0x07,0x8e,0x08,0x5e,0xf2,0x08,0x05,0xfe,0x01,0x82,0x07,0x8f,0x8a,0x06,0x0f,0x7f,0x07,0xfe,0x06,0x0f,0x20,0xfc,0x44,0x3f,0x1f,0xf8,0x7e,0x10,0x3f,0x51,0x0f,0xf7,0xfe,0x7e,0x0f,0x20,0xfc,0x42,0x12,0xc3,0x7f,0xc4,0x03,0xeb,0x10,0xa7,0x20,0x79,0x23,0xe3,0x91,0x9f,0x07,0x8e,0x25,0x5f,0x5e,0x8b,0x78,0x3c,0x71,0x6c,0xfa,0xfc,0x63,0xc0,0xe3,0x8f,0x77,0xd1,0xb8,0x41,0xe9,0xfc,0x0f,0x9c,0x1c,0x1e,0xbf,0xe0,0x79,0x00,0x23,0xd0,0x6e,0x1f,0xe8,0xfc,0x81,0xf4,0x1f,0x10,0x7d,0xf2,0x01,0xe3,0xfb,0x37,0x88,0x3e,0x51,0xe5,0xf5,0x47,0x88,0x24,0xdb,0x02,0x00,0x39,0x40,0x08,0x6f,0x60,0xfc,0x67,0x90,0x3d,0x6c,0x02,0xf4,0xb4,0x3b,0xc8,0x7e,0xb6,0x02,0xc0,0xef,0xff,0xfe,0xfb,0x47,0x87,0xff,0x83,0xc5,0x03,0xd6,0xff,0xef,0xef,0xff,0xfc,0xfa,0x8c,0x0f,0xfe,0x80,0x6f,0x5b,0x04,0x87,0xe0,0x9d,0x1f,0x5e,0x22,0x0b,0x00,0xe0,0x07,0xda,0x9b,0xff,0xeb,0xff,0xfd,0xb1,0x88,0x4c,0x02,0x89,0x8c,0x07,0xad,0xb7,0xff,0xdb,0xbf,0xc0,0x23,0x11,0x90,0x7c,0x58,0x7c,0x10,0x1b,0xe7,0xbe,0x71,0x88,0xf3,0xd1,0x31,0xc0,0xf5,0xb4,0xfb,0xff,0xd3,0xf0,0x78,0xd2,0x22,0x11,0x50,0x7b,0x58,0x6d,0xd0,0x0a,0xc7,0xbe,0xf1,0x4c,0x88,0x43,0x5d,0xeb,0x60,0xb6,0x6b,0x7f,0xd6,0xbf,0x7f,0xe0,0x3e,0x3c,0x50,0x7b,0x5b,0x7a,0xb7,0x6b,0x99,0xc4,0x6a,0x31,0x0e,0x08,0x3d,0xac,0x3e,0xbb,0xbf,0xec,0x3e,0x38,0x7f,0x3f,0xc0,0x1e,0xdb,0xff,0x9d,0xdf,0xeb,0x6f,0xfc,0x47,0xe0,0x1f,0xc0,0x7b,0x6c,0xfe,0x37,0x7f,0xb6,0xbc,};
const uint8_t* const _I_Suica_VendingPage2Full11[] = {_I_Suica_VendingPage2Full11_0};

const uint8_t _I_Suica_VendingPage2Full12_0[] = {0x01,0x00,0x99,0x01,0x00,0x1e,0x02,0x09,0x00,0x90,0x48,0xa9,0x20,0xff,0x07,0xf8,0x3f,0xc1,0x6b,0xff,0x00,0x18,0x3e,0xb5,0x40,0x03,0x07,0xd5,0x54,0x00,0x5d,0x50,0xff,0x87,0xfc,0x1e,0x34,0x0a,0x24,0xa4,0x3f,0x98,0x0c,0x44,0x64,0xbf,0x90,0x08,0x8c,0x24,0xfa,0xf4,0x13,0xf9,0x83,0xe7,0x01,0x80,0x07,0xed,0x02,0x01,0x01,0x07,0xf8,0x3f,0xc1,0xf9,0xc0,0xc0,0x03,0xcf,0xf8,0x66,0x38,0x38,0x7d,0x28,0x20,0xf3,0x81,0x02,0x8e,0x10,0x04,0x3b,0x05,0xfe,0x06,0x0f,0x2f,0xc8,0x7c,0xe2,0x60,0xf3,0xac,0x55,0x61,0xa0,0xf1,0x20,0x98,0x00,0x64,0x80,0x43,0xc3,0x75,0x66,0x00,0xf2,0x17,0xa4,0xa0,0x08,0x70,0x1a,0xad,0x00,0x1e,0x52,0x20,0x81,0x83,0xcd,0x3a,0x33,0xe5,0x08,0x83,0xc6,0x85,0x01,0x07,0xb1,0xf8,0x40,0x03,0x81,0x07,0x8e,0x08,0x5e,0xf2,0x08,0x05,0xfe,0x01,0x82,0x07,0x8f,0x8a,0x06,0x0f,0x7f,0x07,0xfe,0x06,0x0f,0x20,0xfc,0x44,0x3f,0x1f,0xf8,0x7e,0x10,0x3f,0x51,0x0f,0xf7,0xfe,0x7e,0x0f,0x20,0xfc,0x42,0x39,0xff,0xfb,0xfe,0x20,0x1f,0x58,0x8c,0xba,0x9c,0x41,0xe4,0x8f,0x8e,0x46,0xdc,0x1e,0x38,0x95,0x7d,0x7a,0x05,0xe3,0xff,0xc5,0xb3,0xe8,0xbc,0x3f,0xff,0xee,0x3d,0xdf,0x40,0xf2,0xfd,0x03,0xcb,0xf8,0x1f,0x38,0x38,0x3d,0x7e,0xa0,0xf2,0x00,0x47,0xa0,0x1e,0x3f,0xb1,0xf9,0x03,0xec,0x9e,0x60,0x08,0xe4,0x03,0xc8,0xde,0x20,0xf9,0xc4,0x03,0xc9,0x1e,0x20,0x93,0x6c,0x08,0x00,0xe5,0x00,0x21,0x57,0x90,0x3e,0x99,0xe4,0x0f,0x5b,0x00,0xbd,0x2d,0x0e,0xf2,0x1f,0xad,0x81,0x30,0x37,0xff,0xff,0x7e,0xd1,0xe1,0xff,0xe0,0xf1,0x40,0xf6,0xf7,0x67,0xff,0xfe,0xfd,0x46,0x07,0xff,0x40,0x37,0xad,0x82,0xc3,0xf0,0x4e,0x8f,0x9f,0x11,0x05,0x80,0x70,0x03,0xed,0x2d,0xff,0xb6,0xc7,0xd7,0x18,0x84,0xc0,0x28,0x98,0xc0,0x7a,0xd3,0x7f,0xfd,0x7b,0xfc,0x02,0x31,0x19,0x07,0xc5,0x87,0xc1,0x01,0xbe,0x7b,0xa7,0x18,0x8f,0x3d,0x13,0x1c,0x0f,0x5b,0x2f,0xbc,0xc0,0x3e,0xf9,0xc5,0x22,0x21,0x15,0x07,0xb5,0x87,0xdd,0x00,0x9c,0x7b,0xef,0x14,0xc8,0x84,0x35,0xde,0xb6,0x0b,0x6d,0xb7,0xfd,0x5b,0xf7,0xfe,0x03,0xe3,0xc5,0x07,0xb5,0xb3,0x6b,0x76,0xb5,0x9c,0x46,0xa3,0x10,0xe0,0x83,0xda,0xc3,0xdb,0xbb,0xfd,0xc3,0xe3,0x87,0xf3,0xfc,0x01,0xed,0xbf,0xf5,0xdd,0xfe,0x60,0xf1,0x8f,0xc0,0x3f,0x80,0xf6,0xd9,0xfd,0x6e,0xff,0x5b,0x78,};
const uint8_t* const _I_Suica_VendingPage2Full12[] = {_I_Suica_VendingPage2Full12_0};

const uint8_t _I_Suica_VendingPage2Full13_0[] = {0x01,0x00,0x96,0x01,0x00,0x1e,0x02,0x09,0x00,0x90,0x48,0xa9,0x20,0xff,0x07,0xf8,0x3f,0xc1,0x6b,0xff,0x00,0x18,0x3e,0xb5,0x40,0x03,0x07,0xd5,0x54,0x00,0x5d,0x50,0xff,0x87,0xfc,0x1e,0x34,0x0a,0x24,0xa4,0x3f,0x98,0x0c,0x44,0x64,0xbf,0x90,0x08,0x8c,0x24,0xfa,0xf4,0x13,0xf9,0x83,0xe7,0x01,0x80,0x07,0xed,0x02,0x01,0x01,0x07,0xf8,0x3f,0xc1,0xf9,0xc0,0xc0,0x03,0xcf,0xf8,0x66,0x38,0x38,0x7d,0x28,0x20,0xf3,0x81,0x02,0x8e,0x10,0x04,0x3b,0x05,0xfe,0x06,0x0f,0x2f,0xc8,0x7c,0xe2,0x60,0xf3,0xac,0x55,0x61,0xa0,0xf1,0x20,0x98,0x00,0x64,0x80,0x43,0xc3,0x75,0x66,0x00,0xf2,0x17,0xa4,0xa0,0x08,0x70,0x1a,0xad,0x00,0x1e,0x52,0x20,0x81,0x83,0xcd,0x3a,0x33,0xe5,0x08,0x83,0xc6,0x85,0x01,0x07,0xb1,0xf8,0x40,0x03,0x81,0x07,0x8e,0x08,0x5e,0xf2,0x08,0x05,0xfe,0x01,0x82,0x07,0x8f,0x8a,0x06,0x0f,0x7f,0x07,0xfe,0x06,0x0f,0x20,0xfc,0x44,0x3f,0x1f,0xf8,0x7e,0x10,0x3f,0x51,0x08,0xf7,0xfe,0x7e,0x0f,0x20,0xfc,0x42,0x35,0xff,0xeb,0xfe,0x20,0x1f,0x58,0x8b,0x7f,0xfb,0xfe,0x0f,0x24,0x7c,0x72,0x3f,0xe0,0xf1,0xc4,0xab,0xeb,0xd1,0x3f,0xff,0xfd,0xf1,0x6c,0xfa,0x2f,0x0f,0xff,0xd7,0x8f,0x77,0xd0,0x3d,0xbf,0x81,0xf3,0x83,0x83,0xd7,0xee,0x0f,0x20,0x04,0x7a,0x02,0xe4,0x3f,0x20,0x7f,0x80,0x20,0xde,0x20,0x01,0x37,0x88,0x3e,0x71,0x00,0xf2,0x47,0x88,0x24,0xdb,0x02,0x00,0x39,0x40,0x08,0x55,0xe4,0x0f,0xa4,0xf0,0xcf,0xc1,0xeb,0x60,0x17,0xa5,0xa1,0xde,0x43,0xf5,0xb0,0x7f,0xff,0x6b,0xb1,0xdf,0xda,0x3c,0x3f,0xfc,0x1e,0x28,0x1e,0xde,0xda,0xff,0xff,0x9f,0xa8,0xc0,0xff,0xe8,0x06,0xf5,0xb0,0x58,0x7e,0x09,0xd1,0xf7,0xe2,0x20,0xb0,0x0e,0x00,0x7d,0xad,0xbf,0xfe,0xff,0xff,0xcf,0x18,0x84,0xc0,0x28,0x98,0xc0,0x7a,0xcb,0x45,0xa3,0x7f,0x80,0x46,0x23,0x20,0xf8,0xa0,0xf8,0x20,0x37,0xcf,0x6c,0xe3,0x11,0xe7,0xa2,0x63,0x85,0xed,0xef,0xfd,0xdf,0xfd,0xd3,0x8a,0x44,0x42,0x2a,0x0f,0x6b,0x0f,0xba,0x01,0x78,0xf7,0xde,0x29,0x91,0x08,0x6b,0xbd,0x6c,0x16,0x9f,0x6f,0xfa,0x77,0xef,0xfc,0x07,0xc7,0x8a,0x0f,0x6b,0x6d,0xd6,0xed,0x5b,0x38,0x8d,0x46,0x21,0xc1,0x07,0xb5,0x83,0x77,0x77,0xf7,0x87,0xc7,0x0f,0xe7,0xf8,0x03,0xdb,0x7f,0xdb,0xbb,0xfd,0xc1,0xe3,0x1f,0x80,0x7f,0x01,0xed,0xb3,0xf2,0xdd,0xfe,0x7e,0xf0,};
const uint8_t* const _I_Suica_VendingPage2Full13[] = {_I_Suica_VendingPage2Full13_0};

const uint8_t _I_Suica_VendingPage2Full14_0[] = {0x01,0x00,0x97,0x01,0x00,0x1e,0x02,0x09,0x00,0x90,0x48,0xa9,0x20,0xff,0x07,0xf8,0x3f,0xc1,0x6b,0xff,0x00,0x18,0x3e,0xb5,0x40,0x03,0x07,0xd5,0x54,0x00,0x5d,0x50,0xff,0x87,0xfc,0x1e,0x34,0x0a,0x24,0xa4,0x3f,0x98,0x0c,0x44,0x64,0xbf,0x90,0x08,0x8c,0x24,0xfa,0xf4,0x13,0xf9,0x83,0xe7,0x01,0x80,0x07,0xed,0x02,0x01,0x01,0x07,0xf8,0x3f,0xc1,0xf9,0xc0,0xc0,0x03,0xcf,0xf8,0x66,0x38,0x38,0x7d,0x28,0x20,0xf3,0x81,0x02,0x8e,0x10,0x04,0x3b,0x05,0xfe,0x06,0x0f,0x2f,0xc8,0x7c,0xe2,0x60,0xf3,0xac,0x55,0x61,0xa0,0xf1,0x20,0x98,0x00,0x64,0x80,0x43,0xc3,0x75,0x66,0x00,0xf2,0x17,0xa4,0xa0,0x08,0x70,0x1a,0xad,0x00,0x1e,0x52,0x20,0x81,0x83,0xcd,0x3a,0x33,0xe5,0x08,0x83,0xc6,0x85,0x01,0x07,0xb1,0xf8,0x40,0x03,0x81,0x07,0x8e,0x08,0x5e,0xf2,0x08,0x05,0xfe,0x01,0x82,0x07,0x8f,0x8a,0x06,0x0f,0x7f,0x07,0xfe,0x06,0x0f,0x20,0xfc,0x44,0x3f,0x1f,0xf8,0x7e,0x10,0x3f,0x51,0x09,0xf7,0xfe,0x7e,0x0f,0x20,0xfc,0x42,0x3f,0xff,0xeb,0xfe,0x20,0x1f,0x58,0x8b,0xff,0xfb,0xe6,0x0f,0x24,0x7c,0x72,0x03,0xe3,0xed,0xc4,0xab,0xeb,0xd0,0xc6,0x1f,0x6e,0x2d,0x9f,0x45,0xe1,0xff,0xfc,0xf1,0xee,0xfa,0x07,0x97,0xfc,0x1e,0x5f,0xc0,0xf9,0xc1,0xc1,0xf2,0x00,0x81,0xf9,0x7f,0xc7,0xe4,0x0f,0xf0,0x04,0x1b,0xc4,0x00,0x26,0xf1,0x07,0xce,0x20,0x1e,0x48,0xf1,0x04,0x9b,0x60,0x40,0x07,0x28,0x01,0x0a,0xbc,0x81,0xf5,0xfe,0x67,0x88,0x3d,0x6c,0x02,0xf4,0xb4,0x3b,0xc8,0x7e,0xb6,0x0f,0xff,0xdf,0xff,0xfd,0xbf,0xda,0x3c,0x3f,0xfc,0x1e,0x28,0x1e,0xde,0xbe,0xff,0xfb,0x5f,0xa8,0xc0,0xff,0xe8,0x06,0xf5,0xb0,0x58,0x7e,0x09,0xd1,0xe7,0xe2,0x20,0xb0,0x0e,0x00,0x7d,0xad,0xbf,0xec,0xff,0xff,0xdf,0x18,0x84,0xc0,0x28,0x98,0xc0,0x7b,0x7f,0xfb,0xf7,0xf8,0x04,0x62,0x32,0x0f,0x89,0x0f,0x82,0x03,0x7c,0xf5,0xce,0x31,0x1e,0x7a,0x26,0x38,0x1e,0xb4,0xdf,0x7f,0xde,0xff,0xed,0x9c,0x52,0x22,0x11,0x50,0x7b,0x58,0x7d,0xd0,0x0b,0xc7,0xba,0xf1,0x4c,0x88,0x43,0x5d,0xeb,0x60,0xb2,0xfb,0x7f,0x97,0xbf,0x7f,0xe0,0x3e,0x3c,0x50,0x7b,0x5a,0x7e,0xb7,0x69,0xd9,0xc4,0x6a,0x31,0x0e,0x08,0x3d,0xac,0x37,0xbb,0xbf,0x7c,0x3e,0x38,0x7f,0x3f,0xc0,0x1e,0xdb,0xed,0xdd,0xdf,0xce,0x0f,0x18,0xfc,0x03,0xf8,0x0f,0x6d,0x9f,0x56,0xef,0xf7,0xf7,0x80,};
const uint8_t* const _I_Suica_VendingPage2Full14[] = {_I_Suica_VendingPage2Full14_0};

const uint8_t _I_Suica_VendingPage2Full2_0[] = {0x01,0x00,0x99,0x01,0x00,0x1e,0x02,0x09,0x00,0x90,0x48,0xa9,0x20,0xff,0x07,0xf8,0x3f,0xc1,0x6b,0xff,0x00,0x18,0x3e,0xb5,0x40,0x03,0x07,0xd5,0x54,0x00,0x5d,0x50,0xff,0x87,0xfc,0x1e,0x34,0x0a,0x24,0xa4,0x3f,0x98,0x0c,0x44,0x64,0xbf,0x90,0x08,0x8c,0x24,0xfa,0xf4,0x13,0xf9,0x83,0xe7,0x01,0x80,0x07,0xed,0x02,0x01,0x01,0x07,0xf8,0x3f,0xc1,0xf9,0xc0,0xc0,0x03,0xcf,0xf8,0x66,0x38,0x38,0x7d,0x28,0x20,0xf3,0x81,0x02,0x8e,0x10,0x04,0x3b,0x05,0xfe,0x06,0x0f,0x2f,0xc8,0x7c,0xe2,0x60,0xf3,0xac,0x55,0x61,0xa0,0xf1,0x20,0x98,0x00,0x64,0x80,0x43,0xc3,0x75,0x66,0x00,0xf2,0x17,0xa4,0xa0,0x08,0x70,0x1a,0xad,0x00,0x1e,0x52,0x20,0x81,0x83,0xcd,0x3a,0x33,0xe5,0x08,0x83,0xc6,0x85,0x01,0x07,0xb1,0xf8,0x40,0x03,0x81,0x07,0x8e,0x08,0x5e,0xf2,0x08,0x05,0xfe,0x01,0x82,0x07,0x8f,0x8a,0x06,0x0f,0x7f,0x07,0xfe,0x06,0x0f,0x20,0xfc,0x44,0x3f,0x1f,0xf8,0x7e,0x10,0x3f,0x51,0x0f,0xf5,0xfe,0x7c,0x0f,0x20,0xfc,0x42,0x3f,0xfb,0xfb,0xfe,0x20,0x1f,0x58,0x80,0x78,0xff,0xc1,0xe4,0x8f,0x8e,0x47,0xfe,0xff,0xff,0xc4,0xab,0xeb,0xd0,0xc7,0x2c,0x5b,0x3e,0x8b,0xc2,0x00,0x1c,0x7b,0xbe,0xbf,0x1e,0xf0,0x7a,0x7f,0x03,0xe7,0x07,0x07,0x9f,0x5c,0x1e,0x80,0x08,0xf4,0x07,0xc8,0x7e,0x40,0xf9,0x27,0xa8,0x02,0x0d,0xe2,0x00,0x13,0x78,0x83,0xe5,0x1e,0x20,0x01,0x47,0x88,0x24,0xdb,0x02,0x00,0x39,0x40,0x08,0x55,0xe4,0x0f,0xaf,0xf7,0xfe,0x7e,0x0f,0x5b,0x00,0xbd,0x2d,0x0e,0xf2,0x1f,0xad,0x83,0xff,0xdf,0xff,0xfd,0xff,0xf6,0x8f,0x0f,0xff,0x07,0x8a,0x07,0xb7,0xbf,0xbf,0xfb,0xf7,0xea,0x30,0x3f,0xfa,0x01,0xbd,0x6c,0x16,0x1f,0x82,0x74,0x6d,0xf8,0x88,0x2c,0x03,0x80,0x1f,0x6b,0x6f,0xef,0xbf,0xfe,0xd7,0xc6,0x21,0x30,0x0a,0x26,0x30,0x1e,0xdf,0xda,0xfd,0xfe,0x01,0x18,0x8c,0x83,0xe2,0xc3,0xe0,0x80,0xdf,0x3d,0xf3,0x8c,0x47,0x9e,0x89,0x8e,0x0f,0xb1,0x3c,0x6f,0xfe,0x79,0xc5,0x22,0x21,0x15,0x07,0xb4,0x87,0xdd,0x00,0xbc,0x7a,0xef,0x14,0xc8,0x84,0x35,0xde,0xb6,0x0a,0x6f,0xb7,0xed,0x7b,0xf6,0xfe,0x03,0xe3,0xc5,0x07,0xb5,0xb7,0xeb,0x72,0xbd,0x9c,0x46,0xa3,0x10,0xe0,0x83,0xda,0xc3,0xfb,0xba,0xdf,0xfd,0xff,0x8c,0x3f,0x9f,0xe0,0x0f,0x6d,0xdf,0xee,0xed,0xb7,0x07,0x8c,0x7e,0x01,0xfc,0x07,0xb6,0xc6,0xeb,0x77,0xeb,0xfb,0xc0,};
const uint8_t* const _I_Suica_VendingPage2Full2[] = {_I_Suica_VendingPage2Full2_0};

const uint8_t _I_Suica_VendingPage2Full3_0[] = {0x01,0x00,0x95,0x01,0x00,0x1e,0x02,0x09,0x00,0x90,0x48,0xa9,0x20,0xff,0x07,0xf8,0x3f,0xc1,0x6b,0xff,0x00,0x18,0x3e,0xb5,0x40,0x03,0x07,0xd5,0x54,0x00,0x5d,0x50,0xff,0x87,0xfc,0x1e,0x34,0x0a,0x24,0xa4,0x3f,0x98,0x0c,0x44,0x64,0xbf,0x90,0x08,0x8c,0x24,0xfa,0xf4,0x13,0xf9,0x83,0xe7,0x01,0x80,0x07,0xed,0x02,0x01,0x01,0x07,0xf8,0x3f,0xc1,0xf9,0xc0,0xc0,0x03,0xcf,0xf8,0x66,0x38,0x38,0x7d,0x28,0x20,0xf3,0x81,0x02,0x8e,0x10,0x04,0x3b,0x05,0xfe,0x06,0x0f,0x2f,0xc8,0x7c,0xe2,0x60,0xf3,0xac,0x55,0x61,0xa0,0xf1,0x20,0x98,0x00,0x64,0x80,0x43,0xc3,0x75,0x66,0x00,0xf2,0x17,0xa4,0xa0,0x08,0x70,0x1a,0xad,0x00,0x1e,0x52,0x20,0x81,0x83,0xcd,0x3a,0x33,0xe5,0x08,0x83,0xc6,0x85,0x01,0x07,0xb1,0xf8,0x40,0x03,0x81,0x07,0x8e,0x08,0x5e,0xf2,0x08,0x05,0xfe,0x01,0x82,0x07,0x8f,0x8a,0x06,0x0f,0x7f,0x07,0xfe,0x06,0x0f,0x20,0xfc,0x44,0x3f,0x1f,0xf8,0x7e,0x10,0x3f,0x51,0x0f,0xf4,0xfe,0x7e,0x0f,0x20,0xfc,0x42,0x3f,0xfd,0xfb,0xfe,0x20,0x1f,0x58,0x80,0x78,0xff,0xc1,0xe4,0x8f,0x8e,0x42,0xdc,0xb1,0x2a,0xfa,0xf4,0x6f,0xc1,0xe3,0x8b,0x67,0xd7,0xe2,0xbe,0x07,0x1c,0x7b,0xbe,0xbf,0x01,0xf2,0x07,0x97,0xf0,0x3e,0x70,0x70,0x79,0x81,0xc8,0x1e,0x40,0x08,0xf4,0x03,0xc8,0x7e,0x40,0xff,0x00,0x41,0xbd,0x41,0xf2,0x8f,0x10,0x00,0xa3,0xc4,0x12,0x6d,0x81,0x00,0x1c,0xa0,0x04,0x2a,0xf2,0x07,0xd7,0xfb,0xff,0x3f,0x07,0xad,0x80,0x5e,0x96,0x87,0x79,0x0f,0xd6,0xc1,0xfe,0x45,0x0f,0xbf,0xff,0x68,0xf0,0xff,0xf0,0x78,0xa0,0x7a,0xff,0xf9,0xfd,0xff,0xbf,0xbf,0x51,0x81,0xff,0xd0,0x0d,0xeb,0x60,0xb0,0xf8,0x13,0xa3,0xef,0xc4,0x41,0x60,0x1c,0x00,0xfb,0x5b,0x7e,0xfd,0xff,0xed,0xbe,0x31,0x09,0x80,0x51,0x31,0x80,0xf6,0xfd,0xf7,0xef,0xd0,0x08,0xc4,0x64,0x1f,0x02,0xf1,0x80,0xdf,0x39,0xf3,0x8c,0x47,0x9e,0x89,0x8e,0x0f,0xb7,0xbb,0x7f,0x7f,0xf7,0xce,0x29,0x11,0x08,0xa8,0x3d,0xac,0x3e,0xe8,0x05,0xe3,0xcf,0x78,0xa6,0x44,0x21,0xae,0xf5,0xb0,0x4b,0x7d,0xbe,0xeb,0xdf,0xaf,0xf0,0x1f,0x1e,0x28,0x3d,0xa9,0xbf,0x5b,0xb5,0xec,0xe2,0x35,0x18,0x87,0x04,0x1e,0xd6,0x1f,0xdd,0xcf,0xff,0xee,0xfc,0x61,0xfc,0xff,0x00,0x7b,0x6d,0xff,0x77,0x5b,0xbf,0xbf,0xf1,0x1f,0x80,0x7f,0x01,0xed,0xb3,0x17,0x8e,0xdf,0xde,};
const uint8_t* const _I_Suica_VendingPage2Full3[] = {_I_Suica_VendingPage2Full3_0};

const uint8_t _I_Suica_VendingPage2Full4_0[] = {0x01,0x00,0x98,0x01,0x00,0x1e,0x02,0x09,0x00,0x90,0x48,0xa9,0x20,0xff,0x07,0xf8,0x3f,0xc1,0x6b,0xff,0x00,0x18,0x3e,0xb5,0x40,0x03,0x07,0xd5,0x54,0x00,0x5d,0x50,0xff,0x87,0xfc,0x1e,0x34,0x0a,0x24,0xa4,0x3f,0x98,0x0c,0x44,0x64,0xbf,0x90,0x08,0x8c,0x24,0xfa,0xf4,0x13,0xf9,0x83,0xe7,0x01,0x80,0x07,0xed,0x02,0x01,0x01,0x07,0xf8,0x3f,0xc1,0xf9,0xc0,0xc0,0x03,0xcf,0xf8,0x66,0x38,0x38,0x7d,0x28,0x20,0xf3,0x81,0x02,0x8e,0x10,0x04,0x3b,0x05,0xfe,0x06,0x0f,0x2f,0xc8,0x7c,0xe2,0x60,0xf3,0xac,0x55,0x61,0xa0,0xf1,0x20,0x98,0x00,0x64,0x80,0x43,0xc3,0x75,0x66,0x00,0xf2,0x17,0xa4,0xa0,0x08,0x70,0x1a,0xad,0x00,0x1e,0x52,0x20,0x81,0x83,0xcd,0x3a,0x33,0xe5,0x08,0x83,0xc6,0x85,0x01,0x07,0xb1,0xf8,0x40,0x03,0x81,0x07,0x8e,0x08,0x5e,0xf2,0x08,0x05,0xfe,0x01,0x82,0x07,0x8f,0x8a,0x06,0x0f,0x7f,0x07,0xfe,0x06,0x0f,0x20,0xfc,0x44,0x3f,0x1f,0xf8,0x7e,0x10,0x3f,0x51,0x0f,0xf7,0xfe,0x7e,0x0f,0x20,0xfc,0x42,0x12,0xc3,0x7f,0xc4,0x03,0xeb,0x10,0xa7,0x20,0x79,0x23,0xe3,0x91,0x9f,0x07,0x8e,0x25,0x5f,0x5e,0x8b,0x78,0x3c,0x71,0x6c,0xfa,0xfc,0x63,0xc0,0xe3,0x8f,0x77,0xd1,0xb8,0x41,0xe9,0xfc,0x0f,0x9c,0x1c,0x1e,0xbf,0xe0,0x79,0x00,0x23,0xd0,0x6e,0x1f,0xe8,0xfc,0x81,0xf4,0x1f,0x10,0x7d,0xf2,0x01,0xe3,0xfb,0x37,0x88,0x3e,0x51,0xe5,0xf5,0x47,0x88,0x24,0xdb,0x02,0x00,0x39,0x40,0x08,0x6f,0x60,0xfc,0x67,0x90,0x3d,0x6c,0x02,0xf4,0xb4,0x3b,0xc8,0x7e,0xb6,0x0f,0xed,0xff,0xff,0xdf,0xff,0xda,0x3c,0x3f,0xfc,0x1e,0x28,0x1e,0xbf,0xed,0x7f,0x7f,0xdf,0xef,0xd4,0x60,0x7f,0xf4,0x03,0x7a,0xd8,0x2c,0x3d,0x08,0x07,0xc3,0xdf,0x88,0x82,0xc0,0x38,0x01,0xf6,0xb6,0xfb,0xfb,0xff,0xbf,0x7c,0x62,0x13,0x00,0xa2,0x63,0x01,0xed,0xf7,0xef,0xdf,0x60,0x11,0x88,0xc8,0x3e,0x2c,0x3e,0x08,0x0d,0xf3,0x5f,0x38,0xc4,0x79,0xe8,0x98,0xe0,0xfb,0x7b,0x6f,0xf7,0xfe,0x7c,0xe2,0x91,0x10,0x8a,0x83,0xda,0xc3,0xee,0x80,0x5e,0x3d,0xf7,0x8a,0x64,0x42,0x1a,0xef,0x50,0xf9,0x77,0xaf,0x7e,0x7f,0xc0,0x7c,0x78,0xa0,0xf6,0x96,0xfd,0x6c,0xd7,0xb8,0x07,0xe2,0xa3,0x10,0xe0,0x83,0xda,0x83,0xfb,0xbb,0xff,0xfd,0xbf,0x8c,0x3f,0x9f,0xe0,0x0f,0x6d,0x7f,0xee,0xe7,0xf7,0xf7,0x7e,0x23,0xf0,0x0f,0xe0,0x3d,0xb6,0x7f,0x5b,0xad,0xdf,0xde,};
const uint8_t* const _I_Suica_VendingPage2Full4[] = {_I_Suica_VendingPage2Full4_0};

const uint8_t _I_Suica_VendingPage2Full5_0[] = {0x01,0x00,0x99,0x01,0x00,0x1e,0x02,0x09,0x00,0x90,0x48,0xa9,0x20,0xff,0x07,0xf8,0x3f,0xc1,0x6b,0xff,0x00,0x18,0x3e,0xb5,0x40,0x03,0x07,0xd5,0x54,0x00,0x5d,0x50,0xff,0x87,0xfc,0x1e,0x34,0x0a,0x24,0xa4,0x3f,0x98,0x0c,0x44,0x64,0xbf,0x90,0x08,0x8c,0x24,0xfa,0xf4,0x13,0xf9,0x83,0xe7,0x01,0x80,0x07,0xed,0x02,0x01,0x01,0x07,0xf8,0x3f,0xc1,0xf9,0xc0,0xc0,0x03,0xcf,0xf8,0x66,0x38,0x38,0x7d,0x28,0x20,0xf3,0x81,0x02,0x8e,0x10,0x04,0x3b,0x05,0xfe,0x06,0x0f,0x2f,0xc8,0x7c,0xe2,0x60,0xf3,0xac,0x55,0x61,0xa0,0xf1,0x20,0x98,0x00,0x64,0x80,0x43,0xc3,0x75,0x66,0x00,0xf2,0x17,0xa4,0xa0,0x08,0x70,0x1a,0xad,0x00,0x1e,0x52,0x20,0x81,0x83,0xcd,0x3a,0x33,0xe5,0x08,0x83,0xc6,0x85,0x01,0x07,0xb1,0xf8,0x40,0x03,0x81,0x07,0x8e,0x08,0x5e,0xf2,0x08,0x05,0xfe,0x01,0x82,0x07,0x8f,0x8a,0x06,0x0f,0x7f,0x07,0xfe,0x06,0x0f,0x20,0xfc,0x44,0x3f,0x1f,0xf8,0x7e,0x10,0x3f,0x51,0x0f,0xf7,0xfe,0x7e,0x0f,0x20,0xfc,0x42,0x39,0xff,0xfb,0xfe,0x20,0x1f,0x58,0x8c,0xba,0x9c,0x41,0xe4,0x8f,0x8e,0x46,0xdc,0x1e,0x38,0x95,0x7d,0x7a,0x05,0xe3,0xff,0xc5,0xb3,0xe8,0xbc,0x3f,0xff,0xee,0x3d,0xdf,0x40,0xf2,0xfd,0x03,0xcb,0xf8,0x1f,0x38,0x38,0x3d,0x7e,0xa0,0xf2,0x00,0x47,0xa0,0x1e,0x3f,0xb1,0xf9,0x03,0xec,0x9e,0x60,0x08,0xe4,0x03,0xc8,0xde,0x20,0xf9,0xc4,0x03,0xc9,0x1e,0x20,0x93,0x6c,0x08,0x00,0xe5,0x00,0x21,0x57,0x90,0x3e,0x99,0xe4,0x0f,0x5b,0x00,0xbd,0x2d,0x0e,0xf2,0x1f,0xad,0x83,0xf7,0xff,0xff,0x6f,0xff,0xf6,0x8f,0x0f,0xff,0x07,0x8a,0x07,0xaf,0xf6,0xdf,0xdf,0xef,0xfb,0xf5,0x18,0x1f,0xfd,0x00,0xde,0xb6,0x0b,0x06,0xc0,0xfa,0x3e,0xfc,0x44,0x16,0x01,0xc0,0x0f,0xb5,0xb4,0x3c,0x3f,0x7f,0x7c,0x62,0x13,0x00,0xa2,0x63,0x01,0xed,0xef,0xef,0xde,0xe0,0x11,0x88,0xc8,0x3e,0x2c,0x3e,0x08,0x0d,0xf2,0xdf,0x38,0xc4,0x79,0xe8,0x98,0xe0,0xfb,0x7a,0xff,0xf7,0xed,0x7c,0xe2,0x91,0x10,0x8a,0x83,0xda,0xc3,0xec,0x80,0x5e,0x39,0xf7,0x8a,0x64,0x42,0x1a,0xef,0x50,0xf8,0xfb,0x37,0xd7,0xbf,0x7f,0xe0,0x3e,0x3c,0x50,0x7b,0xfd,0x6a,0xc4,0xf1,0xfc,0x54,0x62,0x1c,0x10,0x7b,0x48,0x7f,0x76,0x7f,0xff,0xaf,0xf1,0x87,0xf3,0xfc,0x01,0xed,0x9f,0xfd,0xdd,0xfe,0xfe,0xdf,0xc4,0x7e,0x01,0xfc,0x07,0xb6,0x8f,0xeb,0x73,0xfb,0xfb,0x80,};
const uint8_t* const _I_Suica_VendingPage2Full5[] = {_I_Suica_VendingPage2Full5_0};

const uint8_t _I_Suica_VendingPage2Full6_0[] = {0x01,0x00,0x99,0x01,0x00,0x1e,0x02,0x09,0x00,0x90,0x48,0xa9,0x20,0xff,0x07,0xf8,0x3f,0xc1,0x6b,0xff,0x00,0x18,0x3e,0xb5,0x40,0x03,0x07,0xd5,0x54,0x00,0x5d,0x50,0xff,0x87,0xfc,0x1e,0x34,0x0a,0x24,0xa4,0x3f,0x98,0x0c,0x44,0x64,0xbf,0x90,0x08,0x8c,0x24,0xfa,0xf4,0x13,0xf9,0x83,0xe7,0x01,0x80,0x07,0xed,0x02,0x01,0x01,0x07,0xf8,0x3f,0xc1,0xf9,0xc0,0xc0,0x03,0xcf,0xf8,0x66,0x38,0x38,0x7d,0x28,0x20,0xf3,0x81,0x02,0x8e,0x10,0x04,0x3b,0x05,0xfe,0x06,0x0f,0x2f,0xc8,0x7c,0xe2,0x60,0xf3,0xac,0x55,0x61,0xa0,0xf1,0x20,0x98,0x00,0x64,0x80,0x43,0xc3,0x75,0x66,0x00,0xf2,0x17,0xa4,0xa0,0x08,0x70,0x1a,0xad,0x00,0x1e,0x52,0x20,0x81,0x83,0xcd,0x3a,0x33,0xe5,0x08,0x83,0xc6,0x85,0x01,0x07,0xb1,0xf8,0x40,0x03,0x81,0x07,0x8e,0x08,0x5e,0xf2,0x08,0x05,0xfe,0x01,0x82,0x07,0x8f,0x8a,0x06,0x0f,0x7f,0x07,0xfe,0x06,0x0f,0x20,0xfc,0x44,0x3f,0x1f,0xf8,0x7e,0x10,0x3f,0x51,0x08,0xf7,0xfe,0x7e,0x0f,0x20,0xfc,0x42,0x35,0xff,0xeb,0xfe,0x20,0x1f,0x58,0x8b,0x7f,0xfb,0xfe,0x0f,0x24,0x7c,0x72,0x3f,0xe0,0xf1,0xc4,0xab,0xeb,0xd1,0x3f,0xff,0xfd,0xf1,0x6c,0xfa,0x2f,0x0f,0xff,0xd7,0x8f,0x77,0xd0,0x3d,0xbf,0x81,0xf3,0x83,0x83,0xd7,0xee,0x0f,0x20,0x04,0x7a,0x02,0xe4,0x3f,0x20,0x7f,0x80,0x20,0xde,0x20,0x01,0x37,0x88,0x3e,0x71,0x00,0xf2,0x47,0x88,0x24,0xdb,0x02,0x00,0x39,0x40,0x08,0x55,0xe4,0x0f,0xa4,0xf0,0xcf,0xc1,0xeb,0x60,0x17,0xa5,0xa1,0xde,0x43,0xf5,0xb0,0x7d,0xff,0xff,0xdb,0xff,0xfe,0xd1,0xe1,0xff,0xe0,0xf1,0x40,0xf5,0xfd,0xfb,0xfb,0xdb,0xff,0x7e,0xa3,0x03,0xff,0xa0,0x1b,0xd6,0xc1,0x61,0xb8,0x40,0x3b,0x1e,0xfc,0x44,0x16,0x01,0xc0,0x0f,0xb5,0xb3,0x7f,0xdf,0xf7,0xfb,0xe3,0x10,0x98,0x05,0x13,0x18,0x0f,0x5b,0x6f,0x7f,0xbf,0x77,0x80,0x46,0x23,0x20,0xf8,0xb0,0xf8,0x20,0x37,0x8f,0x7c,0xe3,0x11,0xe7,0xa2,0x63,0x83,0xed,0xe7,0xff,0xdf,0x6d,0xf3,0x8a,0x44,0x42,0x2a,0x0f,0x6b,0x0f,0xaa,0x01,0x78,0xd7,0xde,0x29,0x91,0x08,0x6b,0xbd,0x43,0xe3,0xed,0xbf,0x5e,0xf9,0xff,0x80,0xf8,0xf1,0x41,0xef,0xf4,0x9b,0x5e,0xe0,0x1f,0x8a,0x8c,0x43,0x82,0x0f,0x6b,0x0f,0xee,0xaf,0xff,0xf3,0xfe,0x30,0xfe,0x7f,0x80,0x3d,0xb7,0xff,0xbb,0x3f,0xdf,0xd7,0xf8,0x8f,0xc0,0x3f,0x80,0xf6,0xc9,0xfd,0x6e,0xff,0x7f,0x68,};
const uint8_t* const _I_Suica_VendingPage2Full6[] = {_I_Suica_VendingPage2Full6_0};

const uint8_t _I_Suica_VendingPage2Full7_0[] = {0x01,0x00,0x97,0x01,0x00,0x1e,0x02,0x09,0x00,0x90,0x48,0xa9,0x20,0xff,0x07,0xf8,0x3f,0xc1,0x6b,0xff,0x00,0x18,0x3e,0xb5,0x40,0x03,0x07,0xd5,0x54,0x00,0x5d,0x50,0xff,0x87,0xfc,0x1e,0x34,0x0a,0x24,0xa4,0x3f,0x98,0x0c,0x44,0x64,0xbf,0x90,0x08,0x8c,0x24,0xfa,0xf4,0x13,0xf9,0x83,0xe7,0x01,0x80,0x07,0xed,0x02,0x01,0x01,0x07,0xf8,0x3f,0xc1,0xf9,0xc0,0xc0,0x03,0xcf,0xf8,0x66,0x38,0x38,0x7d,0x28,0x20,0xf3,0x81,0x02,0x8e,0x10,0x04,0x3b,0x05,0xfe,0x06,0x0f,0x2f,0xc8,0x7c,0xe2,0x60,0xf3,0xac,0x55,0x61,0xa0,0xf1,0x20,0x98,0x00,0x64,0x80,0x43,0xc3,0x75,0x66,0x00,0xf2,0x17,0xa4,0xa0,0x08,0x70,0x1a,0xad,0x00,0x1e,0x52,0x20,0x81,0x83,0xcd,0x3a,0x33,0xe5,0x08,0x83,0xc6,0x85,0x01,0x07,0xb1,0xf8,0x40,0x03,0x81,0x07,0x8e,0x08,0x5e,0xf2,0x08,0x05,0xfe,0x01,0x82,0x07,0x8f,0x8a,0x06,0x0f,0x7f,0x07,0xfe,0x06,0x0f,0x20,0xfc,0x44,0x3f,0x1f,0xf8,0x7e,0x10,0x3f,0x51,0x09,0xf7,0xfe,0x7e,0x0f,0x20,0xfc,0x42,0x3f,0xff,0xeb,0xfe,0x20,0x1f,0x58,0x8b,0xff,0xfb,0xe6,0x0f,0x24,0x7c,0x72,0x03,0xe3,0xed,0xc4,0xab,0xeb,0xd0,0xc6,0x1f,0x6e,0x2d,0x9f,0x45,0xe1,0xff,0xfc,0xf1,0xee,0xfa,0x07,0x97,0xfc,0x1e,0x5f,0xc0,0xf9,0xc1,0xc1,0xf2,0x00,0x81,0xf9,0x7f,0xc7,0xe4,0x0f,0xf0,0x04,0x1b,0xc4,0x00,0x26,0xf1,0x07,0xce,0x20,0x1e,0x48,0xf1,0x04,0x9b,0x60,0x40,0x07,0x28,0x01,0x0a,0xbc,0x81,0xf5,0xfe,0x67,0x88,0x3d,0x6c,0x02,0xf4,0xb4,0x3b,0xc8,0x7e,0xb6,0x0f,0x7f,0xff,0xf6,0xbc,0x1b,0x47,0x87,0xff,0x83,0xc5,0x03,0xd7,0xef,0xef,0xee,0xdf,0xfd,0xfa,0x8c,0x0f,0xfe,0x80,0x6f,0x5b,0x05,0x87,0xe1,0x00,0xdc,0x7b,0xf1,0x10,0x58,0x07,0x00,0x3e,0xd6,0xdb,0xff,0x7f,0xbf,0xef,0x8c,0x42,0x60,0x14,0x4c,0x60,0x3d,0x6d,0x9b,0xfe,0xfd,0xbe,0x01,0x18,0x8c,0x83,0xe2,0xc3,0xc0,0x80,0xdd,0x3d,0xf3,0x8c,0x47,0x9e,0x89,0x8e,0x17,0xb1,0x80,0x6f,0x60,0xf1,0xa4,0x44,0x22,0xa0,0xf6,0xb0,0xf9,0xa0,0x17,0x8b,0x7d,0xe2,0x99,0x10,0x86,0xbb,0xd4,0x3e,0x3e,0x9f,0xf5,0xeb,0x5f,0xf8,0x0f,0x8f,0x14,0x1e,0xff,0x5b,0xb5,0xee,0x01,0xf8,0xa8,0xc4,0x38,0x20,0xf6,0xb0,0xfe,0xa6,0xff,0xff,0x7f,0xe3,0x0f,0xe7,0xf8,0x03,0xda,0x7f,0xfb,0xab,0xfd,0xfc,0xff,0x88,0xfc,0x03,0xf8,0x0f,0x6d,0x9f,0xd6,0xcf,0xf7,0xf5,0x80,};
const uint8_t* const _I_Suica_VendingPage2Full7[] = {_I_Suica_VendingPage2Full7_0};

const uint8_t _I_Suica_VendingPage2Full8_0[] = {0x01,0x00,0x8f,0x01,0x00,0x1e,0x02,0x09,0x00,0x90,0x48,0xa9,0x20,0xff,0x07,0xf8,0x3f,0xc1,0x6b,0xff,0x00,0x18,0x3e,0xb5,0x40,0x03,0x07,0xd5,0x54,0x00,0x5d,0x50,0xff,0x87,0xfc,0x1e,0x34,0x0a,0x24,0xa4,0x3f,0x98,0x0c,0x44,0x64,0xbf,0x90,0x08,0x8c,0x24,0xfa,0xf4,0x13,0xf9,0x83,0xe7,0x01,0x80,0x07,0xed,0x02,0x01,0x01,0x07,0xf8,0x3f,0xc1,0xf9,0xc0,0xc0,0x03,0xcf,0xf8,0x66,0x38,0x38,0x7d,0x28,0x20,0xf3,0x81,0x02,0x8e,0x10,0x04,0x3b,0x05,0xfe,0x06,0x0f,0x2f,0xc8,0x7c,0xe2,0x60,0xf3,0xac,0x55,0x61,0xa0,0xf1,0x20,0x98,0x00,0x64,0x80,0x43,0xc3,0x75,0x66,0x00,0xf2,0x17,0xa4,0xa0,0x08,0x70,0x1a,0xad,0x00,0x1e,0x52,0x20,0x81,0x83,0xcd,0x3a,0x33,0xe5,0x08,0x83,0xc6,0x85,0x01,0x07,0xb1,0xf8,0x40,0x03,0x81,0x07,0x8e,0x08,0x5e,0xf2,0x08,0x05,0xfe,0x01,0x82,0x07,0x8f,0x8a,0x06,0x0f,0x7f,0x07,0xfe,0x06,0x0f,0x20,0xfc,0x44,0x3f,0x1f,0xf8,0x7e,0x10,0x3f,0x51,0x0f,0xf7,0xfe,0x78,0x0f,0x20,0xfc,0x42,0x3f,0xf7,0xfb,0xce,0x20,0x1f,0x58,0x80,0x78,0xfe,0xc1,0xe4,0x8f,0x8e,0x42,0xd8,0x7f,0x98,0x95,0x7d,0x7a,0x18,0xe5,0x8b,0x67,0xd1,0x78,0x40,0x03,0x8f,0x77,0xd0,0x3d,0xbf,0x81,0xf3,0x83,0x83,0xe4,0x01,0x03,0xf6,0x07,0xce,0xfc,0x1f,0xbc,0x8a,0xf8,0x3c,0x4d,0xe2,0x0f,0x9c,0x40,0x7c,0x91,0xe2,0x09,0x36,0xc0,0x80,0x0e,0x50,0x02,0x1b,0xf8,0x3f,0x19,0xe3,0x3f,0x07,0xad,0x80,0x5e,0x96,0x87,0x79,0x0f,0xd6,0xc1,0xdf,0xff,0xfd,0xff,0xff,0xdb,0x47,0x87,0xff,0x83,0xc5,0x03,0xd7,0xdf,0xef,0xed,0xff,0xfd,0xda,0x8c,0x0f,0xfe,0x80,0x6f,0x5b,0x05,0x87,0xe1,0x00,0xbc,0x7b,0xf1,0x10,0x58,0x07,0x00,0x3e,0xd6,0x9f,0xff,0x7b,0x7f,0xef,0x8c,0x42,0x60,0x14,0x4c,0x60,0x3d,0x6d,0xb7,0xfe,0xfd,0x7e,0x01,0x18,0x8c,0x83,0xe2,0xc1,0xa0,0x80,0xdb,0x3d,0xf3,0x8c,0x47,0x9e,0x89,0x8e,0x0f,0xb7,0x3f,0xff,0x77,0x07,0x8d,0x22,0x21,0x15,0x07,0xb5,0x87,0xdc,0x4f,0x2b,0xc5,0x32,0x21,0x0d,0x77,0xa8,0x7c,0x7c,0xbf,0xeb,0xcd,0xbf,0xf0,0x1f,0x1e,0x28,0x3d,0xfe,0x37,0x6b,0xd4,0x03,0xf1,0x51,0x88,0x70,0x41,0xed,0x61,0xfc,0xdd,0xff,0xfc,0xff,0xc6,0x1f,0xcf,0xf0,0x07,0xb6,0xff,0xf5,0x37,0xfb,0xfb,0xff,0x11,0xf8,0x07,0xf0,0x1e,0xd3,0x3f,0xad,0x5f,0xef,0xe7,};
const uint8_t* const _I_Suica_VendingPage2Full8[] = {_I_Suica_VendingPage2Full8_0};

const uint8_t _I_Suica_VendingPage2Full9_0[] = {0x01,0x00,0x9a,0x01,0x00,0x1e,0x02,0x09,0x00,0x90,0x48,0xa9,0x20,0xff,0x07,0xf8,0x3f,0xc1,0x6b,0xff,0x00,0x18,0x3e,0xb5,0x40,0x03,0x07,0xd5,0x54,0x00,0x5d,0x50,0xff,0x87,0xfc,0x1e,0x34,0x0a,0x24,0xa4,0x3f,0x98,0x0c,0x44,0x64,0xbf,0x90,0x08,0x8c,0x24,0xfa,0xf4,0x13,0xf9,0x83,0xe7,0x01,0x80,0x07,0xed,0x02,0x01,0x01,0x07,0xf8,0x3f,0xc1,0xf9,0xc0,0xc0,0x03,0xcf,0xf8,0x66,0x38,0x38,0x7d,0x28,0x20,0xf3,0x81,0x02,0x8e,0x10,0x04,0x3b,0x05,0xfe,0x06,0x0f,0x2f,0xc8,0x7c,0xe2,0x60,0xf3,0xac,0x55,0x61,0xa0,0xf1,0x20,0x98,0x00,0x64,0x80,0x43,0xc3,0x75,0x66,0x00,0xf2,0x17,0xa4,0xa0,0x08,0x70,0x1a,0xad,0x00,0x1e,0x52,0x20,0x81,0x83,0xcd,0x3a,0x33,0xe5,0x08,0x83,0xc6,0x85,0x01,0x07,0xb1,0xf8,0x40,0x03,0x81,0x07,0x8e,0x08,0x5e,0xf2,0x08,0x05,0xfe,0x01,0x82,0x07,0x8f,0x8a,0x06,0x0f,0x7f,0x07,0xfe,0x06,0x0f,0x20,0xfc,0x44,0x3f,0x1f,0xf8,0x7e,0x10,0x3f,0x51,0x0f,0xf5,0xfe,0x7c,0x0f,0x20,0xfc,0x42,0x3f,0xfb,0xfb,0xfe,0x20,0x1f,0x58,0x80,0x78,0xff,0xc1,0xe4,0x8f,0x8e,0x47,0xfe,0xff,0xff,0xc4,0xab,0xeb,0xd0,0xc7,0x2c,0x5b,0x3e,0x8b,0xc2,0x00,0x1c,0x7b,0xbe,0xbf,0x1e,0xf0,0x7a,0x7f,0x03,0xe7,0x07,0x07,0x9f,0x5c,0x1e,0x80,0x08,0xf4,0x07,0xc8,0x7e,0x40,0xf9,0x27,0xa8,0x02,0x0d,0xe2,0x00,0x13,0x78,0x83,0xe5,0x1e,0x20,0x01,0x47,0x88,0x24,0xdb,0x02,0x00,0x39,0x40,0x08,0x55,0xe4,0x0f,0xaf,0xf7,0xfe,0x7e,0x0f,0x5b,0x00,0xbd,0x2d,0x0e,0xf2,0x1f,0xad,0x81,0x90,0x26,0xb1,0xfd,0xda,0x3c,0x3f,0xfc,0x1e,0x28,0x1e,0xbd,0xff,0x7a,0x2c,0x7d,0xba,0x8c,0x0f,0xfe,0x80,0x6f,0x5b,0x05,0x87,0xe0,0x9d,0x1f,0x76,0x22,0x0b,0x00,0xe0,0x07,0xda,0xcb,0xff,0xee,0xdf,0xfd,0xf1,0x88,0x4c,0x02,0x89,0x8c,0x07,0xad,0xa7,0xff,0xde,0x9f,0xc0,0x23,0x11,0x90,0x7c,0x58,0x6c,0x10,0x1a,0xe7,0xbe,0x71,0x88,0xf3,0xd1,0x31,0xc0,0xf5,0xb6,0x6b,0xff,0xf6,0xf0,0x78,0xd2,0x22,0x11,0x50,0x7b,0x58,0x79,0xd0,0x0b,0x87,0xbe,0xf1,0x4c,0x88,0x43,0x5d,0xeb,0x60,0xb6,0xfb,0x7f,0xd7,0xbf,0x7f,0xe0,0x3e,0x3c,0x50,0x7b,0xfd,0x6e,0xd7,0x93,0x88,0xd4,0x62,0x1c,0x10,0x7b,0x58,0x7f,0x77,0x7f,0xf6,0xbf,0xf1,0x87,0xf3,0xfc,0x01,0xed,0xbf,0xfc,0xdd,0xfe,0xfc,0xff,0xc4,0x7e,0x01,0xfc,0x07,0xb6,0xcf,0xe9,0x37,0xfb,0xfb,0xc0,};
const uint8_t* const _I_Suica_VendingPage2Full9[] = {_I_Suica_VendingPage2Full9_0};

const uint8_t _I_Suica_VendingThankYou_0[] = {0x01,0x00,0x43,0x00,0x00,0x1c,0x04,0x08,0xf4,0x00,0x26,0xf6,0x02,0xe7,0x14,0x02,0x44,0x54,0x08,0x70,0xd0,0xe3,0xf0,0x01,0xa7,0x90,0x02,0x40,0x85,0x21,0x82,0x68,0x82,0x81,0x1e,0xc0,0x2b,0x3d,0x00,0x10,0xe4,0x01,0x23,0x92,0x01,0x0e,0x54,0x04,0x38,0x70,0x0c,0xb0,0x10,0xa0,0x21,0xc0,0x84,0x26,0x04,0x3f,0x00,0x5c,0xf5,0x02,0x68,0x93,0x12,0x22,0x08,0x04,0x80,};
const uint8_t* const _I_Suica_VendingThankYou[] = {_I_Suica_VendingThankYou_0};

const uint8_t _I_Suica_YenKanji_0[] = {0x01,0x00,0x10,0x00,0xff,0x80,0x0b,0x07,0xc1,0x00,0xa8,0x2c,0xe0,0x7c,0x00,0x0d,0x7e,0x20,0x77,0x80,};
const uint8_t* const _I_Suica_YenKanji[] = {_I_Suica_YenKanji_0};

const uint8_t _I_Suica_YenSign_0[] = {0x01,0x00,0x17,0x00,0x83,0xc3,0xa1,0xc0,0x21,0x83,0xe7,0x20,0x60,0x11,0xfc,0x40,0x7e,0x10,0x0f,0xf4,0x1c,0x02,0x36,0x00,0x2b,0x00,0x54,};
const uint8_t* const _I_Suica_YenSign[] = {_I_Suica_YenSign_0};

const uint8_t _I_Suica_YurakuchoY_0[] = {0x01,0x00,0x13,0x00,0x83,0xc7,0x21,0xc0,0x02,0x8e,0x01,0x86,0x0f,0xb8,0x81,0xfc,0x20,0x20,0x11,0xf0,0x40,0x00,0x36,};
const uint8_t* const _I_Suica_YurakuchoY[] = {_I_Suica_YurakuchoY_0};

const uint8_t _I_Suica_YurikamomeLogo_0[] = {0x00,0xe0,0x03,0x00,0x00,0xf8,0x07,0x00,0x00,0x1c,0x8e,0x1f,0x00,0x0e,0xec,0x3f,0x00,0xc6,0x78,0x70,0x00,0xc7,0x38,0x60,0x00,0x03,0x6c,0xc0,0x00,0x00,0xc6,0xc0,0x01,0x00,0xc3,0x80,0x01,0x00,0xff,0x80,0x01,0x00,0x7f,0x80,0x01,};
const uint8_t* const _I_Suica_YurikamomeLogo[] = {_I_Suica_YurikamomeLogo_0};

const uint8_t _I_Suica_YurikamomeU_0[] = {0x01,0x00,0x0b,0x00,0xc1,0xc0,0x40,0x3b,0xc7,0x80,0xff,0xa0,0x17,0xc8,0x00,};
const uint8_t* const _I_Suica_YurikamomeU[] = {_I_Suica_YurikamomeU_0};

const Icon I_icon = {.width=10,.height=10,.frame_count=1,.frame_rate=0,.frames=_I_icon};
const Icon I_Suica_AsakusaA = {.width=15,.height=15,.frame_count=1,.frame_rate=0,.frames=_I_Suica_AsakusaA};
const Icon I_Suica_BdayCakeIcon = {.width=9,.height=10,.frame_count=1,.frame_rate=0,.frames=_I_Suica_BdayCakeIcon};
const Icon I_Suica_BigStar = {.width=4,.height=4,.frame_count=1,.frame_rate=0,.frames=_I_Suica_BigStar};
const Icon I_Suica_CardIcon = {.width=16,.height=10,.frame_count=1,.frame_rate=0,.frames=_I_Suica_CardIcon};
const Icon I_Suica_ChiyodaC = {.width=12,.height=15,.frame_count=1,.frame_rate=0,.frames=_I_Suica_ChiyodaC};
const Icon I_Suica_CrackingEgg = {.width=15,.height=19,.frame_count=1,.frame_rate=0,.frames=_I_Suica_CrackingEgg};
const Icon I_Suica_DashLine = {.width=103,.height=1,.frame_count=1,.frame_rate=0,.frames=_I_Suica_DashLine};
const Icon I_Suica_EmptyArrowDown = {.width=13,.height=10,.frame_count=1,.frame_rate=0,.frames=_I_Suica_EmptyArrowDown};
const Icon I_Suica_EmptyArrowRight = {.width=10,.height=13,.frame_count=1,.frame_rate=0,.frames=_I_Suica_EmptyArrowRight};
const Icon I_Suica_EntrySlider1 = {.width=25,.height=9,.frame_count=1,.frame_rate=0,.frames=_I_Suica_EntrySlider1};
const Icon I_Suica_EntrySlider2 = {.width=25,.height=9,.frame_count=1,.frame_rate=0,.frames=_I_Suica_EntrySlider2};
const Icon I_Suica_EntrySlider3 = {.width=25,.height=9,.frame_count=1,.frame_rate=0,.frames=_I_Suica_EntrySlider3};
const Icon I_Suica_EntryStopL1 = {.width=4,.height=9,.frame_count=1,.frame_rate=0,.frames=_I_Suica_EntryStopL1};
const Icon I_Suica_EntryStopL2 = {.width=4,.height=9,.frame_count=1,.frame_rate=0,.frames=_I_Suica_EntryStopL2};
const Icon I_Suica_EntryStopL3 = {.width=4,.height=9,.frame_count=1,.frame_rate=0,.frames=_I_Suica_EntryStopL3};
const Icon I_Suica_EntryStopR1 = {.width=4,.height=9,.frame_count=1,.frame_rate=0,.frames=_I_Suica_EntryStopR1};
const Icon I_Suica_EntryStopR2 = {.width=4,.height=9,.frame_count=1,.frame_rate=0,.frames=_I_Suica_EntryStopR2};
const Icon I_Suica_EntryStopR3 = {.width=4,.height=9,.frame_count=1,.frame_rate=0,.frames=_I_Suica_EntryStopR3};
const Icon I_Suica_FilledArrowDown = {.width=13,.height=10,.frame_count=1,.frame_rate=0,.frames=_I_Suica_FilledArrowDown};
const Icon I_Suica_FilledArrowRight = {.width=10,.height=13,.frame_count=1,.frame_rate=0,.frames=_I_Suica_FilledArrowRight};
const Icon I_Suica_GinzaG = {.width=15,.height=15,.frame_count=1,.frame_rate=0,.frames=_I_Suica_GinzaG};
const Icon I_Suica_HanzomonZ = {.width=12,.height=13,.frame_count=1,.frame_rate=0,.frames=_I_Suica_HanzomonZ};
const Icon I_Suica_HibiyaH = {.width=13,.height=15,.frame_count=1,.frame_rate=0,.frames=_I_Suica_HibiyaH};
const Icon I_Suica_JRLogo = {.width=23,.height=12,.frame_count=1,.frame_rate=0,.frames=_I_Suica_JRLogo};
const Icon I_Suica_KeikyuKK = {.width=17,.height=9,.frame_count=1,.frame_rate=0,.frames=_I_Suica_KeikyuKK};
const Icon I_Suica_KeikyuLogo = {.width=21,.height=15,.frame_count=1,.frame_rate=0,.frames=_I_Suica_KeikyuLogo};
const Icon I_Suica_MarunouchiHonanchoMb = {.width=26,.height=14,.frame_count=1,.frame_rate=0,.frames=_I_Suica_MarunouchiHonanchoMb};
const Icon I_Suica_MarunouchiM = {.width=16,.height=14,.frame_count=1,.frame_rate=0,.frames=_I_Suica_MarunouchiM};
const Icon I_Suica_MinusSign0 = {.width=14,.height=6,.frame_count=1,.frame_rate=0,.frames=_I_Suica_MinusSign0};
const Icon I_Suica_MinusSign1 = {.width=14,.height=6,.frame_count=1,.frame_rate=0,.frames=_I_Suica_MinusSign1};
const Icon I_Suica_MinusSign2 = {.width=14,.height=6,.frame_count=1,.frame_rate=0,.frames=_I_Suica_MinusSign2};
const Icon I_Suica_MinusSign3 = {.width=14,.height=6,.frame_count=1,.frame_rate=0,.frames=_I_Suica_MinusSign3};
const Icon I_Suica_MinusSign4 = {.width=14,.height=6,.frame_count=1,.frame_rate=0,.frames=_I_Suica_MinusSign4};
const Icon I_Suica_MinusSign5 = {.width=14,.height=6,.frame_count=1,.frame_rate=0,.frames=_I_Suica_MinusSign5};
const Icon I_Suica_MinusSign6 = {.width=14,.height=6,.frame_count=1,.frame_rate=0,.frames=_I_Suica_MinusSign6};
const Icon I_Suica_MinusSign7 = {.width=14,.height=6,.frame_count=1,.frame_rate=0,.frames=_I_Suica_MinusSign7};
const Icon I_Suica_MinusSign8 = {.width=14,.height=6,.frame_count=1,.frame_rate=0,.frames=_I_Suica_MinusSign8};
const Icon I_Suica_MinusSign9 = {.width=14,.height=6,.frame_count=1,.frame_rate=0,.frames=_I_Suica_MinusSign9};
const Icon I_Suica_MitaI = {.width=7,.height=14,.frame_count=1,.frame_rate=0,.frames=_I_Suica_MitaI};
const Icon I_Suica_MobileLogo = {.width=15,.height=15,.frame_count=1,.frame_rate=0,.frames=_I_Suica_MobileLogo};
const Icon I_Suica_MoneyStack1 = {.width=24,.height=20,.frame_count=1,.frame_rate=0,.frames=_I_Suica_MoneyStack1};
const Icon I_Suica_MoneyStack2 = {.width=24,.height=20,.frame_count=1,.frame_rate=0,.frames=_I_Suica_MoneyStack2};
const Icon I_Suica_MoneyStack3 = {.width=24,.height=20,.frame_count=1,.frame_rate=0,.frames=_I_Suica_MoneyStack3};
const Icon I_Suica_MoneyStack4 = {.width=24,.height=20,.frame_count=1,.frame_rate=0,.frames=_I_Suica_MoneyStack4};
const Icon I_Suica_NambokuN = {.width=15,.height=14,.frame_count=1,.frame_rate=0,.frames=_I_Suica_NambokuN};
const Icon I_Suica_Nothing = {.width=5,.height=5,.frame_count=1,.frame_rate=0,.frames=_I_Suica_Nothing};
const Icon I_Suica_OedoE = {.width=8,.height=15,.frame_count=1,.frame_rate=0,.frames=_I_Suica_OedoE};
const Icon I_Suica_OsakaMetroLogo = {.width=24,.height=15,.frame_count=1,.frame_rate=0,.frames=_I_Suica_OsakaMetroLogo};
const Icon I_Suica_PenguinHappyBirthday = {.width=78,.height=50,.frame_count=1,.frame_rate=0,.frames=_I_Suica_PenguinHappyBirthday};
const Icon I_Suica_PenguinTodaysVIP = {.width=9,.height=48,.frame_count=1,.frame_rate=0,.frames=_I_Suica_PenguinTodaysVIP};
const Icon I_Suica_PlusSign1 = {.width=14,.height=14,.frame_count=1,.frame_rate=0,.frames=_I_Suica_PlusSign1};
const Icon I_Suica_PlusSign2 = {.width=16,.height=16,.frame_count=1,.frame_rate=0,.frames=_I_Suica_PlusSign2};
const Icon I_Suica_PlusSign3 = {.width=18,.height=18,.frame_count=1,.frame_rate=0,.frames=_I_Suica_PlusSign3};
const Icon I_Suica_PlusStar = {.width=5,.height=5,.frame_count=1,.frame_rate=0,.frames=_I_Suica_PlusStar};
const Icon I_Suica_QuestionMarkBig = {.width=21,.height=33,.frame_count=1,.frame_rate=0,.frames=_I_Suica_QuestionMarkBig};
const Icon I_Suica_QuestionMarkSmall = {.width=16,.height=15,.frame_count=1,.frame_rate=0,.frames=_I_Suica_QuestionMarkSmall};
const Icon I_Suica_RinkaiR = {.width=9,.height=14,.frame_count=1,.frame_rate=0,.frames=_I_Suica_RinkaiR};
const Icon I_Suica_ShinjukuS = {.width=10,.height=14,.frame_count=1,.frame_rate=0,.frames=_I_Suica_ShinjukuS};
const Icon I_Suica_ShopIcon = {.width=11,.height=10,.frame_count=1,.frame_rate=0,.frames=_I_Suica_ShopIcon};
const Icon I_Suica_ShopPin = {.width=7,.height=10,.frame_count=1,.frame_rate=0,.frames=_I_Suica_ShopPin};
const Icon I_Suica_SmallStar = {.width=3,.height=3,.frame_count=1,.frame_rate=0,.frames=_I_Suica_SmallStar};
const Icon I_Suica_StoreFan1 = {.width=13,.height=9,.frame_count=1,.frame_rate=0,.frames=_I_Suica_StoreFan1};
const Icon I_Suica_StoreFan2 = {.width=13,.height=9,.frame_count=1,.frame_rate=0,.frames=_I_Suica_StoreFan2};
const Icon I_Suica_StoreFrame = {.width=67,.height=51,.frame_count=1,.frame_rate=0,.frames=_I_Suica_StoreFrame};
const Icon I_Suica_StoreLightningHorizontal = {.width=7,.height=5,.frame_count=1,.frame_rate=0,.frames=_I_Suica_StoreLightningHorizontal};
const Icon I_Suica_StoreLightningVertical = {.width=5,.height=7,.frame_count=1,.frame_rate=0,.frames=_I_Suica_StoreLightningVertical};
const Icon I_Suica_StoreP1Counter = {.width=128,.height=49,.frame_count=1,.frame_rate=0,.frames=_I_Suica_StoreP1Counter};
const Icon I_Suica_StoreReceiptDashLine = {.width=39,.height=1,.frame_count=1,.frame_rate=0,.frames=_I_Suica_StoreReceiptDashLine};
const Icon I_Suica_StoreReceiptFrame1 = {.width=60,.height=26,.frame_count=1,.frame_rate=0,.frames=_I_Suica_StoreReceiptFrame1};
const Icon I_Suica_StoreReceiptFrame2 = {.width=60,.height=27,.frame_count=1,.frame_rate=0,.frames=_I_Suica_StoreReceiptFrame2};
const Icon I_Suica_StoreSlidingDoor = {.width=21,.height=40,.frame_count=1,.frame_rate=0,.frames=_I_Suica_StoreSlidingDoor};
const Icon I_Suica_TWRLogo = {.width=25,.height=13,.frame_count=1,.frame_rate=0,.frames=_I_Suica_TWRLogo};
const Icon I_Suica_ToeiLogo = {.width=17,.height=15,.frame_count=1,.frame_rate=0,.frames=_I_Suica_ToeiLogo};
const Icon I_Suica_TokyoMetroLogo = {.width=21,.height=13,.frame_count=1,.frame_rate=0,.frames=_I_Suica_TokyoMetroLogo};
const Icon I_Suica_TokyoMonorailLogo = {.width=25,.height=15,.frame_count=1,.frame_rate=0,.frames=_I_Suica_TokyoMonorailLogo};
const Icon I_Suica_TokyuLogo = {.width=19,.height=14,.frame_count=1,.frame_rate=0,.frames=_I_Suica_TokyuLogo};
const Icon I_Suica_TopUpIcon = {.width=9,.height=9,.frame_count=1,.frame_rate=0,.frames=_I_Suica_TopUpIcon};
const Icon I_Suica_TopUpPage2_0001 = {.width=128,.height=64,.frame_count=1,.frame_rate=0,.frames=_I_Suica_TopUpPage2_0001};
const Icon I_Suica_TopUpPage2_0002 = {.width=128,.height=64,.frame_count=1,.frame_rate=0,.frames=_I_Suica_TopUpPage2_0002};
const Icon I_Suica_TopUpPage2_0003 = {.width=128,.height=64,.frame_count=1,.frame_rate=0,.frames=_I_Suica_TopUpPage2_0003};
const Icon I_Suica_TopUpPage2_0004 = {.width=128,.height=64,.frame_count=1,.frame_rate=0,.frames=_I_Suica_TopUpPage2_0004};
const Icon I_Suica_TopUpPage2_0005 = {.width=128,.height=64,.frame_count=1,.frame_rate=0,.frames=_I_Suica_TopUpPage2_0005};
const Icon I_Suica_TopUpPage2_0006 = {.width=128,.height=64,.frame_count=1,.frame_rate=0,.frames=_I_Suica_TopUpPage2_0006};
const Icon I_Suica_TopUpPage2_0007 = {.width=128,.height=64,.frame_count=1,.frame_rate=0,.frames=_I_Suica_TopUpPage2_0007};
const Icon I_Suica_TopUpPage2_0008 = {.width=128,.height=64,.frame_count=1,.frame_rate=0,.frames=_I_Suica_TopUpPage2_0008};
const Icon I_Suica_TopUpPage2_0009 = {.width=128,.height=64,.frame_count=1,.frame_rate=0,.frames=_I_Suica_TopUpPage2_0009};
const Icon I_Suica_TopUpPage2_0010 = {.width=128,.height=64,.frame_count=1,.frame_rate=0,.frames=_I_Suica_TopUpPage2_0010};
const Icon I_Suica_TopUpPage2_0011 = {.width=128,.height=64,.frame_count=1,.frame_rate=0,.frames=_I_Suica_TopUpPage2_0011};
const Icon I_Suica_TopUpPage2_0012 = {.width=128,.height=64,.frame_count=1,.frame_rate=0,.frames=_I_Suica_TopUpPage2_0012};
const Icon I_Suica_TopUpPage2_0013 = {.width=128,.height=64,.frame_count=1,.frame_rate=0,.frames=_I_Suica_TopUpPage2_0013};
const Icon I_Suica_TopUpPage2_0014 = {.width=128,.height=64,.frame_count=1,.frame_rate=0,.frames=_I_Suica_TopUpPage2_0014};
const Icon I_Suica_TopUpPage2_0015 = {.width=128,.height=64,.frame_count=1,.frame_rate=0,.frames=_I_Suica_TopUpPage2_0015};
const Icon I_Suica_TopUpPage2_0016 = {.width=128,.height=64,.frame_count=1,.frame_rate=0,.frames=_I_Suica_TopUpPage2_0016};
const Icon I_Suica_TopUpPage2_0017 = {.width=128,.height=64,.frame_count=1,.frame_rate=0,.frames=_I_Suica_TopUpPage2_0017};
const Icon I_Suica_TopUpPage2_0018 = {.width=128,.height=64,.frame_count=1,.frame_rate=0,.frames=_I_Suica_TopUpPage2_0018};
const Icon I_Suica_TopUpPage2_0019 = {.width=128,.height=64,.frame_count=1,.frame_rate=0,.frames=_I_Suica_TopUpPage2_0019};
const Icon I_Suica_TopUpPage2_0020 = {.width=128,.height=64,.frame_count=1,.frame_rate=0,.frames=_I_Suica_TopUpPage2_0020};
const Icon I_Suica_TopUpPage2_0021 = {.width=128,.height=64,.frame_count=1,.frame_rate=0,.frames=_I_Suica_TopUpPage2_0021};
const Icon I_Suica_TopUpPage2_0022 = {.width=128,.height=64,.frame_count=1,.frame_rate=0,.frames=_I_Suica_TopUpPage2_0022};
const Icon I_Suica_TopUpPage2_0023 = {.width=128,.height=64,.frame_count=1,.frame_rate=0,.frames=_I_Suica_TopUpPage2_0023};
const Icon I_Suica_TopUpPage2_0024 = {.width=128,.height=64,.frame_count=1,.frame_rate=0,.frames=_I_Suica_TopUpPage2_0024};
const Icon I_Suica_TopUpPage2_0025 = {.width=128,.height=64,.frame_count=1,.frame_rate=0,.frames=_I_Suica_TopUpPage2_0025};
const Icon I_Suica_TopUpPage2_0026 = {.width=128,.height=64,.frame_count=1,.frame_rate=0,.frames=_I_Suica_TopUpPage2_0026};
const Icon I_Suica_TopUpPage2_0027 = {.width=128,.height=64,.frame_count=1,.frame_rate=0,.frames=_I_Suica_TopUpPage2_0027};
const Icon I_Suica_TozaiT = {.width=11,.height=14,.frame_count=1,.frame_rate=0,.frames=_I_Suica_TozaiT};
const Icon I_Suica_TrainIcon = {.width=9,.height=10,.frame_count=1,.frame_rate=0,.frames=_I_Suica_TrainIcon};
const Icon I_Suica_UnknownIcon = {.width=6,.height=10,.frame_count=1,.frame_rate=0,.frames=_I_Suica_UnknownIcon};
const Icon I_Suica_VendingCan1 = {.width=9,.height=9,.frame_count=1,.frame_rate=0,.frames=_I_Suica_VendingCan1};
const Icon I_Suica_VendingCan2 = {.width=6,.height=10,.frame_count=1,.frame_rate=0,.frames=_I_Suica_VendingCan2};
const Icon I_Suica_VendingCan3 = {.width=9,.height=9,.frame_count=1,.frame_rate=0,.frames=_I_Suica_VendingCan3};
const Icon I_Suica_VendingCan4 = {.width=10,.height=6,.frame_count=1,.frame_rate=0,.frames=_I_Suica_VendingCan4};
const Icon I_Suica_VendingFlap1 = {.width=5,.height=15,.frame_count=1,.frame_rate=0,.frames=_I_Suica_VendingFlap1};
const Icon I_Suica_VendingFlap2 = {.width=13,.height=13,.frame_count=1,.frame_rate=0,.frames=_I_Suica_VendingFlap2};
const Icon I_Suica_VendingFlap3 = {.width=17,.height=5,.frame_count=1,.frame_rate=0,.frames=_I_Suica_VendingFlap3};
const Icon I_Suica_VendingFlapHollow = {.width=5,.height=14,.frame_count=1,.frame_rate=0,.frames=_I_Suica_VendingFlapHollow};
const Icon I_Suica_VendingIcon = {.width=8,.height=10,.frame_count=1,.frame_rate=0,.frames=_I_Suica_VendingIcon};
const Icon I_Suica_VendingMachine1 = {.width=47,.height=51,.frame_count=1,.frame_rate=0,.frames=_I_Suica_VendingMachine1};
const Icon I_Suica_VendingMachine2 = {.width=47,.height=51,.frame_count=1,.frame_rate=0,.frames=_I_Suica_VendingMachine2};
const Icon I_Suica_VendingMachine3 = {.width=47,.height=51,.frame_count=1,.frame_rate=0,.frames=_I_Suica_VendingMachine3};
const Icon I_Suica_VendingMachine4 = {.width=47,.height=51,.frame_count=1,.frame_rate=0,.frames=_I_Suica_VendingMachine4};
const Icon I_Suica_VendingMachine5 = {.width=47,.height=51,.frame_count=1,.frame_rate=0,.frames=_I_Suica_VendingMachine5};
const Icon I_Suica_VendingMachine6 = {.width=47,.height=51,.frame_count=1,.frame_rate=0,.frames=_I_Suica_VendingMachine6};
const Icon I_Suica_VendingPage2Full1 = {.width=128,.height=54,.frame_count=1,.frame_rate=0,.frames=_I_Suica_VendingPage2Full1};
const Icon I_Suica_VendingPage2Full10 = {.width=128,.height=54,.frame_count=1,.frame_rate=0,.frames=_I_Suica_VendingPage2Full10};
const Icon I_Suica_VendingPage2Full11 = {.width=128,.height=54,.frame_count=1,.frame_rate=0,.frames=_I_Suica_VendingPage2Full11};
const Icon I_Suica_VendingPage2Full12 = {.width=128,.height=54,.frame_count=1,.frame_rate=0,.frames=_I_Suica_VendingPage2Full12};
const Icon I_Suica_VendingPage2Full13 = {.width=128,.height=54,.frame_count=1,.frame_rate=0,.frames=_I_Suica_VendingPage2Full13};
const Icon I_Suica_VendingPage2Full14 = {.width=128,.height=54,.frame_count=1,.frame_rate=0,.frames=_I_Suica_VendingPage2Full14};
const Icon I_Suica_VendingPage2Full2 = {.width=128,.height=54,.frame_count=1,.frame_rate=0,.frames=_I_Suica_VendingPage2Full2};
const Icon I_Suica_VendingPage2Full3 = {.width=128,.height=54,.frame_count=1,.frame_rate=0,.frames=_I_Suica_VendingPage2Full3};
const Icon I_Suica_VendingPage2Full4 = {.width=128,.height=54,.frame_count=1,.frame_rate=0,.frames=_I_Suica_VendingPage2Full4};
const Icon I_Suica_VendingPage2Full5 = {.width=128,.height=54,.frame_count=1,.frame_rate=0,.frames=_I_Suica_VendingPage2Full5};
const Icon I_Suica_VendingPage2Full6 = {.width=128,.height=54,.frame_count=1,.frame_rate=0,.frames=_I_Suica_VendingPage2Full6};
const Icon I_Suica_VendingPage2Full7 = {.width=128,.height=54,.frame_count=1,.frame_rate=0,.frames=_I_Suica_VendingPage2Full7};
const Icon I_Suica_VendingPage2Full8 = {.width=128,.height=54,.frame_count=1,.frame_rate=0,.frames=_I_Suica_VendingPage2Full8};
const Icon I_Suica_VendingPage2Full9 = {.width=128,.height=54,.frame_count=1,.frame_rate=0,.frames=_I_Suica_VendingPage2Full9};
const Icon I_Suica_VendingThankYou = {.width=33,.height=35,.frame_count=1,.frame_rate=0,.frames=_I_Suica_VendingThankYou};
const Icon I_Suica_YenKanji = {.width=16,.height=16,.frame_count=1,.frame_rate=0,.frames=_I_Suica_YenKanji};
const Icon I_Suica_YenSign = {.width=12,.height=16,.frame_count=1,.frame_rate=0,.frames=_I_Suica_YenSign};
const Icon I_Suica_YurakuchoY = {.width=13,.height=15,.frame_count=1,.frame_rate=0,.frames=_I_Suica_YurakuchoY};
const Icon I_Suica_YurikamomeLogo = {.width=25,.height=11,.frame_count=1,.frame_rate=0,.frames=_I_Suica_YurikamomeLogo};
const Icon I_Suica_YurikamomeU = {.width=9,.height=11,.frame_count=1,.frame_rate=0,.frames=_I_Suica_YurikamomeU};

