:020000042000DA
:100000000000032091A9002029BC002055BC00203D
:1000100065BC0020A9BC002085BD002000000000B8
:10002000000000000000000000000000F12401209A
:1000300095BD0020000000005125012097BD002043
:1000400015A9002015A90020C1BB002015A900207A
:1000500015A9002009BC00203D7F0020697F0020F9
:10006000957F0020C17F0020ED7F0020F1B90020A6
:100070000DBA002029BA002045BA002061BA00203C
:100080007DBA002099BA002015A900209DBD00204E
:100090009BBD002015A9002015A900201980002073
:1000A00015A900209DB90020B9B90020D5B90020BC
:1000B00081B9002015A9002015A9002015A900204C
:1000C00015A9002015A9002015A9002015A90020B8
:1000D000F9BD002019BE002015A9002015A9002097
:1000E000B580002081BB002015A9002015A90020A3
:1000F000A3BD00209FBD0020A1BB0020B9BD0020F2
:10010000D9BD002015A9002015A9002015A900209F
:1001100015A9002015A90020A9BD0020B5BA00200E
:10012000D1BA0020EDBA002009BB002025BB002079
:0C01300041BB002061BB002015A900208D
:100140000348044B834202D0034B03B11847704766
:100150003CD701203CD70120000000000548064B99
:100160001B1AD90F01EBA301491002D0034B03B1B5
:10017000184770473CD701203CD701200000000001
:1001800010B5064C237843B9FFF7DAFF044B13B1DF
:100190000448AFF300800123237010BD64D7012011
:1001A000000000001C8F012008B5044B1BB104495E
:1001B0000448AFF30080BDE80840CFE7000000002E
:1001C00068D701201C8F012053B94AB9002908BF04
:1001D00000281CBF4FF0FF314FF0FF3000F06AB92C
:1001E000ADF1080C6DE904CE00F006F8DDF804E08E
:1001F000DDE9022304B070472DE9F047089D0C4665
:10020000002B4ED194468C458646B2FA82F262D9D2
:100210004AB1C2F12003914020FA03F30CFA02FC28
:10022000194300FA02FE4FEA1C471FFA8CF6B1FB95
:10023000F7F44FEA1E4307FB141143EA014304FBA2
:1002400006F199420AD91CEB030304F1FF3080F058
:100250001281994240F20F81023C6344591A1FFAFD
:100260008EF3B1FBF7F007FB101143EA014300FBEB
:1002700006F69E420AD91CEB030300F1FF3180F021
:10028000FC809E4240F2F980634402389B1B40EAA6
:10029000044000211DB1D3400022C5E90032BDE871
:1002A000F0878B4205D90DB1C5E900010021084650
:1002B000F5E7B3FA83F1002946D1A34202D3904275
:1002C000C0F0F080861A64EB03030120002DE6D015
:1002D000C5E90063E3E7002A40F09080A1EB0C043D
:1002E0004FEA1C481FFA8CF70121B4FBF8F64FEADD
:1002F0001E4308FB164443EA044307FB06F09842FA
:1003000008D91CEB030306F1FF3402D2984200F235
:10031000CD8026461C1A1FFA8EF3B4FBF8F008FBBA
:10032000104443EA044300FB07F79F4208D91CEB43
:10033000030300F1FF3402D29F4200F2B080204656
:10034000DB1B40EA0640A5E7C1F120068B4022FAFC
:1003500006F71F4320FA06FC04FA01F343EA0C03F4
:10036000F44000FA01F8380C4FEA1349B4FBF0FEF0
:100370001FFA87FC00FB1E4449EA04440EFB0CF9FB
:10038000A14502FA01F20AD93C190EF1FF3A80F0B8
:100390008480A14540F28180AEF1020E3C44A4EB82
:1003A00009041FFA83F9B4FBF0F300FB134449EA94
:1003B000044403FB0CFCA44507D93C1903F1FF30AE
:1003C00067D2A44565D9023B3C4443EA0E40A0FBFA
:1003D0000293A4EB0C049C42CE469C4651D34ED0D3
:1003E00055B1B8EB0E0364EB0C0404FA06F6CB40EF
:1003F0001E43CC40C5E90064002150E7C2F1200350
:1004000020FA03F10CFA02FC24FA03F394400C43A3
:100410004FEA1C4800FA02FE1FFA8CF7B3FBF8F013
:1004200008FB1031230C43EA014300FB07F199421A
:1004300008D91CEB030300F1FF362CD299422AD9CC
:10044000023863445B1AA4B2B3FBF8F108FB113322
:1004500044EA034401FB07F3A34208D91CEB04045C
:1004600001F1FF3613D2A34211D902396444E41AD0
:1004700041EA004139E70446F0E6084606E7C84588
:10048000AED2B9EB020E63EB070C0138A8E7314698
:10049000EDE7034699E73046D4E7D6467FE7634465
:1004A00002384DE70646234608460FE7023E6344FE
:1004B00030E700BF704700BF10F8012B11F8013B77
:1004C000012A28BF9A42F7D0D01A7047034613F882
:1004D000012B002AFBD1181A013870472DE9F04F83
:1004E0008BB00C4604939DF854300593049B9DF803
:1004F0005890BDF850700733C3F3CC0306931546EC
:10050000059BB9F1000F09D023B9049B013413FAFC
:1005100084F4A4B247B90BB0BDE8F08F002BF9D03A
:100520007B1E13449DB2F5E790F892A0179BDDF86F
:1005300010800393BAFA8AFB4FEA5B1B2A462146D6
:100540000126B8F1000F10D1179B069A80F892A0EF
:1005500013441793059B002B42D0B9F1000F3CD0F8
:100560000134A4B2013FBFB2D4E7039B1B781E4203
:100570001FD0002380F892A000930123CDE9081238
:10058000079016F07AFFDDE90701099AB9F1000F2B
:1005900020D0013292B2760016F0FF0608BF039B0E
:1005A00008F1FF3802BF0133039301261FFA88F8D0
:1005B000C7E790F89130002BE8D180F892B0009313
:1005C0000123CDE90812079016F057FFDDE9081264
:1005D0000798DBE7013189B2DDE7013DADB2C1E744
:1005E000B9F1000F01D0013CBBE70135F6E708B5D2
:1005F0004FF0020C0CF06EFC08B50EF0F1FC08B1E7
:10060000FFF7F5FF08BD08B54FF0FF310EF0BDFC58
:1006100008B1FFF7ECFF08BD08B508B9FFF7E7FF21
:10062000406B08BD08B508B9FFF7E1FF036890F813
:1006300038201B7C13FB02F0C00008BD2DE9F041FF
:10064000044618B94FF0020C0CF044FC16F05BFAAB
:10065000D4F8B800FFF7D7FF0025D4F8AC309D429E
:1006600015D2D4F8B430204653F8357003EBC508E2
:10067000FFF7D2FF06462046FFF7D4FFD8F8043034
:1006800094F8942001463046B8470135E5E7D4F8A0
:10069000B800BDE8F041FFF7AFBF08B518B94FF09B
:1006A000020C0CF017FCC0F8A030029BC0F8A4307C
:1006B000C0E9261208BD08B518B94FF0020C0CF0BD
:1006C00009FCD0F8A00008BD08B518B94FF0020C1D
:1006D0000CF000FCD0F8A40008BD000008B50346EB
:1006E00018B94FF0020C0CF0F5FB9A6D034B90F922
:1006F0007E009A4208BF013008BD00BFF7C101204B
:1007000008B508B9FFF773FF054B93F845301BB1E7
:10071000BDE8084016F0ECB9BDE8084016F0DDB9B8
:1007200090D6012038B5BC200DF0B8FD04464FF43A
:10073000806015F0E9FCC4F8A80000200EF0F1FB81
:1007400000250E4B0E4A0F49C4F8B800C4E92B55DA
:100750002046C4F8B45016F067FE204684F8945042
:1007600017F03EFA2946204617F043FA2046FFF7D5
:10077000C7FF2046FFF762FF204638BDCD7101203C
:10078000197201207CD3012008B508B9FFF72FFFAB
:10079000074B93F8453023B1012906D0012938BF12
:1007A0000121BDE8084016F0F8BE0021F9E700BFBE
:1007B00090D6012008B508B9FFF719FFBDE8084039
:1007C00016F000BD38B50D46044618B94FF0020CBE
:1007D0000CF080FB012116F038FC104B1B6843B174
:1007E00003EB8503596821B12046BDE8384016F077
:1007F000CFBC042D0ED8DFE805F0030507090B0078
:100800000749F1E70749EFE70749EDE70749EBE754
:100810000749E9E74FF0000CDAE700BF8CE601205A
:10082000A9C50120F7C1012028CB0120CFC9012093
:10083000DBCF012010B5044618B94FF0020C0CF0C4
:1008400049FBFFF75DFF20460121FFF79DFF204692
:100850000121FFF7B7FF20460021BDE81040FFF758
:10086000A9BF2DE97043DDF81C809DF8189006465D
:1008700018B94FF0020C0CF02DFBB8F1000F34D07A
:10088000D0F898400C44D0F89C10012B02EB0105E5
:1008900016D0042B19D0F3B9B9F1030F08D0B9F170
:1008A000040F1BD0B9F1020F15D196F98E301D44FB
:1008B0004346AAB2A1B23046BDE8704316F02CBC44
:1008C000414616F075FC241AE6E7414616F070FC26
:1008D000C0F34F00F7E74FF0000CCCE796F98E30ED
:1008E00003EBD37305EB6305E2E7BDE8708308B55E
:1008F00018B94FF0020C0CF0EDFA19B1BDE8084040
:1009000016F056BC084608BD2DE9F04F85B09CB2E4
:10091000BDF83880DDF83C909DF840A018FA82F6CA
:1009200014FA81F38FB21FFA82FBB6B200969BB223
:100930005A463946054616F045FEC0B1BAF1030FD6
:1009400015D8DFE80AF00207171DCDF80C90002338
:10095000029304E001230293CDF80C900023CDE92B
:1009600000835A46234639462846FFF7B7FD05B0AF
:10097000BDE8F08F00230293CDF80C900123EEE741
:10098000CDF80C900123E3E72DE9F043044687B04E
:1009900018B94FF0020C0CF09DFA002BF9D0D0F8EA
:1009A00098000D18D4F89C1018464FF000095618FE
:1009B000CDF8149017F078FC4946D4F8A880074683
:1009C00000F0A2FE05AA0146404615F0B3FB3846EA
:1009D00000F08AFE8046384600F08EFE059BCDF87A
:1009E0000890CDE900033246434629462046FFF7EA
:1009F0008BFF07B0BDE8F08370B518B94FF0020C5B
:100A00000CF068FAD0F89C50D0F898402A44214461
:100A1000BDF8104004949BB2BDE8704092B289B218
:100A200015F091BF70B5049D18B94FF0020C0CF091
:100A300051FAD0F89C60D0F8984032442144ADB2CD
:100A4000BDF81440059404959BB2BDE8704092B285
:100A500089B215F09ABF70B5049C08B9FFF7C7FDBD
:100A6000D0E926652C4433442A443144A4B204948A
:100A70009BB2BDE8704092B289B216F0BBBD15F0D2
:100A80005FBF000038B50D46044618B94FF0020CA0
:100A90000CF020FA90F894308B4215D0032927D817
:100AA000DFE801F002131A20023B012B12498CBF30
:100AB000002301231BB1D4E92832C4E928232046AE
:100AC00016F06DFF84F8945038BD023B012B0B49A2
:100AD0008CBF00230123EDE7012B09498CBF0023C4
:100AE0000123E7E7012B07498CBF00230123E1E73E
:100AF0004FF0000CCCE700BF7CD3012064D3012071
:100B000058D3012070D301202DE9F84307468846C9
:100B100010460A2116461C4618F066F818B93046E9
:100B2000FFF7D4FC3044851B30460EF0E9FE294621
:100B300081460EF0EBFF48460EF027FF014638468F
:100B4000FFF7D5FEB8F1040F064631D13846FFF75E
:100B5000B2FDB4EB500F29DD3846FFF7ACFD001BAA
:100B60004400B4421CD2341B07EE904A07EE105AE0
:100B7000B8EE670A07EE906AF8EE476AF8EE677A11
:100B800087EEA67A80EE070A18F06AF9FCEEC07AC2
:100B900017EE903A23B1013D052B2CBFED1A053D10
:100BA00048460EF0DAFE2846BDE8F8836400D8E730
:100BB000B8F1000F04D13846FFF77DFD041BD0E7E4
:100BC000B8F1010FCDD04FF0000C0CF083F92DE9F6
:100BD000F0472DED028B0D4684B016461F460446A5
:100BE00018B94FF0020C0CF075F9B5EEC00AF1EE31
:100BF00010FAF6DBF7EE007AB4EEE70AF1EE10FA3F
:100C0000EFD8023B07EE903AF8EE677A039327EEAF
:100C1000800A18F001F905F10108204606F10109E2
:100C20004FF0070A0021B0EE408AFFF7ADFD039BAD
:100C3000CDF800A04A4641462046FFF7DDFE20469B
:100C40000121FFF7A1FD09230322CDE90032294646
:100C50003B4632462046FFF7E5FEFCEEC87ACDF86B
:100C600000A017EE903A4A4641462046FFF7C4FEE0
:100C700004B0BDEC028BBDE8F08700002DE9F04F19
:100C800085B015469DF838B00F9C02919A46804673
:100C900018B94FF0020C0CF01DF9002CF9D0FFF739
:100CA0001DFD2746814600263B7853B9BBF1030F53
:100CB00015D1013E09FB16552378CBB905B0BDE827
:100CC000F08F3A46029B51464046FFF71DFF3A5CC3
:100CD0003B1801360A2A14BF1F465F1CE4E7BBF12C
:100CE000040FE9D1013E09FB06F6A5EB5605E3E743
:100CF000029B224651464046FFF706FF235C05EB68
:100D000009020A2B0646039200D0FBB91748224677
:100D100031460EF015FE07460EF037FE2A460299C0
:100D20005346CDE900B04046FFF79BFD38460EF034
:100D300014FE4046039DFFF7C7FCA842BEDBA25D40
:100D4000A3190A2A14BF1C465C1CB5E74046FFF7EE
:100D5000BBFC039B98422BBF06F1FF3604480548B5
:100D6000224632BF314622463146D2E7AC900120BE
:100D7000B1900120BA90012010B50C464FF0FF321F
:100D80000146E06C0EF00CF820680221BDE810402E
:100D90000FF034B910B50C464FF0FF320146206E0B
:100DA0000DF0FEFF20680421BDE810400FF026B9C9
:100DB00038B5D0E900239A42044615D3082B1946CA
:100DC00038BF0821B3EB410F4FEA410501D309F0C9
:100DD00099FDB5F1804FFAD28068C9000DF062FA32
:100DE0000028F4D0C4E901502368A0685A1C22608E
:100DF00000EB830038BD08B54FF0020C0CF06AF828
:100E000010B504468B0022688068521A013A191DF9
:100E100001449200184417F079FF2368013B2360D6
:100E200010BD00002DE9F04F87B00446102004915A
:100E300007F04EFE014600B10121A06C814FFFF783
:100E400021FE0D23009300228023A06C1146FFF7A2
:100E500024FC97F83930002B00F096800725A06C11
:100E60000021FFF791FC012200951146A06C092397
:100E70000626FFF7C1FD0096A06C3A2303222946FF
:100E8000FFF7BAFD0095A06C202301223D21FFF75A
:100E9000B3FD009626230322A06C5921FFF7ACFD79
:100EA000A06C0121FFF770FCA06C0121FFF7E7FDAA
:100EB0000022654BA06C1146FFF766FDA06C002177
:100EC000FFF7DDFD4FF000094FF07F084D46236B23
:100ED0004B455ED8002D50D00D230093A06C2B1DE8
:100EE0000022C5F17C01FFF7D8FB97F83830002BC2
:100EF00043D00121A06CFFF747FCD4F84890484646
:100F0000FFF7D9FB8046A06CFFF7DEFB012600222D
:100F100043461146CDE900064846FFF783FDD4F865
:100F200048A05046FFF7C7FB8046A06CFFF7C3FB05
:100F30008146A06CFFF7C8FB0238A9F10203A8F1B3
:100F40000201324600905046FFF785FDD4F848A0D4
:100F50005046FFF7B9FB8046A06CFFF7ACFB81461B
:100F6000A06CFFF7B1FB02380090A9F10203A8F1D1
:100F7000020231465046FFF76EFD97F83730002BDE
:100F800059D107B0BDE8F08FA06C0121FFF7FCFB41
:100F900094E72B06A0D4A36B53F829A0504601F088
:100FA0008BFA002844D0504601F045FA061E08BFCF
:100FB0000826A8F102080A23A8EB0608009308F007
:100FC000FF08B31CA06C012208F1FF31FFF765FB9D
:100FD000023597F8383056FA85F5EDB2ABB10021FD
:100FE000A06CFFF7D1FBD4F848B05846FFF763FB7D
:100FF0000390A06CFFF768FB039B00900133002275
:101000004FF0FF315846FFF7F7FCA06C0121FFF7C6
:10101000BBFB97F8381008230093A06CA8EB0101E4
:1010200033460222FFF739FBA16C504601F0DCFA8F
:1010300009F101094BE74FF0000A4FF0020856464C
:1010400054E000BF90D6012090BF0120AB197F2B48
:101050004FDCE36A53F82AB0584601F02DFA002815
:1010600042D0584601F0E7F90A23B0F10009009395
:1010700008BF4FF0080909F10203A06C012208F132
:10108000FF31FFF70AFB97F838309BB10021A06CC5
:10109000FFF77AFBA36C03931846FFF70CFB059050
:1010A000A06CFFF711FB00220090059B03981146EE
:1010B000FFF7A2FCA06C0121FFF766FB0823009359
:1010C0004146A06C4B460222FFF7E7FAA16C584656
:1010D000023608F1020801F087FA59FA86F659FA41
:1010E00088F8F6B25FFA88F80AF1010A636A534594
:1010F000ACD8049B002B39D0424800F0F5FA0A2303
:101100000093C5B2AB1CA06C012208F1FF31FFF7C0
:10111000C4FA97F838309BB10021A06CFFF734FB7C
:10112000D4F848A05046FFF7C6FA8146A06CFFF7F6
:10113000CBFA002200904B4611465046FFF75CFC6C
:10114000A06C0121FFF720FB08230093A06C2B4625
:1011500002224146FFF7A1FA00222A4BA06C114659
:101160000236FFF711FC55FA86F6F6B2002E3FF470
:1011700008AF0D2300930022F31CA06C1146FFF76B
:101180008CFA97F83830002B3FF4FBAEA76C38464A
:10119000FFF791FA0646A06CFFF796FA01250022A8
:1011A00033461146CDE900053846FFF73BFCD4F83D
:1011B00048804046FFF77FFA0646A06CFFF77BFAAF
:1011C0000746A06CFFF780FA0238BB1E2A46B11E04
:1011D00000904046FFF73FFCD4F848804046FFF7B8
:1011E00073FA0646A06CFFF766FA0746A06CFFF795
:1011F0006BFA02380090BB1EB21E29464046FFF72C
:101200002AFCBEE684BF012070B504680546013C97
:101210002B689C4201D3002608E0AB6853F8246099
:10122000304601F049F9013C0028F1D0304670BD4C
:1012300013B504460021806CFFF724FC4023009383
:101240000022A06C80231146FFF727FA04F10C005E
:10125000FFF7DAFF28B1A16C02B0BDE8104001F041
:10126000C3B902B010BD837A1BB9006801210EF02A
:10127000C5BE704708B540684FF0FF310DF085FEE0
:1012800008B1FFF7B8FD08BD08B540680DF0A8FE2D
:1012900008B1FFF7B0FD08BD70B50D46164604460F
:1012A00018B94FF0020C0BF015FE0029F9D0042AF2
:1012B000F7D8084601F0EEF9042E03D0831EDBB206
:1012C000012BEED92046FFF7D5FF0C2006FB0000CE
:1012D0002044FFF76DFD00B105602146284601F06E
:1012E0006DF92046FFF7D0FF2046BDE87040FFF7BC
:1012F000BABF2DE9F0410D46044618B94FF0020C73
:101300000BF0E8FD0029F9D0FFF7B4FF00212846D3
:1013100001F054F904F10C0604F148080027336881
:101320009F4210D30C364645F8D1A36DAB4208BF9F
:101330000023204608BFA365FFF7A6FF2046BDE8AF
:10134000F041FFF790BFB36853F82730AB4204D1A8
:1013500039463046FFF754FDE1E70137DFE708B5CE
:10136000034608B9FFF747FD007A10B1587A80F0BC
:10137000010000F0010008BD10B568200CF08EFFE0
:1013800004460EF0F7FD206000200DF0CAFD234654
:10139000606004F13C0100225A61C3E903220C336E
:1013A0008B42F9D1FFF7BEF90821A06408460DF081
:1013B000BFFCE06411480EF027F8012120650820E9
:1013C0000DF0B6FC20660E480EF01EF82246606650
:1013D0000C49206D0DF04AFE22460B49606E0DF05F
:1013E00045FE0A480EF010F80222C16C2046FFF7B5
:1013F00053FF06480EF02CF8204610BDC190012086
:10140000CE900120790D0020950D0020DB8F01206A
:101410002DE9F04F87B0FFF7AFFF01460446AC4817
:10142000DFF8BC82AB4FDFF8BC920DF0CBFF0021A0
:101430004FF0FF3207200EF04EFE8107064606D51C
:10144000E06C002204A90DF0EAFC002841D07207EC
:1014500009D504F13C05206E002204A90DF0DFFC43
:10146000002800F0D980F307E1D501200EF008FE36
:101470002046FFF7FFFEA37A002B40F00781A06C07
:10148000FFF7D8F92046FFF76AFF0546002800F06D
:10149000E5802046FFF7CCFE04F11800FFF7B4FE0C
:1014A000002840F0D98004F13C00FFF7ADFE011E9A
:1014B00018BF0121884B93F83230002B00F0E380F5
:1014C000B4F85C30002B40F0DE802046FFF7AAFC29
:1014D000D9E09DF815109DF8140094F854304FF0A1
:1014E000010A01290AFA00FA44D123EA0A0384F81E
:1014F00054302046FFF7BEFEA37A13B1A36D002B34
:1015000067D02046FFF72BFF5FFA8AFA6FEA0A0AD4
:10151000002849D004F10C00FFF776FE94F854300F
:1015200013EA0A0F054603D19DF81530002B5ED053
:10153000002D47D1D4F858A09DF81400BAF1000F3F
:1015400057D09DF81530012B53D101F07DF983461A
:101550009DF8150001F094F9049B3946CDE902038A
:10156000CDE9005B052053464A460CF02BFEA06DEA
:1015700004A92CE05FFA8AF219B91A4384F85420BE
:10158000B7E71A42B5D101F05FF905469DF815009D
:1015900001F076F9049B514ACDE9000339462B4608
:1015A00005200CF00FFE4BE704F13C00FFF72CFE8A
:1015B000054690B194F8543013EA0A0F02D19DF811
:1015C000153093B1A36DAB42B4D104A9284601F004
:1015D00083F82046FFF758FE32E704F11800FFF7C2
:1015E00013FE05460028E5D194E7A565EAE7A06566
:1015F0009EE701F029F983469DF8150001F040F9B6
:10160000049BCDE9005BCDE90203424653463946CF
:1016100005200CF0D7FDDCE72046FFF72BFEA37A70
:1016200043B92046FFF79BFE40B104F10C00FFF7E1
:10163000EBFD68B92046FFF727FE0CE72846FFF7C9
:10164000E3FD28B904F11800FFF7DEFD0028ECD017
:1016500004A901F083F8EDE701212BE70146A06C16
:10166000FFF710FA402300932A462946A06C8023F6
:10167000FFF713F804F13C00FFF7C6FD054648B13B
:10168000A16C00F0B1FFA06CFEF7D8FF2046FFF779
:10169000FBFDCCE60146A06CFFF7F4F93323009381
:1016A000A06C80230D222946FEF7F7FF04F11800F5
:1016B000FFF7AAFD38B1A16C00F096FFB4F85C10FA
:1016C0000029E0D101E72046FFF7B2FDF6E700BFB1
:1016D000EA8F0120E38F012090D60120DB900120CA
:1016E000879101201E91012008B518B94FF0020C16
:1016F0000BF0F0FB008808BD08B518B94FF0020CDC
:101700000BF0E8FB408808BD08B503798B4203D88D
:101710004FF0020C0BF0DEFB836853F8210008BD8C
:101720000368806803F18043013B00EB830070474E
:1017300038B5D0E900239A42044615D3082B194640
:1017400038BF0821B3EB410F4FEA410501D309F03F
:10175000D9F8B5F1804FFAD28068C9000CF0A2FD2B
:101760000028F4D0C4E901502368A0685A1C226004
:1017700000EB830038BD38B50D46044618B94FF06C
:10178000020C0BF0A7FBC068053080000CF086FD52
:101790000022C0E90345C0E90022826038BD10B5CF
:1017A000044618B94FF0020C0BF094FB80680CF063
:1017B00077FD2046BDE810400CF072BD08B518B9A1
:1017C0004FF0020C0BF086FBC368DB688B42F7D945
:1017D00000EB8100426108BD13B5044618B94FF013
:1017E000020C0BF077FB00238DF8003003680191A9
:1017F00073B1FFF795FFE36802685B68206953F8EF
:10180000223002AA12E9060002B0BDE810401847D3
:10181000184602B010BD13B5044618B94FF0020CBB
:101820000BF058FB6A4600230093536002238DF8A7
:101830000030036863B1FFF773FFE36801685B681A
:10184000206953F8213006CA02B0BDE8104018479D
:1018500002B010BD70B50D46044618B94FF0020C29
:101860000BF038FBC268D3688B42F7D903683BB1F1
:10187000FFF756FF93680168206953F821309847B5
:101880002046FFF755FF00B10560E36820691B683B
:1018900053F82530BDE87040184738B5044618B9EC
:1018A0004FF0020C0BF016FB03680BB9002038BD9B
:1018B000013B81680360002551F8232041F8235043
:1018C0000368C1682BB98B68006953F822309847C8
:1018D000ECE7FFF725FF8B68056853F82230206995
:1018E0009847E36820691B6853F825309847012022
:1018F000DDE713B5044618B94FF0020C0BF0EAFA15
:101900006A4600230093536001238DF8003003687A
:101910002BB9204602B0BDE81040FFF7BEBFFFF76D
:10192000FFFEE36801685B68206953F8213006CA4E
:1019300098470028EDD002B010BD08B54FF0020C5A
:101940000BF0C8FA08B534200CF0A8FC002202778E
:1019500008BD08B518B94FF0020C0BF0BBFA0160D6
:1019600008BD08B518B94FF0020C0BF0B3FA41608E
:1019700008BD08B518B94FF0020C0BF0ABFA0162C4
:1019800008BD08B518B94FF0020C0BF0A3FA41627C
:1019900008BD08B518B94FF0020C0BF09BFAC162F4
:1019A00008BD38B5044610461CB94FF0020C0BF0C8
:1019B00091FA002AF9D0237B002BF6D1A36A002BE1
:1019C000F3D10129217304D10CF068FC0546A5620E
:1019D00038BD022908D104300CF060FC0546012016
:1019E0000DF09FFA2860F2E79C46E0E710B5044648
:1019F00008B9FFF7A2FF037B5BB1022B03D1836A17
:101A000018680DF0AAFAA06A0CF04AFC0023A36241
:101A1000237310BD10B5044618B94FF0020C0BF03B
:101A200059FAFFF7E3FF2046BDE810400CF038BC40
:101A300010B518B94FF0020C0BF04CFA037B846A16
:101A4000022B08D120684FF0FF310DF09EFA08B14B
:101A5000FFF773FF0434204610BD08B518B94FF0E6
:101A6000020C0BF037FA037B022B06D1836A18684D
:101A70000DF0B6FA08B1FFF760FF08BD70B50D466E
:101A8000044618B94FF0020C0BF024FAFFF7E5FFFB
:101A900035B1236A23B1616A2046BDE8704018471A
:101AA00070BD38B50D46044618B94FF0020C0BF066
:101AB00011FA036853B1FFF7BBFF236801462846BC
:101AC00098472046BDE83840FFF7C7BF38BD0346FA
:101AD00010B508461BB94FF0020C0BF0FBF95A6821
:101AE0001AB1BDE81040D96A1047104610BD034630
:101AF00008461A6B0AB1D96A104710467047034668
:101B000010B508461BB94FF0020C0BF0E3F99A68C8
:101B10001AB1BDE81040D96A1047104610BD10B583
:101B200018B94FF0020C0BF0D5F903691BB1BDE8F1
:101B30001040C06A18476FF0010010BD10B518B909
:101B40004FF0020C0BF0C6F943691BB1BDE8104021
:101B5000C06A184710BD10B518B94FF0020C0BF051
:101B6000B9F983691BB1BDE81040C06A184710BDC0
:101B7000C36881EAC122013B1340426952F8230045
:101B800000B9704743688B4201D108307047006844
:101B9000F6E7436C0BB1C06C184770470346086BFF
:101BA00010B11946FFF77DBF704703688B422DE9DE
:101BB000F04104460D461BD812D24368994222D9FF
:101BC000B1F1804F17D308F09DFEA36853F82600AB
:101BD00043F8267030B901362368B342F5D8256042
:101BE000BDE8F081D0F800800CF05AFB4046F1E7E8
:101BF0000E460027F0E7806889000CF053FB0028B0
:101C0000E1D0C4E90150236800229D42E7D9A168D0
:101C100041F823200133F8E708B54FF0020C0BF030
:101C200059F908B50B464FF0FF32014698680DF0A0
:101C3000B7F808B1FFF7F0FF08BD08B50B464FF045
:101C4000FF320146186D0DF0ABF808B1FFF7E4FF65
:101C5000012008BD08B518B94FF0020C0BF03AF995
:101C600009B9FFF7D9FF0B6B834204D1BDE80840E7
:101C7000486900F07DBC08BD73B5064654200CF0E1
:101C80000DFB044600F097FB22466061224900F0FC
:101C900029FC60692149224600F03CFC224660692B
:101CA0001F4900F04FFC00256069002100F0DAFBBD
:101CB00004F12400C4E90955A561E5621021FFF78C
:101CC00074FF0A232362E5616660082110200DF08D
:101CD0002FF8A0600094134B0146012260680BF0BE
:101CE00017FD012110200DF023F8206500940E4B04
:101CF0000146012260680BF00BFD042110200DF05D
:101D000017F8E06000940146084B606801220BF070
:101D1000FFFC204602B070BD9D1B0020231C00204C
:101D20003B1C0020112300209723002019200020B5
:101D300008B50BF044FCFFF79FFF0123037008BDBB
:101D4000F8B50446006910B16169FFF7D2FAA569D8
:101D500065BB2E46636AE06A9D422BD366620CF037
:101D60009FFA0123C4E90A36606900F030FBD4E928
:101D700001010BF0D9FC216D60680BF0D5FCE16826
:101D800060680BF0D1FCA0680CF0F1FF206D0CF046
:101D9000EEFFE0680CF0EBFF237813B160680BF006
:101DA00037FC2046BDE8F8400CF07ABA4FF0020C40
:101DB0000BF090F850F8253040F825600BB901354C
:101DC000C8E71F6818460CF06BFA3B46F6E708B503
:101DD00018B94FF0020C0BF07DF8016408BD08B58E
:101DE00018B94FF0020C0BF075F8C16308BD08B5C7
:101DF00018B94FF0020C0BF06DF80378002BF8D0F7
:101E0000C0E9111208BD08B518B94FF0020C0BF06B
:101E100061F8C16408BD000037B5044618B94FF039
:101E2000020C0BF057F8816C0378002908BF4FF0C3
:101E3000FF3123B10346124A40680BF0C4FF6068CB
:101E40000BF05CFE012594F838300BB903B030BDBF
:101E50004FF0FF326946A0680CF0E1FF9DF80420C6
:101E60009DF8051094F8383005FA02F219B91343B9
:101E700084F83830E7E70129E5D123EA0203F7E7E0
:101E8000931B002008B508B9FFF7C6FEBDE808405F
:101E900040680BF029BC00002DE9F84F0F461646AC
:101EA000044618B94FF0020C0BF014F8002AF9D0D0
:101EB0001830FFF75DFE0028F4D1206908B1FFF764
:101EC000D9F9D4F82480D4F82CA087EAC72908F1DE
:101ED000FF3309EA03095AF829B05D462DB90C20F1
:101EE0000CF0DCF9B0B908F00DFD6B689F420FD122
:101EF000AE6031493046FFF73CFD30462146FFF7E2
:101F000040FD2069002855D0BDE8F84FFFF7BCB967
:101F10002D68E3E7A369226AC0F800B00133934259
:101F20004AF82900C0E90176A361E2D9B8EB480F6D
:101F30004FEA4807D7D204F124003946FFF735FEAF
:101F40004FEA880084462B4607F1FF3A984509D1AD
:101F5000102F8CBFBF0800270323E761B0FBF3F00D
:101F60002062C6E7E26A52F8235002EB830B1DB9E8
:101F700001330CF1040CE9E762444FF0000E69688C
:101F800081EAC12101EA0A018845A9462D680FD8D6
:101F9000BEF1000F09D1CBF800501168C9F800104C
:101FA000C2F80090002DEAD1E2E7CEF80050F4E745
:101FB000CE46F7E7BDE8F88F551C002038B50D4632
:101FC000044618B94FF0020C0AF084FF0169002999
:101FD000F8D1002DF6D02AB961692846FFF75CF9DF
:101FE000256138BD012AF7D0022A01D10422F3E786
:101FF0008C46E9E770B50446006B0D4610B9E36BFB
:102000002BB970BDFFF77BFD0028F8D0F9E7E06C35
:102010002946BDE87040184713B50C460022E06819
:1020200001A90CF0FCFE08B1FFF7F6FD019920466E
:10203000FFF7E0FF02B010BD07B5019118B94FF0EE
:10204000020C0AF047FFC0684FF0FF3201A90CF004
:10205000A7FE0028F3D103B05DF804FB38B50D46A8
:10206000044618B94FF0020C0AF034FF006B08B1B7
:10207000FFF771FD60692563CDB12B7F104AD55CF8
:1020800000F008FB854206D06069294600F0ECFAB2
:10209000002384F83830206BFFF750FD6069012180
:1020A00000F0E0F96069BDE8384000F061BA294607
:1020B00000F0D8F92046BDE83840FFF7E3BE00BF86
:1020C000909201202DE9F8430D46044618B94FF0CF
:1020D000020C0AF0FFFE006908B1FFF7CBF82946B1
:1020E00004F11800FFF744FD236B0768BB4203D1DE
:1020F00000212046FFF7B2FF636B626AE66ABB42CB
:1021000008BF002302F1FF3208BF636385EAC523DD
:1021100003EA020C002256F82C0028B9D4E9062361
:102120009A42D4D206460FE0D0E900139D4232D144
:102130007ABB46F82C100CF0B3F8A369E269013BB6
:102140009342A36117D20126656A69080B460020F5
:102150009D4223D804F12400FFF727FD0322212DFF
:1021600025F001038CBFD5400025B3FBF2F3E561F8
:102170002362002EABD000213846FFF7FAFB384629
:102180000021FFF7FEFB206900B3BDE8F843FFF72D
:102190007BB81160CFE702460846BEE7D4F82CC0F2
:1021A0005CF823804FEA8309B8F1000F08D05CF88F
:1021B00000200CEB000E32B9CEF800804CF809205C
:1021C00001330430C4E796461268F4E7BDE8F883AB
:1021D00010B50B46044618B94FF0020C0AF07AFE0F
:1021E0004A1C04D10021BDE81040FFF737BF02337D
:1021F00008D01830FFF7BCFC08B9FFF70DFD0168E7
:102200002046F0E710BD00002DE9FF4104460879A3
:1022100094F838300D46012249798240D7B281B90D
:102220003B4384F83830BB43266B41D0D4E90C766D
:10223000002F3AD0BE423ED0002E36D0012934D1F4
:102240000AE0012920D1D4E90C7623EA020384F8BC
:102250003830002FEED146B300F0F6FA80466879A8
:1022600000F00EFB2B68274A2749CDE90203CDE990
:102270000078334605200BF0A5FF606B294604B0BB
:10228000BDE8F041FFF723BC1F42CFD100F0DCFADC
:102290000446687900F0F4FA2B681C4A1A49CDE923
:1022A0000003234605200BF08DFF04B0BDE8F0814C
:1022B0006663002EF9D029463046FFF708FC002857
:1022C000F3D12B79052BF0D16B79023B012BECD8A4
:1022D000206BFFF724FC831C014605D0204604B088
:1022E000BDE8F041FFF774BF236C002BDDD0E06C3C
:1022F00098470028D9D1204604B0BDE8F041FFF747
:10230000C1BD00BF3092012021920120DD9101204A
:1023100013B50C460022A06869460CF080FD08B198
:10232000FFF77AFC69462046FFF76EFF02B010BD4A
:1023300037B50446006B0D4658B1FFF7D8FB40B9DE
:102340002B78142B07D8102B09D8082B05D00D2B70
:102350001FD003B030BD1B2BFBD1052301E0113B87
:10236000DBB2002269462046CDE900228DF8043018
:10237000FFF74AFF0223694620468DF80530FFF734
:1023800043FF0123694620468DF80530FFF73CFFE7
:10239000DFE70423E5E713B50C460022206D01A911
:1023A0000CF03DFD08B1FFF737FC01A92046FFF70F
:1023B000BFFF02B010BD10B524200BF06FFF044624
:1023C000012020810CF0ADFD6060204610BD10B5ED
:1023D000044618B94FF0020C0AF07CFD40684FF03B
:1023E000FF310CF0D2FD0028F4D12368002BF1D18D
:1023F00060680CF0F5FD0028ECD160680CF0ADFDD4
:102400002046BDE810400BF04BBF38B50D460446E2
:1024100018B94FF0020C0AF05DFD40684FF0FF3133
:102420000CF0B3FD0028F4D16068A5720CF0D8FD63
:102430000028EED138BD38B5044618B94FF0020C6B
:102440000AF048FD40684FF0FF310CF09EFD002877
:10245000F4D16068A57A0CF0C3FD0028EED12846BF
:1024600038BD000037B50D46044618B94FF0020CD0
:102470000AF030FD406802210CF087FD38B18F234F
:1024800000930A4A0A4B0B4903200BF09BFE237A68
:10249000AB4204D02068257208B1FEF7E4FE606804
:1024A00003B0BDE830400CF09BBD00BFBA920120E4
:1024B00094920120D592012038B5044618B94FF006
:1024C000020C0AF007FD40684FF0FF310CF05DFD93
:1024D0000028F4D16068257A0CF082FD0028EED146
:1024E000284638BD70B50E461546044618B94FF05B
:1024F000020C0AF0EFFC40684FF0FF310CF045FD94
:102500000028F4D1C4E9036560680CF069FD002877
:10251000EDD170BD70B50E461546044618B94FF0A2
:10252000020C0AF0D7FC40684FF0FF310CF02DFD93
:102530000028F4D1C4E9056560680CF051FD00285D
:10254000EDD170BD70B504460E4640684FF0FF31C6
:1025500015460CF01AFD18B14FF0020C0AF0BAFC47
:10256000C4E9076560680CF03BFD0028F4D170BD3C
:1025700013B5044618B94FF0020C0AF0ABFC4068E2
:1025800002210CF002FD38B1C4230093084A094B24
:10259000094903200BF016FE206818B1237A0BB10D
:1025A000FEF761FE606802B0BDE810400CF018BD97
:1025B000BA92012094920120D592012038B50D469F
:1025C000044618B94FF0020C0AF084FC40684FF042
:1025D000FF310CF0DAFC0028F4D1606825600CF0C3
:1025E000FFFC0028EED138BD73B50E46044618B97D
:1025F0004FF0020C0AF06EFC0029F9D0406802216D
:102600000CF0C3FC38B1D9230093134A134B14497F
:1026100003200BF0D7FD2368002BE9D0E36893B1CA
:10262000637A104A1020D55C06F052FA18B185B1D1
:10263000012D08BF002529463046FEF723FAD4E9CC
:10264000033130469847606802B0BDE870400CF036
:10265000C7BC0125EFE700BFBA9201209492012088
:10266000D5920120DE92012038B50D46044618B9F6
:102670004FF0020C0AF02EFC40684FF0FF310CF0D6
:1026800084FC0028F4D1606865720CF0A9FC002875
:10269000EED138BD37B5044618B94FF0020C0AF038
:1026A00019FC406802210CF070FC40B140F22F137D
:1026B0000093064A064B074903200BF083FD606830
:1026C000657A0CF08DFC284603B030BDBA9201202B
:1026D00094920120D592012070B50D46044618B998
:1026E0004FF0020C0AF0F6FB0029F9D040684FF0D9
:1026F000FF310CF04AFC0028F2D12368002BEFD008
:10270000636903B32046FFF7C5FF03280646E7D8F1
:102710002B79052BE4D82B789B0710D1012807D8FB
:10272000102006F0D5F918B12B790A4AD35C2B7129
:10273000094B2A79062101FB06339B5C2B71D4E9F6
:1027400005312846984760680CF04AFC0028C7D13C
:1027500070BD00BFE2920120E892012037B5044627
:102760000D4640684FF0FF310CF00FFC18B14FF0F0
:10277000020C0AF0AFFB2368002BF8D0E3699BB989
:102780002B78142B0CD8102B14D8082B0AD00D2B17
:102790002AD060680CF024FC0028E8D103B030BDDA
:1027A0001B2BF6D1052307E0216A2846984700280D
:1027B000EFD1E5E7113BDBB2002269462046CDE9C7
:1027C00000228DF80430FFF787FF02236946204678
:1027D0008DF80530FFF780FF0123694620468DF80C
:1027E0000530FFF779FFD4E70423E5E707B59DF847
:1027F000003042696FF301038DF80030009B62F3F3
:102800009F03009303681B798DF80430037C013328
:10281000DBB20374037C022B09D10323C0688DF85B
:10282000053069460CF070FC03B05DF804FB037CD6
:10283000022BF9D9037C013BDBB203740423EDE7DF
:1028400001210DF0DBBB00000A4B0B4A30B51146ED
:102850001C6800239C4201D1084808E01579854294
:1028600002F10C0204D10C2202FB0311886830BD76
:102870000133EFE728A5012084A501200093012062
:1028800004289ABF024B53F820000248704700BF4B
:1028900038930120009301202DE9F04F87B000AF5D
:1028A0000DF068FB80460CF0D4FBF8600CF0D1FB17
:1028B000F9687D4E04467D480CF084FD21467C4835
:1028C0000CF080FD02200BF0E9FCB86000F0FAF893
:1028D000B96878480CF076FD774B1B687B606A46D8
:1028E0004FF0180909FB13239D466C4625464FF00F
:1028F000000A7B6853450FD14FF0010B18260025C5
:10290000A0467D60AA4531D17B68002B00F0C480D1
:1029100001200BF048FBF2E7D6F800B067495846B3
:10292000424605F051FADBF800302E601A69BBF818
:10293000043063481340727909FB0A4B002B18BF1F
:1029400082F001028BF8042002228BF8052001217D
:102950002A460DF0D5FCFB68A8600022EB600AF166
:10296000010A8BF810200C361835C2E7D8F80000A1
:1029700003681A689B8812691342427914BF0121C7
:10298000002106FB054C91429CF8053081EA020EBD
:1029900055D0032B05D89CF805300133DBB28CF8F9
:1029A000053006FB054999F805301BB199F805304B
:1029B000032B6ED999F8043073453CD03B7C89F8E1
:1029C00004E06FF301033B74914203793B753B696B
:1029D0003BD006FB05410BF10102C1F814B0496977
:1029E000D8F808003A6061F39F0396213B610DF02F
:1029F000AFFC3A68934699F80430F86883F0010315
:102A000007F110017B750CF07FFBBB681B7893B15D
:102A1000BB687A7D5B781341DB070CD501200BF096
:102A2000C2FA012007F036FFBB6818780BF0BBFA3A
:102A3000002007F02FFF013508F1180862E7002B8E
:102A4000AFD09CF80530013BA8E706FB0542D8F85B
:102A50000800526962F39F033B610DF097FCD8F8C0
:102A600008000DF0ADFC80B906FB05431B7C012B73
:102A700006D80223F8687B7507F110010CF044FBBF
:102A800006FB054300221A74B5E701200BF08BFA10
:102A9000E5E701237B60CEE779684FF0FF32012044
:102AA0000DF019FB2BE700BF84A50120C190012088
:102AB000CE9001200893012028A501204128002064
:102AC000ED2700201FB5002304460DF10F02144826
:102AD000194613F0AFFDD8B19DF80F20012A0DD192
:102AE0000F480092292303A913F00CFD80B19DF833
:102AF0000C3023700323637004B010BD022A07D189
:102B0000074800922923214613F0FCFC0028F3D14A
:102B1000044A054903200BF055FB00232380E9E715
:102B20004C9301206193012085930120837D23B183
:102B3000037F13B190F822304BB9037D4BB9837EEC
:102B40003BB990F82000003818BF012070470020E2
:102B500070470120704700000846014900F046BB5D
:102B600010940120014900F041BB00BF08940120EE
:102B700038B5074D044628460CF046FC94F93C1045
:102B8000806C14F035FC2846BDE838400CF060BC81
:102B9000EA8F012000238178C3700371407905F02A
:102BA00029BB1FB503780C4683B9CDE901330393E4
:102BB000206803234FF0FF3201A98DF808300CF094
:102BC000EFF818B14FF0020C0AF084F904B010BD10
:102BD000034608461B789B0702D1024900F006BB5A
:102BE000704700BF1094012008B507F07DF828B1A8
:102BF00007F08EF8BDE8084007F09EB808BD0379DD
:102C0000817013B9407905F0F5BA70472DE9F341A9
:102C100005464E1E044600F112074FF0010816F853
:102C2000013F95ED0C7AE07D84F8168007EE903A2E
:102C3000F8EEE77A063467EE877AFCEEE77ACDEDB8
:102C4000017A9DF80410E17305F0D4FABC42E6D194
:102C500002B0BDE8F08100002DE9F04F2DED048BAE
:102C600044208FB00BF01AFB0C21044608200CF016
:102C70005FF8002120602246AF480DF041FB4FF085
:102C80007E536363E362236347F23053A3630123FC
:102C900084F83D300023E3814FF4006263834FF4F6
:102CA0000073A0602282A3834FF080724FF0806394
:102CB000A24823620226626184F828600CF0A4FB1B
:102CC0009F49606022460CF0D1F99E480CF09CFBB5
:102CD00022469D4920640CF0C9F99C49204600F029
:102CE00085FA9B480CF090FB054601F041FA9949A2
:102CF00022460CF0BBF9284601F0BAF9A8B3964A6F
:102D0000964905200BF05EFA002004F10C0807F04C
:102D1000C1FDFFF769FF00214046FFF770FF04F196
:102D20001203184600210393FFF769FF04F118030B
:102D3000184600210493FFF762FF04F11E031846B2
:102D400000210593FFF75BFF854821460CF03AFB15
:102D50004FF0060B20684FF0FF320BA90CF05FF824
:102D600078B14FF0020C0AF0B5F80096162318223D
:102D700004F128017B4813F0C5FB2046FFF7F8FE5D
:102D8000C2E79DF83050032D00F2B481DFE815F062
:102D90000400BA010F0219020B9BD4ED0D8A1E68C4
:102DA000714B94ED0B8A1A889B788DF82A30002796
:102DB000CDE9077794F83D30ADF8282006934FF021
:102DC0000109BA46002E68D1002F00F08F812046FD
:102DD000FFF7ACFE0AA906462046FFF717FF45F0AD
:102DE0000705002E00F08281B9F1000F00F082810A
:102DF00020465E49FFF70AFF64200BF001F96B06DD
:102E000001D505F05BFAEF0702D50398FFF7C2FE84
:102E1000AE0702D50498FFF7BDFE680702D50598F6
:102E2000FFF7B8FE290702D5002007F033FDEA06B8
:102E300001D5FFF7D9FEAB0640F15C81D4ED0B0A5A
:102E4000B0EE480A13F000FA70B9D4ED0B7A9FED9A
:102E5000487A67EE877A0820FCEEE77ACDED067AAD
:102E60009DF8181005F0C6F9D4ED0E7AA568B8EEF5
:102E7000678A0BF095F807EE900ADFED3E6AF8EEF0
:102E8000677A284686EEA77AC8EE077AFCEEE77ADC
:102E900017EE901A0DF05CFA2CE13378122B37D82C
:102EA000DFE813F0CA00DA00F60096009D00A400E7
:102EB000AB00C300BF00F90020006A0086002101BA
:102EC000100115011A0113001D01E37C8DF8283053
:102ED000637E8DF82930E37F8DF82A3045F00705B1
:102EE000012715E03379CBB107EE903AF8EEE77A97
:102EF000012367EE887A607C2374FCEEE77A45F064
:102F00002005CDED097A9DF82410E17305F072F9E2
:102F10000B9B0AF1010A53F82A6053E74046FFF77A
:102F200039FEA0680DF04CFA10B905F0DF05EFE7A7
:102F3000A0680DF02BFAF8E7652B0020C190012066
:102F4000D12B0020CE900120592B0020109401207D
:102F5000DB8F0120A32B002093930120FD8F012004
:102F60000D900120B8930120348F0120F3930120AC
:102F700000007F4300007A4494F82430FF2B3FF494
:102F8000F0AE0133DBB2012B84F82430C0D13379A9
:102F900007EE903AF8EEE77A404667EE887AFCEE64
:102FA000E77ACDED097A9DF82410FFF728FEAFE708
:102FB00094F8243033B1013BDBB284F82430002B89
:102FC000A6D1E4E7844A854902200BF0FBF89FE78D
:102FD00033798DF82830E37445F0010580E73379C3
:102FE0008DF82930637645F0020579E733798DF85D
:102FF0002A30E37745F0040572E7D4ED0C7A9FEDB3
:10300000787AF388B288307A67EE877A45F0470598
:10301000FCEEE77ACDED097A9DF8241005F028F949
:103020005EE7307A05F060F95AE705F0BF0505F074
:1030300045F945F007056BE7307940B1069B43B190
:10304000402005F045FD08B1079B13B1012007F0B2
:1030500021FC45F008055BE7402096ED019AD6ED8E
:10306000029A05F035FD08B1089B43B106F03CFE1D
:1030700040B169EEA80AB0EE490A06F081FE45F0BB
:10308000100545E71E2006F009FE0028F1D1F6E7FD
:10309000FFF7AAFDF3E787B12046FFF747FD30B100
:1030A00020465049FFF7B2FD64200AF0A9FF0AA9A3
:1030B0002046FFF7ABFD45F0070570680AF0A0FF5A
:1030C000002725E70123D6ED018A089320E7337A0C
:1030D0000693012307931BE796ED038A18E7204622
:1030E000FFF746FD14E74FF0000911E7B9F1000FB3
:1030F0007FF485AE0D9800283FF42CAE01210AF034
:103100003FF827E60B9B1B6800251226002BF1D009
:1031100018780A2822D008D80338C0B2022830D93B
:103120000B9B013553F82530F0E71128F8D1122711
:10313000E35D94ED0C7A07EE903AF8EEE77AE01949
:1031400067EE877A0637FCEEE77ACDED067A9DF8D2
:103150001810FFF754FD242FEAD1E1E71B7994ED15
:103160000B7A07EE903AF8EEE77A404667EE877AF8
:10317000FCEEE77ACDED067A9DF81810FFF73FFDDB
:10318000CEE71B790BFB004207EE903A9374F8EE02
:10319000E77A94ED0C7A67EE877A1BFB0060FCEE11
:1031A000E77A2044CDED067A9DF81810E6E7022371
:1031B00000931822162304F128010B4813F030F96C
:1031C00098E7022300931822162304F128010648E9
:1031D00013F098F98EE700BFD4930120FD8F0120F2
:1031E00000007F43F3930120B89301201FB518B965
:1031F0004FF0020C09F06EFE0029F9D00023019176
:1032000000688DF808304FF0FF3201A903930BF0EE
:10321000C7FD0028ECD105B05DF804FB0149FFF7BC
:10322000E5BF00BFE49401200149FFF7DFBF00BF05
:10323000D89401200149FFF7D9BF00BF5C95012058
:103240000149FFF7D3BF00BFF49401200149FFF704
:10325000CDBF00BF2895012013289ABF014B185CF1
:10326000072070470A96012001234B710020704708
:1032700001234B710020704701234B7100207047E0
:1032800001207047012070470120704700207047DF
:1032900038B50C460146204601F00CF9D0E904137C
:1032A000D0E90E529A4208BF8D424FF0000363717D
:1032B000A3600CBF0120184638BD10B50C4601466E
:1032C000204601F0F7F80023D0E90401637110BD36
:1032D00010B50C460146204601F0ECF80023D0E979
:1032E0000E01637110BD10B50C460146204601F079
:1032F000E1F8002112F037FBA060FFF7ADFF60712D
:10330000B0FA80F0400910BD70B50C46C8B0014657
:1033100020461E46154601F0CDF8694612F023FB03
:10332000A060FFF799FF60715DB1DDE90023C5E999
:10333000022300232B709DF80C30DB0644BF0123D1
:103340002B703EB1094ABDF830110DF11A03304619
:1033500002F006FD9DF81A300BB903236371607902
:10336000B0FA80F0400948B070BD00BF07B5012039
:1033700038B50C460146204601F09CF8054612F08F
:10338000E9FAA060FFF768FF607128460AF088FF3D
:103390006079B0FA80F0400938BD70B50C461E4621
:1033A00001462046154601F085F866B12A460023FD
:1033B00012F048F9A060C0B2FFF74EFF6071B0FA9A
:1033C00080F0400970BDD0E90E134A1943F10003A3
:1033D000EEE773B50C460146204615461E4601F041
:1033E00069F80023ADF8063032460DF10603294690
:1033F00012F063F8A060FFF72FFF6071BDF80600C0
:1034000002B070BD70B50C4605460146204601F07D
:1034100051F8064612F00DF9A060FFF71DFF60712C
:1034200030460AF03DFF20462A46002101F036F8DA
:103430006079B0FA80F0400970BDF8B507460846DB
:103440000D46FDF743F8064603300AF027FF7B6878
:103450001B7803703A2304464370721C29460230DD
:1034600015F040FC2046F8BD2DE9F04106469DF8D8
:10347000180003F001049B0748BF44F002048707CB
:103480000D4648BF44F010044107904648BF44F041
:103490003004020748BF44F00404C3064FF414701C
:1034A00048BF44F008040AF0F9FE324607460146D8
:1034B000284600F0F3FF4146B068FFF7BEFF224602
:1034C00001460646384611F08DFFA86030460AF0E6
:1034D000E7FE287AFFF7C0FE6871B0FA80F0400975
:1034E000BDE8F081F8B5054650200C4617460AF0B5
:1034F000D5FE2A4606460146204600F0CFFF394653
:10350000A868FFF79AFF01460546304612F0CDF94C
:10351000A06028460AF0C4FE207AFFF79DFE607185
:10352000B0FA80F04009F8BD70B58068C8B01446A4
:10353000FFF783FF6946064612F03FFA054630461C
:103540000AF0AEFE5CB1DDE90023C4E902230023EA
:1035500023709DF80C30DB0644BF012323702846FE
:1035600048B0BDE87040FFF777BE012070470123E7
:103570004B710020704708B5012283680273002256
:103580005968104611F008FF072008BD2DE9F74FD4
:1035900004460D4605F08EFE424FD4F80880DFF851
:1035A0001491DFF808A106465FFA86FB3EB305F0EA
:1035B00075FE20B33DB138460BF026FFFFF72EFE17
:1035C00038460BF045FF1BF0010F14BF002001200F
:1035D00005F072FEC0B238BBD8E90001012211F03B
:1035E000DBFE10B10D283AD1032020733DB12D48E8
:1035F0000BF00AFFFFF718FE2A480BF029FF2046C0
:1036000000F02EFF267BAEB3204600F01DFF264AB9
:103610002649034602200AF0D5FD002D3AD107269F
:10362000304603B0BDE8F08F052323733DB1384623
:103630000BF0EAFEFFF7F8FD38460BF009FF4FF4F8
:103640007A700AF0DDFC204600F0FEFE3346009062
:103650004A46514602200AF0B5FD013EA4E7022386
:103660002373002DEBD00F480BF0CEFEFFF7DCFDEF
:103670000C48E2E70E4A0D4904200AF0A3FD002D94
:10368000CED008480BF0C0FEFFF7D4FD05480BF084
:10369000DFFEC5E703480BF0B7FEFFF7D7FD0726AF
:1036A000F4E700BF0D900120B4950120A9950120F9
:1036B000C69501209095012070B58668337A04463E
:1036C0000D46DBB105F0EAFDB8B1194A19490420ED
:1036D0000AF078FD0023337229462046FFF756FF93
:1036E00005F0DCFD48B9144A124904200AF06AFDCD
:1036F0002046FFF740FF0123337270BD05F0CEFD79
:103700000028FAD104200D4A0A490AF05BFD012382
:1037100033722046FFF72FFF002DEED008480BF044
:1037200073FEFFF78DFDBDE8704005480BF090BEBD
:10373000D3950120A9950120E1950120FD95012057
:103740000D9001200121FFF7B7BF0120704730B570
:1037500085680C468BB048220021204615F0BAFA45
:103760006868002204F1100112F04CF9054628B9EE
:10377000C4E901004FF002232070E360684605F0C1
:1037800057FFF0B99DF8143084F83230BDF8153089
:10379000A4F833309DF8173084F83530BDF81C306C
:1037A0006387BDF81E30A387089B2364BDF82630CD
:1037B0000698A4F846309DF82430C4F8360084F802
:1037C000443028460BB0BDE83040FFF745BD00004F
:1037D00010B5044603F0FAF80C200AF05FFD094B1F
:1037E0000360094B436001230372084B6360084B7D
:1037F000A060236005F04AFD20460021BDE810408E
:10380000FFF75ABF90D70120C0D9012045370020CB
:1038100020960120037B012B01BF054B1960054B4E
:103820001A6003BF0223037300200920704700BF02
:1038300084D7012080D701200120704710B5037B79
:10384000044663B1022B0CD183680122D3E9000145
:1038500011F0A2FD0D2806D038B9207310BD092043
:10386000FCE70120FAE70420F8E70720F6E710B5A7
:10387000027B044642B983681046596811F08CFDFA
:1038800020B90223237310BD0120FCE70720FAE7CB
:1038900010B5037B04460BB9FFF7E9FF237B022B2E
:1038A00001BF054B00201860044B03BF18600123C3
:1038B0002373012010BD00BF84D7012080D70120D1
:1038C00009289ABF024B53F820000248704700BFF6
:1038D000309701207496012008B518B94FF0020CFA
:1038E00009F0F8FA007800F0010008BD0A7C22B166
:1038F000012A06D0034B002200E0034B1146FDF7DE
:1039000043B8704778BF01206CBF012070B55820C4
:103910000AF0C4FC1021044608200BF009FA2060CC
:103920000BF097FB251D6065284600F084FD04F12F
:103930001C06284600F094FD304600F07CFD304621
:1039400004F1340600F08CFD304600F074FD304682
:1039500000F086FD2846FFF73BFF237C013B18BFA4
:10396000012384F85030FEF726FD0546E06409483F
:10397000FDF7BAFEC1B22846FEF747FDE06C0649E6
:103980002246FEF7AFFDE06C94F85010FEF76AFD9A
:10399000204670BD6CBF0120ED38002073B5044691
:1039A000051D00F14C066B680BB128469847183589
:1039B000B542F8D1257C012D13D194F8503083B154
:1039C0000021E06C84F85010FEF74CFD1849194AAC
:1039D00004200AF0F7FB606D8DF8045001A90BF08C
:1039E00093FB237C13B1023B032B15D894F8503082
:1039F00093B90121E06C84F85010FEF733FD257C6B
:103A000065B90D4A0A4904200AF0DCFB8DF8045020
:103A1000606D01A90BF078FB02B070BD074A044944
:103A200004200AF0CFFB02238DF80430F0E700BF3A
:103A3000788F012058970120689701207697012000
:103A40001FB5FFF763FF0446014609480BF0BAFCB7
:103A500020684FF47A7269460BF0E1F920B96946A3
:103A6000204601F050FAF3E72046FFF797FFEFE713
:103A7000DB8F0120034608461B78033B012B02D84D
:103A8000012109F07DBB704708B54FF0020C09F029
:103A900021FA0000F0B504468DB018B94FF0020CC1
:103AA00009F018FAC568002DF8D009F042FB01278B
:103AB0000023CDE9053307938DF8247004AB0890FB
:103AC0000A93064602AB286804944FF0FF3208A917
:103AD0000B930BF065F905460028DFD10246394605
:103AE0004FF0FF33304609F08AFB304609F032FBD5
:103AF0002368074A074903F160430093062004F155
:103B000060430AF05FFB9DF8080025710DB0F0BD21
:103B10008A9701209E9701202DE9F0410F468AB037
:103B20001646054618B94FF0020C09F0D3F9D0F843
:103B30000C80B8F1000FF6D009F0FBFA0023CDE9B4
:103B4000043304238DF81C30069002AB4FF0FF3293
:103B5000044606A9D8F800008DF81060CDE9025798
:103B60000893CDF824D00BF01BF902460028DAD1D7
:103B70004FF0FF330121204609F041FB204609F0B8
:103B8000E9FA9DF800000AB0BDE8F08170B505467D
:103B90008AB018B94FF0020C09F09CF9C668002EE3
:103BA000F8D009F0C6FA0023CDE9033305930523C5
:103BB0008DF81C30069002AB4FF0FF32044606A988
:103BC000306802950893CDF824D00BF0E9F802464E
:103BD0000028DFD14FF0FF330121204609F00FFB11
:103BE000204609F0B7FADDE900010AB070BD70B5F2
:103BF00005468AB018B94FF0020C09F06BF9C66897
:103C0000002EF8D009F095FA0023CDE9033305938F
:103C100006238DF81C30069002AB4FF0FF320446AD
:103C200006A9306802950893CDF824D00BF0B8F8B7
:103C300002460028DFD14FF0FF330121204609F072
:103C4000DEFA204609F086FA9DF800000AB070BD41
:103C500070B505468AB018B94FF0020C09F03AF970
:103C6000C668002EF8D009F064FA0023CDE90333CA
:103C7000059307238DF81C30069002AB4FF0FF32FE
:103C8000044606A9306802950893CDF824D00BF0BD
:103C900087F802460028DFD14FF0FF33012120468C
:103CA00009F0ADFA204609F055FADDE900010AB045
:103CB00070BD70B505468AB018B94FF0020C09F016
:103CC00009F9C668002EF8D009F033FA0023CDE9CF
:103CD0000333059309238DF81C30069002AB4FF097
:103CE000FF32044606A9306802950893CDF824D027
:103CF0000BF056F802460028DFD14FF0FF330121C8
:103D0000204609F07CFA204609F024FA9DF80000CC
:103D10000AB070BD70B504468CB018B94FF0020CF3
:103D200009F0D8F8C568002DF8D009F002FA002390
:103D3000CDE9053307930B238DF8243004AB0890AD
:103D40000A93064602AB286804944FF0FF3208A994
:103D50000B930BF025F805460028DFD102464FF003
:103D6000FF330121304609F04AFA304609F0F2F9F2
:103D70002368074A074903F160430093062004F1D2
:103D800060430AF01FFA9DF8080025710CB070BD61
:103D9000A99701209E9701202DE9F04388468BB01A
:103DA00017461E46054618B94FF0020C09F092F866
:103DB000D0F80C90B9F1000FF6D009F0BAF90C2345
:103DC0008DF81C30069002AB4FF0FF32044606A976
:103DD000D9F800000497CDE90258ADF814600893B3
:103DE000CDF824D00AF0DCFF02460028DCD14FF0E9
:103DF000FF330121204609F002FA204609F0AAF912
:103E00009DF800000BB0BDE8F083F0B50F468BB015
:103E10001646054618B94FF0020C09F05BF809F098
:103E200088F90023CDE904330446CDE902760CF08D
:103E3000A1F80F2304908DF81C304FF0FF3202AB35
:103E40002868069406A90893CDF824D00AF0A8FFA4
:103E500002460028DFD14FF0FF330121204609F050
:103E6000CEF9204609F076F99DF800000BB0F0BDC0
:103E70001FB508B9FFF708FE6A46FFF7C6FF40B94D
:103E80006846FFF729FD80F00100C0B205B05DF87B
:103E900004FB0020FAE770B50E468AB0054618B953
:103EA0004FF0020C09F016F809F043F90023CDE9B0
:103EB00003330446059302960CF05CF8102303903C
:103EC0008DF81C304FF0FF3202AB2868069406A92B
:103ED0000893CDF824D00AF063FF02460028DFD112
:103EE0004FF0FF330121204609F089F9204609F0FF
:103EF00031F99DF800000AB070BD08B508B9FFF7A8
:103F0000C3FD407908BD2DE9F04F8DB00646009104
:103F1000154632B9FFF7F1FF2C4620460DB0BDE83B
:103F2000F08F18B94FF0020C08F0D4FF00244FF6C0
:103F3000FF7AA1464FF0020BF368002BF2D0A5EBFD
:103F40000408D04528BFD046019309F0F2F8009B41
:103F50008DF824B01A1902AB0B93019B059204AAA9
:103F600008900A9207464FF0FF321868049608A995
:103F7000CDE90699ADF818800AF012FF0246002834
:103F8000D0D14FF0FF330121384609F038F93846D7
:103F900009F0E0F8BDF8087030463C44FFF7ADFF8B
:103FA0000028BAD1B845B8D1A542C5D1B5E72DE9A9
:103FB000F04F8DB016460091054608B9FFF764FD35
:103FC00000244FF6FF7AA1464FF0030BB44206D10E
:103FD0002846FFF792FF20460DB0BDE8F08FEB6852
:103FE0001BB94FF0020C08F075FFA6EB0408D04592
:103FF00028BFD046019309F09CF8009B8DF824B0AF
:104000001A1902AB0B93019B059204AA08900A921D
:1040100007464FF0FF321868049508A9CDE90699C4
:10402000ADF818800AF0BCFE02460028D9D14FF046
:10403000FF330121384609F0E2F8384609F08AF8E2
:10404000BDF8087028463C44FFF757FF0028C2D14E
:10405000B845C0D1A642B9D1BDE708B518B94FF0EF
:10406000020C08F037FFBDE808404079FFF728BC94
:1040700030B505468BB018B94FF0020C08F02AFF96
:1040800009F057F802AB044610220021184614F03C
:1040900021FE16228DF81C2008904FF0FF32286870
:1040A000069406A9CDF824D00AF07AFE024600282C
:1040B000E2D14FF0FF330121204609F0A0F820465D
:1040C00009F048F89DF800000BB030BD38B5054642
:1040D00008B9FFF7D9FC10200AF0E0F800230446E5
:1040E0000371C56000F16043034A044906200AF0E9
:1040F00069F8204638BD00BFBC9701209E9701207B
:1041000008B508B9FFF7C0FC0079003818BF0120D6
:1041100008BD08B508B9FFF7B7FC0079431E58423F
:10412000584108BD10B5044618B94FF0020C08F00C
:10413000D1FEFFF7E5FF30B12046FFF7EAFF70B18F
:104140002046FFF7E7FD04F160430620064A0749D1
:104150000AF038F82046BDE810400AF0A1B8204621
:10416000FFF798FCEFE700BFCE9701209E97012054
:1041700008B508B9FFF788FC406D08BD2DE9F04F80
:104180000F468FB090469B46044618B94FF0020C7C
:1041900008F0A0FE08F0CDFF0546E068FFF7E8FF55
:1041A0002D492A460AF062FF4FF0020902904FF0B3
:1041B000000AE368002BE9D0039308F0BAFFCDE9C9
:1041C000064706468DF820808DF821B00BF0D2FE10
:1041D00006AB0C93039B84F804908DF82CA004AAE2
:1041E00009900D9218680A964FF0FF320AA90AF05A
:1041F000D7FD02460028C9D14FF0FF3301213046D8
:1042000008F0FDFF304608F0A5FF9DF8106056B994
:104210006379092B07D14FF0FF333246012128463D
:1042200008F0EDFFC5E7E068FFF7A2FF02990AF08A
:1042300043FF284608F08EFF01972368074A084984
:1042400003F160430093062004F1604309F0BAFFD4
:1042500030460FB0BDE8F08F753A0020DF9701209F
:104260009E9701202DE9F04F0F468FB0044618B9F4
:104270004FF0020C08F02EFE08F05BFF0546E068E8
:10428000FFF776FF2D492A460AF0F0FE4FF00009AD
:1042900080464FF0010A4FF00A0BE368002BE7D08D
:1042A000039308F046FFCDE908990646CDE9064795
:1042B0000BF060FE039B84F804A006AA8DF82CB0D6
:1042C0000C9204AA08900D9218680A964FF0FF32DB
:1042D0000AA90AF065FD02460028C9D14FF0FF3354
:1042E0000121304608F08BFF304608F033FF9DF87F
:1042F000106056B96379092B07D14FF0FF3332466E
:104300000121284608F07BFFC7E7E068FFF730FF90
:1043100041460AF0D1FE284608F01CFF01972368A9
:10432000074A084903F160430093062004F1604303
:1043300009F048FF30460FB0BDE8F08F753A002015
:10434000F69701209E97012008B508B9FFF79CFB5E
:10435000FFF7A1FD18B1C31E5842584108BD012006
:10436000FCE700002DE9F04F85B01446DDF83880F9
:104370009DF83CA003911F46064618B94FF0020C69
:1043800008F0A8FD1B480BF0DBFA4FF0000B0546C8
:1043900028460BF0FAFA002201463046FFF735FDB9
:1043A0000BF10109A0B11FFA8BF2EAB12046FCF72C
:1043B0008DF8824518D910491FFA8BF322464046E2
:1043C0000BF013FB284605B0BDE8F04F0BF0C5BA63
:1043D0001FFA89F30093039A084901972346284658
:1043E0000BF003FBCB46D3E70549224640460BF0D2
:1043F000FCFAE7E70C9801201E9801201498012090
:1044000007B501200346086900B970474268116882
:104410001A68914201D1043070470068F4E710B582
:104420000023C0E9003304460BF052FAA06010BD2F
:1044300080680BF092BA002301228360027303614B
:104440007047007B70470000037B052B9ABF024A30
:1044500052F82300014870476098012023980120FA
:1044600010B5044604F0DCFC606110BD4069704783
:1044700008B5FFF7C7FF003818BF012008BD38B5E1
:104480000C6905460CB9204638BDE06829460BF09A
:1044900085FA08B12468F5E70120F5E710B50C4668
:1044A0001146FFF7AFFF18B94FF0020C08F012FDEC
:1044B000446010BD08B5FFF7A5FF18B94FF0020C16
:1044C00008F008FD406808BD2DE9F04105461020C0
:1044D0008846174609F0E2FE044608B906F012FACB
:1044E00006463B6946F8043B38613046FFF797FFC4
:1044F000E0682E6065604146BDE8F0410BF04ABAC5
:1045000038B50C6900220CB9204638BD63681D68B7
:1045100003689D42236804D022461C46F3E71360DB
:1045200002E0002AFBD10B61201DFFF781FF20462E
:1045300009F0B6FE0120E8E70369002003B97047DF
:104540001B680130FAE7000038B505460BF01DFA8C
:10455000044628460BF047FA042802D923792F2B6A
:104560001BD111490422204614F061FBA0B10F4970
:104570000422204614F05BFB88B10D49042220463A
:1045800014F055FB68B10B490422204614F04FFB90
:10459000002814BF0420032038BD0420FCE70120BC
:1045A000FAE70220F8E700BF789801207D98012003
:1045B000829801208798012010B50BF0E6F9044697
:1045C000FBF784FF042894BF2018201D10BDF8B508
:1045D00006460C4601F14807002521463046FFF704
:1045E00047FF002818BF25461834BC42F5D128469D
:1045F000F8BD000038B5084D0446294620460BF0AA
:1046000075FA00B938BD20460BF0EDF9411E204681
:104610000BF07CFAF1E700BFA098012038B5044602
:1046200008461546FFF790FF30B904342046FFF7DF
:1046300008FF18B92C6038BD0620FCE70120FAE716
:10464000F7B5144601AA0D46FFF7E8FF68B9019EC9
:1046500033682846DF6BFFF7AFFF224601463B4633
:10466000304603B0BDE8F040184703B0F0BD73B565
:1046700001AA0D46FFF7D2FF78B9019C2046FFF74B
:10468000EFFE236828465E6CFFF796FF334601462F
:10469000204602B0BDE87040184702B070BD2DE959
:1046A000F34115460C4601AA29469DF820801F4675
:1046B000FFF7B4FF607138B9019E28463146FFF715
:1046C000DEFE28B109236371002002B0BDE8F0814D
:1046D000BB0702D53046FFF7C3FE324629462046C7
:1046E000FFF7F2FE2846FFF767FF3368CDF820801A
:1046F0001D6802463B4621463046AC4602B0BDE846
:10470000F0416047F7B50C460746011D2046FFF70C
:104710005EFF054628B9042363710646304603B0A0
:10472000F0BD036821465B68984729460646204647
:10473000FFF7E6FE0323786D8DF8043001A90AF037
:10474000E3FCEBE7F7B515460C4601AA2946FFF74F
:1047500065FF607138B9019E28463146FFF78FFE2C
:1047600020B109236371002003B0F0BD3246294611
:104770002046FFF7A9FE33682846DF6AFFF71CFFD3
:10478000214602463B46304603B0BDE8F04018479C
:10479000F7B50C460746011D2046FFF718FF0546F2
:1047A00028B9042363710646304603B0F0BD0368A0
:1047B00021461B6B9847294606462046FFF7A0FE78
:1047C0000423786D8DF804300DEB03010AF09CFC96
:1047D000EAE72DE9F0410C46011D2046BDF81870AE
:1047E00015461E46FFF7F3FE48B1036806975F6B58
:1047F0002A4633462146BC46BDE8F04160470423C3
:104800006371BDE8F08110B50C46011D2046FFF72D
:10481000DEFE28B1036821469B6BBDE810401847B7
:104820000423637110BD00002DE9F8430D460646D0
:104830003949284690461F460BF047F9814690B308
:1048400036480BF05DF8044640460BF091FC0146FB
:1048500020460BF08CF920460BF097F80522034612
:10486000002128460BF0F9F8BFB30022214630465C
:10487000FFF7E6FE88B32A4920460BF08DF8214663
:104880003046FFF7F4FE274920460BF070F940460A
:104890000BF06EFC014620460BF069F921463046CC
:1048A000FFF7E5FE19E0204928460BF00EF9074610
:1048B000C0B11E480BF024F8044640460BF058FCEB
:1048C000014620460BF053F920460BF05EF8072214
:1048D0000346494628460BF0C0F82046BDE8F84399
:1048E0000BF03BB8124928460BF0EFF888B10422D0
:1048F0003946104B28460BF0B0F80E480BF000F884
:104900003A46044601463046FFF79AFE0028E4D0B6
:10491000C4E7BDE8F88300BF8C980120929801207D
:10492000A2980120A0980120B1980120B9980120F7
:104930007D980120CB9801202DE9FF470B79054692
:104940000C46202B50D8DFE813F02100390040003E
:104950005E007A009200C100E600D700F200050177
:1049600019011F0129012F0151016501DC01EE012F
:104970006C027D02A202B102130294021A02A60086
:104980008F01BC02CA02CF02D402D9028B685868D8
:104990000AF0B6FFA2680146D268064601232846FF
:1049A000FFF742FFD4E902174A7A0B7A00920968AE
:1049B00032462846FFF773FE387012E1D1E902361D
:1049C0001968FFF79FFE30700EE08B68CF68B3F870
:1049D0000890D3E90068011D3046FFF7F8FD014655
:1049E00048B90423737139802068012104B0BDE8FF
:1049F000F04708F0C5BB036831469D6842464B4608
:104A0000A8470146EFE78B68CF68B3F808A0D3E961
:104A10000069011D3046FFF7DAFD054618B9042389
:104A200073713D80E0E7FFF71BFD2B682846D3F844
:104A30000C804A4653463146C0470546F1E78B682D
:104A4000CF6893F80890D3E90068011D3046FFF75E
:104A5000BEFD014618B9042373713970C4E70368B9
:104A600031461D6942464B46A8470146F5E78B682B
:104A7000CE681F68011D3846FFF7A9FD30B9042331
:104A800000207B710146C6E90001ADE703685B6960
:104A900039469847F7E78B68D1F80C80D3F8009037
:104AA000011D4846D3E90267FFF791FD034628B987
:104AB000042289F8052088F8003095E7036832461B
:104AC0009D6A49463B46A8470346F4E78B68CF6892
:104AD0001E68011D3046FFF77AFD054618B904230C
:104AE00073713D7080E7FFF7BBFC2B689B6928461C
:104AF000314698470546F4E78B68CF681E68011D6C
:104B00003046FFF764FD05460028E8D0FFF7A8FC13
:104B10002B681B6AEBE78B68CE681F68011D38465F
:104B2000FFF755FD0028AAD00368DB69B0E78B6862
:104B3000CF681E68011D3046FFF749FD034618B9CE
:104B4000042272713B704FE7036831465B6A9847F5
:104B50000346F7E78B6858680AF0D2FEA26806465B
:104B60000146926828460123FFF75EFED4E902372A
:104B7000324619682846FFF7E5FD1DE7D1E9023600
:104B80001968FFF705FE1EE7D1E902168B8900932D
:104B9000D1E901230968FFF71CFE14E7D1E90236C9
:104BA0001968FFF730FE0EE78B6818680AF0A8FE58
:104BB000A26801469268064600232846FFF734FEA5
:104BC000A368E768D3F80480284603AA3146FFF7B4
:104BD00025FD054620B90398FFF748FCC8F80000FA
:104BE0003D70002E3FF400AF304683E08B681868BC
:104BF0000AF086FEA268064601469268284600230F
:104C0000FFF712FED4E9023731465A682846FFF70B
:104C100017FDD1E68B6818680AF072FEA26801469B
:104C20005268064600232846FFF7FEFD03AA3146D8
:104C30002846E768FFF7F2FC00287FF4BDAE039D2D
:104C400030462946FFF71BFC60B92846FFF708FCF1
:104C50002B683046D3F84080FFF7AEFC014628466B
:104C6000C047A9E60920A7E68B6818680AF048FE45
:104C7000A368064658680AF043FEA2680746926891
:104C8000002331462846FFF7CFFDA2680023926833
:104C900039462846FFF7C8FD3046D4F80C80FFF7A8
:104CA00053FC81463846FFF74FFC814525D103AAC6
:104CB00031462846FFF7B2FCB0B9039D304629467D
:104CC000FFF7DDFBD8B92846FFF7CAFB2B68304653
:104CD000D3F850A0FFF770FC81463846FFF76CFC14
:104CE000494602462846D04788F8000030460AF078
:104CF00034FE38460AF031FE76E60820F4E7092053
:104D0000F2E78B6818680AF0FBFDA26806460146C8
:104D1000526828460123FFF787FD31462846E76899
:104D2000FFF7A5FC48E68B6818680AF0E9FDA26861
:104D30000146D268064600232846FFF775FDA368A2
:104D4000E76803AA31462846D3E90189FFF766FCE4
:104D500000287FF431AE039D2B683046D3F848A07D
:104D6000FFF72AFC4B46014642462846D04723E639
:104D700089680123D1E90012FFF756FD34E68B68FC
:104D800018680AF0BDFDA368064658680AF0B8FD29
:104D900007463046FFF72EFC3846FFF72BFCA2688B
:104DA0000023D26831462846FFF73EFDA268002363
:104DB000D26839462846FFF737FDA3681B7A73B1DE
:104DC0002F2130460AF0FCFD2F2138460AF0F8FD6D
:104DD00030460AF008FE014638460AF097FE304693
:104DE000D4F80C80FFF7B0FB81463846FFF7ACFBE8
:104DF000814514D103AA31462846FFF70FFC70B94C
:104E0000039B1B683046D3F84C900AF0BEFD054664
:104E100038460AF0BAFD01462846C84764E7002034
:104E200062E704352846CF68FFF70BFB01280646EA
:104E300006D02846FEF789FC06462846FFF710FBF9
:104E40003E70D1E504352846CF68FFF7FAFA01280D
:104E50000BD02846FFF770FB064640B92846FEF700
:104E60008AFB2846FFF7FCFA30463870BCE505207F
:104E7000FBE704352846CF68FFF7E3FA012801462F
:104E800003D12846FEF782FBD6E70126D8E78B68D8
:104E9000CE681F6804352846FFF7D3FA01283FF48F
:104EA00092AD39462846FEF752FC8CE50430CE68B8
:104EB000FFF7C7FA00283FF486AD012818BF072086
:104EC00081E58B681E68011D3046FFF780FB314687
:104ED000024605F13400E768FEF79CFCC5E7343074
:104EE000CE68FEF7A9FC6EE53430CE68FEF7A6FC6E
:104EF00069E53430CE68FEF7BAFC64E53430CE683C
:104F0000FEF7C6FC5FE5FFF717BD02780B4612B14E
:104F1000012A04D070470121D868FDF78DB804211B
:104F2000FAE7000038B5114904464068FEF75EF91B
:104F3000D4E90405FFF71CF90D4922460AF096F85A
:104F40000146284600F044FE2069FFF791F818B9A1
:104F5000E0680121FDF770F8E168284600F03CFEAA
:104F6000E0680021BDE83840FDF732B90094012027
:104F70000B4F002013B502AB03E906009DF800308B
:104F8000022B044612D1006A00F070FA48B9E36AB5
:104F90005A1CE262144A934205DD13F06BF903F0E8
:104FA00005FB0023E362002002B010BD002BFAD104
:104FB000019B022B10D8002BF5D0006A00F056FAA6
:104FC00040B9206A00F05AFA0378112B02D0206A07
:104FD00000F049FA0120E7E7032BE4D1006A00F072
:104FE00045FA0028F6D1D8E73689410038B504469D
:104FF0000A494068FEF7FAF82069FFF7B9F8054654
:10500000606900F0E7FD014628460AF055F80022E5
:10501000A0681146BDE83840FCF7D0BBF8930120EA
:1050200070B5054640690E460AF05BFC0446304602
:105030000AF0ABFC0146204611F0B2F920462D6A79
:105040000AF0A3FC01462846FEF712FF054620465B
:105050000AF083FC284670BD08B539B90AF07DFF17
:1050600020B90A2008F0CCFF03F0A0FA08BD000028
:105070002DE9F341044616460D46E1B9E368A670F2
:10508000002B68D10121A76ACDB26570002F00F016
:10509000978023786068112B70D90AF076FC22780B
:1050A000E36A112A94BF002201222946BC4602B0BD
:1050B000BDE8F041604700920B46434A4349042053
:1050C00009F080F8112D28D92378112B78D8404A7F
:1050D0006068A7780021944692F800E09E4515D1BB
:1050E00092F801E0BE4511D892F802E0BE450DD31A
:1050F0000CEBC10CDCF80420364900970AF075FC73
:105100002570E368002BBDD06178BCE70131182918
:1051100002F10802E0D1304AEEE7304B606853F804
:1051200025100AF039FC112D257001D1A670E8E791
:105130000023277A2A4A19461078074218BF507868
:1051400003F1010318BF0918D8B2854202F1020227
:10515000F2D8216192E72178214A206902EB4102CD
:105160005178642211FB06F1B1FBF2F10144514385
:10517000B1FBF3F1914228BF114684E70AF033FCFA
:1051800000F10608404609F089F8074660680AF011
:10519000FCFB009603464146124A384600F0E0FD0B
:1051A0002278112A3846D4E90A6394BF00220122EA
:1051B0002946B047384602B0BDE8F04109F070B862
:1051C00002B0BDE8F08100BF0299012018990120CA
:1051D000A09C012022990120F4980120609D0120CB
:1051E000439901202E99012070B50446406A0E466D
:1051F000FEF786FF10B1606AFEF74CFC60690AF0AA
:1052000070FB054630460AF0C0FB0146284611F007
:10521000C7F82846646A0AF0B8FB012301461A461B
:105220002046FEF7ABFF044628460AF096FB2046D0
:1052300070BD000038B5342009F030F80025058035
:10524000857004460AF044FB606012F0DBFEA0614A
:1052500010480AF0D9F82062FEF738FFC4E90905C2
:1052600003F04CFC84F830000AF032FB2A46234657
:1052700060614FF4A05108480AF0CEFD0749E06193
:1052800005460AF018FE284605490AF0A9FD204601
:1052900038BD00BFDB8F0120369901205950002016
:1052A0005956002010B50446C0690AF07CFEE0693A
:1052B0000AF0FEFC606AFEF723FF10B1606AFEF799
:1052C000E9FB606AFEF72EFFA06912F0CEFE0548EA
:1052D0000AF0BEF860690AF040FB2046BDE81040C5
:1052E00008F0DEBFDB8F01202DE9F84300252A46B8
:1052F0000121C0E903558570457005720446FFF72A
:10530000B7FE0AF0E5FA0D22064629462046FFF7C9
:10531000AFFE05F0B1FA38B94FF0000830460AF098
:105320001CFB4046BDE8F883294620461422FFF7BF
:105330009FFE206A314612F009FF0028ECD030466B
:105340000AF023FB616911F00DF81E222946204660
:10535000FFF78EFE3046A7690AF017FB0146384674
:1053600012F0D8FE80460028D6D0282229462046B2
:10537000FFF77EFE3B68012BCED93222294620461C
:10538000FFF776FE05F06AFA00284BD1D4F81890A2
:10539000D9F818000AF05AFB0028484614BF222505
:1053A000322512F07CFE08B145F00805D9F814004A
:1053B0000AF04CFB08B945F00405D9F82C000AF0B6
:1053C00045FB08B945F04005D9F8B0010AF03EFBAD
:1053D00008B945F08005214B2572002219780D424D
:1053E0001CBF5878E16802F101021CBF0918E16096
:1053F000142A03F10203F1D13C2200212046FFF7D9
:1054000037FE237A5A0714D4502200212046FFF792
:105410002FFE237ADB0613D4642200212046FFF7F7
:1054200027FE7BE7BD6805F019FA85427FF474AF6B
:10543000ACE779692046FFF7F3FD0028E4D16BE77C
:10544000B9692046FFF7ECFD00283FF465AF97F8F7
:105450002530002B3FF460AFDEE700BF4399012009
:10546000C0E90A127047C0690AF044BD08B5C069B6
:105470000AF02EFDC31E5842584108BD704702462F
:1054800008460021FFF7F4BD08B546220721FFF7C3
:10549000EFFD42F2107008F0B3FDDFF808C007F02E
:1054A00019FD00BFB09D012008B501F065FF012086
:1054B00008BD38B5044601F081FE054601F084FEC2
:1054C000A54204D8A04294BF0020012038BD00208E
:1054D000FCE7F8B50C461746064601F06FFE054698
:1054E00001F06FFE3A4600FB0651204613F09FFB89
:1054F000B0FA80F04009F8BD10B5104A10490446D2
:10550000032008F05FFE1E2204212046FFF7B0FDB5
:1055100001F0EEF9022810D0502200212046FFF7BA
:10552000A7FD01F021FA012807D1204664220021BD
:10553000FFF79EFD2046FFF7A7FF10BDBB9D012092
:10554000CA9D01202DE9F04F87B000220821049068
:10555000FFF78EFD049BDFF8FCA09D6902F05CF86C
:105560004FF000090590C8460127642202FB09F2AA
:105570000498C2F307120021FFF77AFD059BD5F8C6
:10558000B04053F839B02E6B0BEA0404A64234D075
:105590002B4A0094CDE9016B4B465146022008F09E
:1055A00011FED5F830217440144024D02C6B8BEAC6
:1055B0000404144084EA0B04224A00944B465146EA
:1055C000032008F0FFFD2146484601F0DBFF80463E
:1055D00038B1059BD5F8B01053F839200A40B242D3
:1055E00009D0CDE90046184A4B465146032008F041
:1055F000E9FD4FF00108002707E0CDE90066134AF6
:105600004B465146052008F0DDFD09F10109B9F1CD
:10561000100F05F10805A8D127B904983A461321BF
:10562000FFF726FDB8F1000F06D0094A094903200B
:1056300008F0C8FD01F08EFF384607B0BDE8F08FD6
:10564000D79D0120109E01202F9E01205F9E0120EA
:10565000899E0120CA9D01202DE9F04F85B00446A6
:10566000FFF742FE002800F01981237AD90676D58B
:1056700020460A220721FFF7FBFC4FF47A7000F066
:10568000D1FF002800F00A8100F0C6FFA369457829
:1056900093F820200778AA421CD1867893F821102D
:1056A000B14217D190F803C093F822108C4511D164
:1056B00090F804C093F823108C450BD190F805C0E6
:1056C00093F824108C4505D1B2B3022F3AD00026AE
:1056D000012504E04DB3022F64D000263546012F8A
:1056E00040F0DC80AC4AAD49032008F06BFD1E227F
:1056F00000212046FFF7BCFC01F036F9012840F0FC
:10570000CD80002D6FD0082003F0E2F90546002877
:105710005DD0082003F0CAF9A14AA049032008F08F
:1057200051FD2046FFF7E8FEB8E0022F3AD0867818
:10573000B6FA86F67609D2E7022F03D0B6FA86F6D5
:105740007609C5E7827A93F825309A422AD1032058
:10575000944A924908F036FD082003F0A7F9237A0D
:105760001A0700F1D680237A5B0700F1D980042064
:1057700003F0BAF9022003F087F9012003F018F9C9
:10578000012003F093F9202003F090F9002003F0AA
:10579000BDF9204664221121FFF76AFC002005B004
:1057A000BDE8F08F804A7D49032008F00BFD0820FA
:1057B00003F06AF9204614220021FFF759FC01206A
:1057C00001F0C0FB002869D02046FFF75DFE774A54
:1057D0007249032008F0F6FC204632222946FFF7E2
:1057E00047FC0220ECE7002E9BD0D4F81890704ABA
:1057F0006A49032008F0E6FC032120462A46FFF709
:1058000037FCD9F818102046FFF7EEFC002845D0E9
:105810006849606A224610F0CFFCD9F828309842D7
:105820003CD1606AFEF76CFC18B94FF0020C07F02F
:1058300051FB01F0C6FC8046606AFEF709FA3A4661
:1058400006462946606AFEF767F9A369D869FFF73B
:1058500030FE18B3A369D8693044FFF72AFEE8B1D7
:105860002A4605212046FFF703FC404608F016FDB6
:105870004FF0640B0746AE420BD908EB05039E427E
:10588000606A34BF721B42463946FEF73CFB8246D3
:1058900060B9384608F004FDAE421FD02046002211
:1058A0001221FFF7E5FB4FF0FF3078E7A369D869D5
:1058B000284401F00FFE0028EBDB1FFA8AF239467C
:1058C000C0B2554401F058FD0BFB05F20021B2FBBC
:1058D000F6F22046D2B2FFF7CBFBCCE70A22062134
:1058E0002046FFF7C5FBD9F81C00002101F01CF889
:1058F0000228D3D0502200212046FFF7B9FB01F047
:1059000033F80128CAD1642200212046FFF7B0FBFA
:105910005AE72046FFF716FE00287FF424AFBDE7C4
:10592000254B0093254B234D01950921204600224C
:10593000CDE90234FFF79CFBA36920465969FFF7C4
:1059400053FC0028AAD0606A2246294612F0B1F919
:105950000028A3D01A49606A12F0B2F9054600285F
:105960009CD000220A212046FFF782FB616A2A466A
:10597000684612F007FA002890D0124B00930022DC
:105980000B212046FFF774FB616A2A46684612F035
:10599000F9F9002882D0EAE6CF9E0120CA9D0120B5
:1059A000E99E0120A49E0120BD9E0120079F0120A9
:1059B0002C9F01207F540020A9540020B3540020C4
:1059C0003A9F0120D354002008B50346486830B1FF
:1059D0009B88B3F5017F04D10221FCF72DFB012048
:1059E00008BD40F205329342F9D10321F5E70000EA
:1059F00073B50D4600210446FAF7E4FEAB79B3B364
:105A00002046364B16220221FAF7BEFF0226344BFF
:105A1000019309220023204600962821FAF721FF4E
:105A200001212046FAF7CEFE286809F0AEFF0423D4
:105A3000CDE900601A2220464B21FBF71FF9294BC4
:105A40002046CDE90063372200231221FAF709FF2F
:105A50002046254B36220721FAF796FF234B3722A3
:105A60004B21204602B0BDE87040FAF78DBF2046BA
:105A70000121FAF7A7FE02261D4B019305220423FC
:105A8000522120460096FAF7ECFE286809F07DFFC7
:105A90000423CDE90060332220464021FAF7E1FEDD
:105AA0002046144B05220421FAF76EFF2046124BC4
:105AB00010223221FAF768FF2B79DFED107A00EE21
:105AC000103AB8EE400A502380EE270A24222A21F9
:105AD000204602B0BDE87040FBF779B8A8BF0120AE
:105AE000409F01204F9F0120B4BF01209CBF012097
:105AF0006D9F012060BF012054BF01200000C842FB
:105B00002DE9F04106460068154698460F46FBF71A
:105B10008FFF394680F8068005710446006809F059
:105B200047FF014630B12068394609F035FF6571FD
:105B3000012105E06379AB42F9D8EB1A012BF6DCC1
:105B40003068BDE8F041FBF799BF0068704700007E
:105B500038B5102008F0A2FB0446FBF7F3FE08223C
:105B600002212060FBF71DFF2068FBF761FF05465F
:105B70000A4809F0C5FE012128602068FBF77EFF76
:105B800020682146FBF705FF20680549FBF7E9FE81
:105B900020680449FBF7DDFE204638BD789F0120D0
:105BA000C9590020F159002010B504460068FBF7E0
:105BB0003FFF006809F0D1FE20680021FBF75EFF7F
:105BC0002068FBF727FF2046BDE8104008F068BBBF
:105BD00081607047806870474160704710B4044628
:105BE000184613460A4621465DF8044BFFF788BF66
:105BF0008068FBF710BE8068FBF77BBE8068FBF710
:105C0000EBBD000038B50546302008F047FB0446E0
:105C1000002D4ED02B78002B4BD0284609F070FE7B
:105C2000264A2749A062002309F04DFF254809F0C4
:105C3000EBFB2061244809F0E7FB6060234809F092
:105C4000E3FB2060FCF774F82146E0602048FBF796
:105C500092FD2146A060E068FCF7D5F8E0681D4998
:105C6000FCF7BDF8E0681C49FCF7B1F8E0681B4997
:105C70004FF4FA72FCF7BBF82168E0680222FCF7E7
:105C80009DF9FFF765FF6061E568FFF75EFF0021A2
:105C900002462846FCF700F9FFF7CCFA6269206259
:105CA0000F49FFF7DDFBA0680021FBF7D3FD20467D
:105CB00038BD09F00DFEA062B8E700BF8C9F01203F
:105CC000929F0120DB8F01200D900120EA8F01209F
:105CD000D8980120FD5B0020F75B0020F15B0020DD
:105CE000DD5B002010B50446806A09F036FE206AAC
:105CF00030B100221146FFF7B3FB206AFFF7D2FA5A
:105D00000021E068FCF7DEF96069FFF74DFFE0680D
:105D1000FCF716F8A068FBF742FD074809F098FB6E
:105D2000064809F095FB064809F092FB2046BDE8BD
:105D3000104008F0B5BA00BFEA8F0120DB8F0120C8
:105D40000D90012010B5FFF75DFF0446C068FCF719
:105D500063F82046FFF7C6FF002010BD00F0A0BB8F
:105D60000CB407B504AB53F8042B019300F098FB77
:105D700003B05DF804EB02B070479A4238BF885414
:105D8000704770472DE9F74F9946DDE911631746D3
:105D900013F0020280468B46DDE90C54DDE90F1A50
:105DA0009DF8380000921DD103F0010C3EB1BCF10A
:105DB000000F04D010B913F00C0F00D0013E4FF0CB
:105DC000300E02E005F804E00134544501D2202CE5
:105DD000F8D1BCF1000F05D04FF0300CA64201D92C
:105DE000202C18D1DA0613D55A052ED4BCB154454F
:105DF00001D0B44229D1621E11D0102943D1990695
:105E0000A4F102047ED4782129553021A954541CD0
:105E1000202C25D00CE005F804C00134DEE7102961
:105E20000DD1990635D478222A7030226A70022466
:105E3000C8B32D222A55013413E06222F4E7022967
:105E4000FBD030222A700124F2E7102923D19A06D0
:105E500056D4202C04D0621C78212955202AD4D174
:105E600020249B0738D03A4625441444A24237D117
:105E7000009B23B1D51BAE4207EB050439D8204661
:105E800003B0BDE8F08F0229BFD16221A9540132CD
:105E9000E4E75822C8E7022903D1202CE0D02246AB
:105EA000F3E72246DAE7590701D52B22C2E71A07A2
:105EB000D7D52022BEE74B4659462020C0470AF1DD
:105EC000010A019B564503EB0A02F4D8321BB44287
:105ED00088BF00223A44C7E73B1BA2460193F0E784
:105EE00002F1010A15F8010D4B465946C0475246CA
:105EF000BCE74B46224659462020C0470135BAE749
:105F0000202CADD0621C5821A7E72DE9F04391B0B9
:105F1000189D1A9F1D9E2DB926F0100416F4806F4F
:105F2000264622D116F0200F14BF4FF0410E4FF03D
:105F3000610EAC460DF120080025AEF10A0EBCFB47
:105F4000F7F907FB19C95FFA89F4B9F1090F94BF92
:105F500030347444E4B2BC4508F8014BBCFBF7F4A0
:105F600005F1010501D3202D10D11C9C05941B9C2B
:105F70000696CDE903749DF86440CDE9015408AC60
:105F80000094FFF7FFFE11B0BDE8F083A446D6E70A
:105F90002DE9F04F95B0DDE91E76CDE90A2357EAE9
:105FA0000603CDE90801DDE9229B269C05D124F0FA
:105FB000100314F4806F1C4637D114F0200F14BF67
:105FC000412361230DF1300A0025A3F10A0831466F
:105FD0004A465B463846FAF7F7F8D2B2092A94BF28
:105FE000303242444F45D2B276EB0B060AF8012B11
:105FF00005F1010501D3202D14D1259B0593249B88
:106000000694CDE903939DF88030CDE901530CABA4
:106010000093DDE90801DDE90A23FFF7B3FE15B0BF
:10602000BDE8F08F07460E46D1E70025E5E7000002
:106030002DE9F04F91B09B460B1E0A93AA4B1A9E76
:10604000904614BF8146994600249BF8000060B931
:1060500044450A992CBF08F1FF32224643460020EE
:10606000C847204611B0BDE8F08F25280BF1010B81
:1060700006D022460A99651C4346C8472C46E4E7E9
:1060800000230DE02D2A2AD0302A06D0303A092AE2
:106090004FF0000711D80A2532E043F001038B4688
:1060A000594611F8012B2B2A1CD0EBD8202A1CD0E2
:1060B000232A1DD02A2A2BD000279BF800202E2A25
:1060C00069D19BF80110A1F1300009280BF1010200
:1060D00043F4806356D800254FF00A0C26E043F0C5
:1060E0000203DCE743F00403D9E743F00803D6E7F3
:1060F00043F01003D3E705FB0722A2F130078B46DC
:10610000594611F8012BA2F130000928F3D9D4E740
:1061100056F8047B002FBCBF43F002037F428B463E
:10612000CBE70CFB0511A1F130050246104610F833
:10613000011BA1F1300EBEF1090FF2D9114611F881
:10614000010B6C2831D029D8682835D06A283CD07A
:1061500011468B461BF8010B78288AD8632837D85C
:1061600062286CD0632800F0FD80252881D0582853
:106170007FF47FAF5A0500F1898023F00C0242F0D2
:10618000200251E02A2907D156F8045B0BF10202E4
:1061900025EAE575D2E75A460025CFE7742801D0F5
:1061A0007A28D5D143F48073D3E750786C28F9D19D
:1061B00043F44073911CCCE75078682802D043F038
:1061C0008003C6E743F0C003F4E743F40073C0E77D
:1061D000A0F164020121D2B201FA02F243490A405D
:1061E00019D1732800F0FA8070287FF442AF43F091
:1061F000210305930823CDE903531023CDE901239F
:1062000056F8043B009322460A9943464846FFF756
:106210007CFE044619E7782803F4806106D1002942
:1062200000F0818023F00D0210230FE06F2820D1B1
:1062300023F00C0209B123F00D02082306E05905F2
:1062400054BF23F00C0223F00D02022312F400715C
:106250006CD0CDE907720022CDE9043206F1070ABD
:106260002AF0070A06950292FAE80223CDE90023F4
:106270002BE0692823F010020BD0642809D023F00A
:106280001C0209B123F01D020A23DFE723F00D02EF
:1062900075E709B123F0110293051FD5073626F0E3
:1062A0000706B24671685AF8083B0695CDE90772B1
:1062B0000A26CA0F00270029CDE90467029202DAF4
:1062C0005B4261EB4101CDE900310A994346224628
:1062D0004846FFF75DFE04465646B6E6D00506F191
:1062E000040A05D5336806E0835D0020210812000A
:1062F000510613D533780395CDE904720A22029230
:10630000002B4FEAD3720192B8BF5B4200930A9907
:10631000434622464846FFF7F8FDDCE71306E1D581
:10632000B6F90030E7E723F00C027DE7D00506F16F
:10633000040A06D5CDE90472CDE90235019133682E
:10634000E4E7510608D53178CDE902350023CDE9DF
:106350000472CDE90013DAE7316812F0800F18BF3C
:1063600089B2F1E713F0020523D04FF0010A631C54
:106370000B930A9916F8040B43462246C8475DB3AF
:106380000B9A54461EE00A9943462020C84704EB66
:106390000A020AF1010ABA45F5D3002F07F1FF33CB
:1063A00008BF002307F1010A1C4408BF4FF0020A8E
:1063B000DDE7AA46EBE7551C0A9943462020C8476B
:1063C00001342A46BC42F6D30B9AA7EB0A03574581
:1063D00038BF00231A440B920B9C36E63246002D40
:1063E00052F8046B0B9214BF29464FF0FF31314431
:1063F0003246107808B18A4211D1A2EB060A13F492
:1064000080620C9202D0AA4528BFAA4613F002036C
:106410000D931BD1AAEB040322460F9308E001322F
:10642000E7E7531C0E930A9943462020C8470E9A6B
:106430000F9BD3189F42F4D8A7EB0A03574538BFE8
:1064400000230AF101021C4403EB020AA31B0E9372
:1064500004E01D460A9943462246C8470E9BF4189D
:1064600016F8010B28B10C9B002BF3D06B1E002DEE
:10647000EFD10D9B93B12246AAEB040505E0561C13
:106480000A9943462020C847324653199F42F6D8FE
:10649000A7EB0A03574538BF00231C440B9ED4E5E5
:1064A00007B5009313460A4601460348FFF7C0FDAF
:1064B00003B05DF804FB00BF7B5D002010B54468AD
:1064C000B4F80B30B3F5124F13D1184A1849042011
:1064D00007F078FE627B174B32B91A6802211174FB
:1064E0001B6802221A7210BD012A04BF19680A74BF
:1064F000F6E749F20122934206D1BDE810400E4A68
:106500000B49022007F05EBE49F202229342EAD113
:10651000084B1A68D368002BE5D0D4F81110D4F8D2
:106520000D00926BBDE8104089B21847989F01207A
:10653000A69F01208CD70120AC9F012010B510B17F
:1065400001280FD010BD0A4B1B681C6807F021FD05
:106550004142204608F019FD0028F3D04FF0020C0C
:1065600006F0B8FC024B1B68186808F039FDF3E729
:106570008CD7012070B53C2088B007F08FFE1E4DEF
:106580000026324604462860067201211B4809F0A5
:10659000B7FE2B686060586841F2883109F0D8FE78
:1065A0000CF09CFF30462C6808F0BBFC2B68206088
:1065B00018684FF0FF3108F0E8FC18B14FF0020CFA
:1065C00006F088FC04F044FA0D4B009369460D4B2D
:1065D0000D4801930CF0B0FE0C4B02930C4B03934F
:1065E0000C4B049302A840F23C5305930DF00EF8B7
:1065F0000CF072FF08B070BD8CD70120B569002087
:10660000F00203203D650020BD640020D800032077
:10661000E4010320FC030320014B1868103070478D
:106620008CD701202DE9F0438DB006AC4FF47A7180
:106630004143204600F0E8FC524D012007F0B3FC36
:106640002B681A7A022A60D094E8030000F0F8FC64
:106650000028F2D04C4A4D49022007F0B3FD2B68C8
:1066600001221A7200204DE0494B53F82230494A6A
:106670000097CDE90183142133464846FFF770FBAC
:106680009DF82A3084F82F309DF82B3084F8303074
:106690009DF82C3084F831309DF82D3084F832305C
:1066A0009DF82E3084F833309DF82F3084F8343044
:1066B0002C68364994F8342094F82F30049294F8DA
:1066C0003320039294F83220029294F83120019200
:1066D00094F83020009204202F4A07F073FD627E68
:1066E000637C0592A27E0492627D0392227D0292D7
:1066F000E27C0192A27C00920420284A234907F000
:1067000061FD01200DB0BDE8F083197C244A254BC2
:106710000420012918BF1346234A1C4907F052FDE3
:1067200008A80CF079FD2C689DF8233023759DF89E
:10673000243063759DF82530A3759DF82630E375E8
:106740009DF8273023769DF8283063769DF8293010
:106750009DF820609DF821709DF8228066745A1E75
:10676000D2B2062AA77484F81380A37604F11B0919
:106770007FF67AAF0D4A0E480321FFF7F1FA0C4B72
:1067800075E700BF8CD7012075A00120A69F0120CE
:1067900070A10120ED9F0120F99F012029A0012077
:1067A000C89F0120CB9E0120CE9F0120EA9F01209F
:1067B00088D70120044B186820B1007A012894BFC3
:1067C00000200120704700BF8CD7012030B504465F
:1067D00085B018B94FF0020C06F07CFB254B1A6807
:1067E000137C834242D0012B19D102280AD11369AC
:1067F00023F07F4323F0FF033BB91F4A1F490320C7
:1068000007F0E0FC022005B030BD0CF0D9FC0346D7
:1068100070B31B4A1949204607F0D4FCF2E7022B5B
:10682000F0D10128EED100230DF10F008DF80F30CB
:106830000CF092FC9DF80F30009305460346114A78
:106840000E49052007F0BEFCFF2D0DD10DF10F0004
:106850000CF082FC9DF80F20009203460A4A07497B
:10686000052007F0AFFC03242046CCE70120CAE74F
:106870000320C8E78CD7012087A00120A69F012014
:106880009EA00120CCA00120E6A0012030B5154B30
:106890001B681D7C012D85B003D04FF0020C06F063
:1068A00019FB00230DF10F008DF80F300CF054FC94
:1068B0009DF80F3000930C4A0C490346044604200F
:1068C00007F080FC9DF80F304BB9FF2C07D0103C2F
:1068D000E4B22F2C98BF0425284605B030BD022510
:1068E000FAE700BF8CD7012002A10120A69F01205A
:1068F00010B50A4A0A49042007F064FC0CF053FC66
:10690000084A074904460346042007F05BFC1CB113
:10691000FFF7BCFF022010BD0420FCE71BA10120F3
:10692000A69F012029A1012038B50C4A04460D4636
:1069300004200B4907F046FC294620460CF01EFCBB
:10694000084A074904460346042007F03BFC1CB1F3
:10695000FFF79CFF022038BD0420FCE736A1012090
:10696000A69F012029A1012010B50B4B1B681C7CA0
:10697000012C03D04FF0020C06F0ACFAFFF786FFB3
:10698000042803D1142007F03BFBF7E7022814BFCB
:106990002046022010BD00BF8CD70120034B044AC3
:1069A000186890420CBF1846002070470000032072
:1069B0000FFD701108B5FFF7F1FF18B1DFF808C03F
:1069C00006F088FA08BD00BF47A10120014902482E
:1069D0000FF0AEB8C0D901208CA101200020704773
:1069E00008B5084611461A4602F0EBFD003818BFFC
:1069F000012008BD08B5084611461A4602F096FD6A
:106A0000003818BF012008BD08B502F079FD003834
:106A100018BF012008BD70B58AB00E461546FFF7B5
:106A2000F3FF10F0010418D1032E18D8DFE806F0A8
:106A30000D020810684602F0FBFD039B2B6004E08A
:106A4000684602F0F5FD049B2B8020460AB070BD1D
:106A5000684602F0EDFD049BF0E70324F5E704240B
:106A6000F3E7000013B56C46204606F025FB4FF017
:106A7000B043134A996B0A439A63996D114A0A40CD
:106A80009A65DA6B42F02102DA63DA6D22F02102B4
:106A9000DA651A6C42F4191242F4C0521A641A6E82
:106AA00022F4191222F4C0521A665A6C42F0010202
:106AB0005A6494E8030002B0BDE8104006F026BB1B
:106AC0000142A085FEBD5F7A70B52B2888B00546CF
:106AD00003D94FF0020C06F0FDF9464B53F8204065
:106AE000002C00F0858006AE304606F0E5FA052D54
:106AF0004FF0B04311D89A6C22439A649A6C2240AA
:106B00000092009A9A6A22EA04029A6296E80300C6
:106B100008B0BDE8704006F0F9BA0E2D0BD8DA6C5B
:106B20002243DA64DA6C22400192019ADA6A22EA9C
:106B30000402DA62EAE7162D0BD81A6D22431A65B1
:106B40001A6D22400292029A1A6B22EA04021A6318
:106B5000DCE71F2D14D89A6D2242BAD19A6B02EA53
:106B6000040134EA0202B4D19A6D0A439A659A6D1F
:106B70000A400392039A9A6B22EA01029A63C5E7DC
:106B8000222D14D8DA6D2242A3D1DA6B02EA040175
:106B900034EA02029DD1DA6D0A43DA65DA6D0A4001
:106BA0000492049ADA6B22EA0102DA63AEE7292D35
:106BB00014D81A6E22428CD11B6C34EA030388D19C
:106BC0004FF0B0431A6E22431A661A6E22400592A5
:106BD000059A1A6C22EA04021A6497E75A6C34EA9E
:106BE00002027FF476AF5A6C22F001025A648DE7FC
:106BF00008B070BD08A201202B2873B5054603D943
:106C00004FF0020C06F066F93A4B53F82040002C86
:106C10006DD06E46304606F04FFA052D4FF0B0436A
:106C20000DD89A6A22439A629A6A22EA04029A6208
:106C300096E8030002B0BDE8704006F067BA0E2D7A
:106C400007D8DA6A2243DA62DA6A22EA0402DA62EE
:106C5000EEE7162D07D81A6B22431A631A6B22EA45
:106C600004021A63E4E71F2D10D89A6B2242C7D1A1
:106C70009A6D02EA040134EA0202C1D19A6B0A4316
:106C80009A639A6B22EA01029A63D1E7222D10D807
:106C9000DA6B2242B4D1DA6D02EA040134EA02026C
:106CA000AED1DA6B0A43DA63DA6B22EA0102DA6305
:106CB000BEE7292D6FEA04020FD8196C21429FD13B
:106CC0001B6E34EA03039BD14FF0B043196C214390
:106CD0001964196C0A401A64AAE7596C21428FD1D1
:106CE000596C0C435C64596C0A405A64A0E702B0CA
:106CF00070BD00BF08A201202B2873B5054603D93B
:106D00004FF0020C06F0E6F8384B53F82040002C08
:106D10006AD06E46304606F0CFF9052D4FF0B043ED
:106D20000DD89A6A22439A629A6C22EA04029A6403
:106D300096E8030002B0BDE8704006F0E7B90E2DFA
:106D400007D8DA6A2243DA62DA6C22EA0402DA64E9
:106D5000EEE7162D07D81A6B22431A631A6D22EA42
:106D600004021A65E4E71F2D10D89A6B2242C7D19E
:106D70009A6D02EA040134EA0202C1D19A6B0A4315
:106D80009A639A6D22EA01029A65D1E7222D10D802
:106D9000DA6B2242B4D1DA6D02EA040134EA02026B
:106DA000AED1DA6B0A43DA63DA6D22EA0102DA6500
:106DB000BEE7292D10D81A6C2242A1D11B6E34EAED
:106DC00003039DD14FF0B0431A6C22431A641A6E2C
:106DD00022EA04021A66ABE75A6C224290D15A6C3E
:106DE00042F001025A64A3E702B070BD08A201207C
:106DF0002B2873B5054603D94FF0020C06F06AF84C
:106E0000234B53F82040002C3FD06E46304606F00E
:106E100053F9052D4FF0B04309D89A6A224229D17F
:106E20009B6C34EA03030CBF0124002423E00E2DE5
:106E300004D8DA6A22421DD1DB6CF2E7162D04D8A1
:106E40001A6B224216D11B6DEBE71F2D04D89A6BEB
:106E500022420FD19B6DE4E7222D04D8DA6B224247
:106E600008D1DB6DDDE7292D0CD81A6C224201D147
:106E70001B6ED6E7002496E8030006F047F920468B
:106E800002B070BD5B6C2342CDE70124F7E700BF81
:106E900008A2012010B5144A1449154C042007F02B
:106EA00091F91420FFF710FE1520FFF70DFE1220B8
:106EB000FFF70AFE1120FFF707FE0420FFF704FE8C
:106EC000206838B908F02DF8206018B94FF0020C8E
:106ED00006F000F8074BD3F89420074B9A42F5D1FF
:106EE000BDE81040FFF746BBA0A10120B8A10120DA
:106EF000C4D90120001400580004008008B5074BD5
:106F0000186818B94FF0020C05F0E4FF4FF0FF319C
:106F100008F03BF80028F5D108BD00BFC4D9012016
:106F200008B5064B186818B94FF0020C05F0D2FFEF
:106F300008F056F80028F7D108BD00BFC4D90120D9
:106F4000FFF738BC08B5FFF741FC012803460FD016
:106F5000032807D142F2107007F052F8DFF81CC086
:106F600005F0B8FF0220034A034907F02BF900207F
:106F700008BD00BFEAA10120B8A10120C2A10120E3
:106F80000A4AD2F8FC3043F0807343F48033C2F8ED
:106F9000FC30074B1A6842F001021A6000225A6066
:106FA000044A136843F480731360704700ED00E0F7
:106FB000001000E0004000580B4B0C4A1B68B3FB6C
:106FC000F2F34FF0FF32B2FBF3F2824210B503D876
:106FD0004FF0020C05F07EFF05494C6843434A68B8
:106FE000121B9A42FBD310BD1CD6012040420F0059
:106FF000001000E0024B1868024BB0FBF3F0704742
:107000001CD6012040420F000A4B10B51B680A4CE9
:10701000B3FBF4F34FF0FF34B4FBF3F48C4203D82A
:107020004FF0020C05F056FF044C4B4364680460BB
:10703000436010BD1CD6012040420F00001000E04C
:1070400082B002AB03E90300044B5B681B1A8B425E
:10705000084634BF0020012002B07047001000E055
:1070600008B54FF0020C05F035FF000008B50A4BDB
:107070005A69002A03DB4FF0020C05F02BFF074A88
:107080009A60BFF36F8F02F188329A605B69002BC0
:1070900001DAFFF7E5FF08BD00400058230167450E
:1070A00008B5094B5A69002A03DA4FF0020C05F0C3
:1070B00011FF5A6942F000425A615B69002B01DB03
:1070C000FFF7CEFF08BD00BF0040005838B50446AA
:1070D000FFF736FFE0B1104B104D4FF48062DA61DC
:1070E0000BF028FA286910F480300ED10CB10CF0A6
:1070F00074F8FFF7D5FF084B4FF480629A6001F0F7
:10710000C7F9BDE83840FFF70BBF08F064FFE9E7B7
:10711000FFF7C6FFF5E700BF001400580040005815
:10712000F7B50446FFF7EAFEFFF70AFF002838D05C
:1071300001F094F91D4D1E4ED5F88830B34202D0AF
:1071400008F049FFF8E7FFF791FF14B101200CF0B8
:1071500044F805206C4606F071FF1649164E134D93
:10716000134F2046FFF750FF33691B030BD594E8FC
:107170000300FFF765FF18B14FF0020C05F0AAFEFF
:1071800008F029FFF0E70BF0C5F9AB69002B05DB30
:10719000D5F89C30BB4201D103B0F0BD0BF0CAF969
:1071A000E5E703B0BDE8F040FFF760BF001400580A
:1071B00000040080C0C62D00004000584FF0006061
:1071C00070474FF480507047034BD3F88000C0B233
:1071D00000F50040000370470040005838B5074CE8
:1071E00023694CF2FA352B4206D02369044A05493B
:1071F000032006F0E7FF256138BD00BF00400058BE
:10720000B8A20120D8A2012073B54FF47A7303FB12
:1072100000F56C4629462046FFF7F6FE174E336907
:10722000D8030ED43269D10742BF336923F001037A
:1072300033614CF2FA331A420CD04FF0020C05F0D5
:1072400049FE94E80300FFF7FBFE0028E7D000208A
:1072500002B070BD094E3369336129462046FFF7FD
:10726000D3FE33695B0301D40120F1E794E8030006
:10727000FFF7E6FE0028F4D0E9E700BF0040005821
:1072800008B50B680360BFF36F8F4B6843604FF422
:107290007A70FFF7B9FF08B9FFF7E2FE08BD0000FA
:1072A00073B5314B314C5D6806460120FFF738FF5E
:1072B00023691BB14FF0020C05F00CFE4FF47A70FD
:1072C000FFF7A2FF0028F5D0606920F4FF6040EAD4
:1072D000C60040F4803040F0020060614FF47A70E4
:1072E000FFF792FF0028E5D0626922F4FF6222F0E6
:1072F0000202626123689A050FD5236823F40073A4
:107300002360236843F400632360236823F400634D
:107310002360236843F400732360144A13685B05F9
:107320000FD5136823F480631360136843F480530C
:107330001360136823F480531360136843F480636D
:1073400013600120FFF7C2FE074B5C68FFF752FE97
:10735000641B074AB4FBF0F0064900902346062060
:1073600006F030FF02B070BD001000E00040005891
:10737000E5A20120D8A201202DE9F04FB2F5805FEF
:1073800085B006460F46154603D94FF0020C05F0AE
:10739000A1FDFFF785FF4B4B0020D3F80480FFF7DA
:1073A000BFFE4FF47A70FFF72FFF0028EDD0DFF813
:1073B0001891D9F81040002CE7D13603B5F5007FBD
:1073C00006F100662BD30BF0A5F8D9F8143043F47E
:1073D0008023C9F8143005F47E4BA7F1080AB146A2
:1073E0005AF8083FC9F80030BFF36F8FDAF804305D
:1073F000C9F804300834C4F308032BB94FF47A7089
:10740000FFF702FF0028C0D0A34509F10809E7D81B
:107410002D4A536923F4802353610BF08BF82A4AD9
:10742000536943F001035361C5F308032BB14FEADD
:10743000E5094FEAC909A1453DD815F0070520D057
:1074400000222744944610464FEAC00E17F8011B4D
:10745000AEF12003CEF1200901FA03F321FA09F974
:10746000013043EA090301FA0EF1854242EA0102C2
:1074700043EA0C0CE8DC02A9A019CDE9022CFFF7C5
:10748000FFFE114A536923F0010353610020FFF707
:107490001DFE0C4B5C68FFF7ADFDA4EB08040B4A26
:1074A000B4FBF0F00A4900902346062006F08AFE5D
:1074B00005B0BDE8F08F3919A019FFF7E1FE0834D7
:1074C000B9E700BF001000E00040005804A301200D
:1074D000D8A2012000F17840B0F5801F94BF40F39E
:1074E0000F304FF0FF30704710B50C4C63695A00F5
:1074F00003D44FF0020C05F0EDFC0120FFF710FE65
:10750000074BE360BFF36F8F03F14433E3606369BC
:107510005B0001D5FFF7A4FD10BD00BF004000587F
:107520003B2A190810B50A4C63695A0003D54FF07D
:10753000020C05F0CFFC636943F0804363610120D6
:10754000FFF7C4FD63695B0001D4FFF789FD10BD3F
:107550000040005808B5FFF7C7FF094A536943F0D8
:10756000006353614FF47A70FFF74EFE18B94FF085
:10757000020C05F0AFFCBDE80840FFF7D3BF00BF29
:107580000040005830B50F2885B003460D4603D99A
:107590004FF0020C05F09EFC1A4A02EBC0014C6849
:1075A0003CB9194A1949022006F00CFE204605B0E4
:1075B00030BD12F830301549154A0090CDE901452B
:1075C000032006F0FFFDFFF78FFF25604FF47A7070
:1075D000FFF71AFE0028DBD00E4C23691B0302D5EF
:1075E00008F0F9FCF9E7636943F4003363614FF491
:1075F0007A70FFF709FE04460028C9D0FFF792FF12
:10760000D4E700BF80A301202AA30120D8A2012033
:1076100047A3012000400058004870470080FF1F2A
:10762000034BDB6898430CBF01200020704700BF6C
:10763000000800588388D8070DD40120102800D1F5
:10764000704743FA00F1C90700F1010201D5C0B249
:1076500070471046F2E70020704730B591FAA1F369
:1076600091FAA1F1B3FA83F304685B000325B1FA40
:1076700081F105FA03F3490024EA03038A401A431F
:10768000026030BD30B591FAA1F391FAA1F1B3FADD
:1076900083F384685B000325B1FA81F105FA03F3F3
:1076A000490024EA03038A401A43826030BD30B5A2
:1076B00091FAA1F391FAA1F1B3FA83F3C4685B00E4
:1076C0000325B1FA81F105FA03F3490024EA030323
:1076D0008A401A43C26030BD08B5DFF808C005F023
:1076E000F9FB00BF00A401202DE9F04F85B09246C0
:1076F0009DF8382000920268B2F1904F804689468A
:1077000050D08E498A4211D001F580618A4240D022
:1077100001F580618A422AD001F580618A422FD02A
:1077200001F540618A420CD0FFF7D6FF8488012C16
:1077300000F08C80B4F5807F40F02F82804E0127CE
:1077400082E08488012C4FF0070735D14FF4702573
:107750007C4E019302A805F0AFFC019B032B00F2C5
:10776000CA80DFE813F0C100E400E600E800848886
:10777000012C4FF003071FD14FF47025724EE8E73C
:107780008488012C4FF0040716D14FF470256F4EFA
:10779000DFE78488012C4FF002070DD16C4E4FF4C7
:1077A0007025D6E78488012C53D0B4F5807F40F053
:1077B0003F82684E002747E0B4F5807F66493FD09E
:1077C00018D8102C00F0A5820AD8042C00F0A7824B
:1077D000082C00F0A782022CA6D14FF4700599E284
:1077E000402C00F0A682802C00F09F82202C9BD1A0
:1077F0005A4D8FE2B4F5805F00F0AF820FD8B4F538
:10780000806F00F09E82B4F5006F00F09682B4F5B0
:10781000007F89D18A4240F06E824D4EF4E1B4F58A
:10782000804F00F09682B4F5004F00F08E82B4F5E0
:10783000005F7FF479AF8A4240F06382444EF5E105
:107840008A4240F04582424E454D82E73C4E2746F3
:10785000A5E7404E0027A2E7394E0127414D78E7C2
:10786000374E01274FF0706573E7354E01274FF013
:1078700070456EE7324E01273B4D6AE7304E0127D7
:107880003A4D66E72E4E0127394D62E72C4E01270F
:10789000384D5EE72A4E0127374D5AE7284E01271B
:1078A000364D56E7264E0127354D52E7294E002723
:1078B000D4E7284E0027D5E7264E0027D7E7254EE8
:1078C0000027D9E7234E0027DAE7224E0027DBE71F
:1078D000204E0027DCE71F4E0027DDE71D4E002766
:1078E000DEE71C4E0027DFE70022B8F80410D8F8C6
:1078F0000000FFF7C7FEBAF1010F6FEA040B41D099
:10790000BAF1020F7FD0BAF1000F40F08A805246E0
:10791000B8F80410D8F80000FFF7C9FE326802EA90
:107920000B023260726802EA0B02726038E00122D8
:10793000DBE70222D9E70322D7E700BF00040048B3
:1079400028040058580400583804005840040058CF
:107950003004005820040058000800480100F000DE
:1079600002000F0001000F000100000F010000F0F5
:1079700003000F000200000F020000F00300000FE0
:10798000030000F05246B8F80410D8F80000FFF7E2
:107990008EFE72680BEA0202726032682243326025
:1079A000B9F1050F05F0030AD8F80060B8F8041023
:1079B0004FEA154573D94FEA8A0A0AF1804A0AF557
:1079C000803A00223046FFF748FE95FAA5F3DAF830
:1079D0000820B3FA83F303F00F0322EA050207FA43
:1079E00003F31343B9F1060FCAF808301DD1B04AAA
:1079F00013682343136002AB93E8030005B0BDE8AE
:107A0000F04F05F083BB5246B8F80410D8F80000D8
:107A1000FFF74DFE32680BEA0202326072682243C1
:107A200083E7DFF8A8C205F055FAB9F1080F07D1CE
:107A30009F4B1A6822431A605A6822435A60DAE759
:107A4000A9F10703012B04D8994A536823435360D3
:107A5000D1E7B9F1090F09D1954BD3F8842022431E
:107A6000C3F884201A6822431A60C4E7B9F10B0FE7
:107A70000FD18F4BD3F884202243C3F884201A6897
:107A800022431A608A4BD3F884202243C3F884200F
:107A9000D2E7A9F10A09B9F1010FACD8F2E7854A9A
:107AA0000AF1020A52F82A202A4095FAA5F5B5FAF9
:107AB00085F505F00F05EA40BA4214D17C4AD2F8A8
:107AC000800034EA00000ED1D2F8800000EA0B00FA
:107AD000C2F88000D460106800EA0B0010605368A0
:107AE00003EA0B035360A9F10303012B1BD84046A3
:107AF0000191FFF79FFD072801991ED891FAA1F384
:107B0000B3FA83F3326A0F209B0000FA03F322EAF0
:107B10000302009891FAA1F3B3FA83F39B00984013
:107B200003461343336209F1FF39B9F1040F1BD83F
:107B3000DFE809F01F2B252E31000B0A93FAA3F280
:107B4000B2FA82F2706A93FAA3F392000F2404FA55
:107B500002F220EA0202B3FA83F300989B009840F5
:107B6000034613437362DEE700223046FFF775FDDC
:107B700041E7736823EA010373600122F5E7736844
:107B800023EA010373600222EFE773680B43F3E714
:107B900073680B43F6E70322E7E720D8102C3FF485
:107BA0005BAE0ED8042C3FF45BAE082C3FF45DAE08
:107BB000022C7FF4B9AD404E012702244FF470052A
:107BC000C7E5402C3FF456AE802C3FF457AE202C36
:107BD0007FF4AAAD384E01272024384DB9E5B4F51D
:107BE000805F3FF44FAE11D8B4F5806F3FF44EAED6
:107BF000B4F5006F3FF44EAEB4F5007F7FF494AD62
:107C00002D4E01274FF400742D4DA2E5B4F5804FA1
:107C10003FF444AEB4F5004F3FF444AEB4F5005F1A
:107C20007FF482AD244E01274FF40054254D90E59A
:107C30001BD8102C3FF43AAE0BD8042C3FF439AECD
:107C4000082C3FF439AE022C7FF46EAD1E4E002797
:107C5000B4E7402C3FF433AE802C3FF433AE202CFD
:107C60007FF462AD184E0027B7E7B4F5805F3FF4AC
:107C70002CAE0ED8B4F5806F3FF42AAEB4F5006F89
:107C80003FF429AEB4F5007F7FF44EAD0E4E0027D1
:107C9000BAE7B4F5804F3FF421AEB4F5004F3FF49E
:107CA00020AEB4F5005F7FF43FAD074E0027BDE77F
:107CB0000008005800000140280400580100F000AE
:107CC0000200F0000300F0002004005811A401207D
:107CD000244D25498A423FF451AD24498A423FF45C
:107CE00056AD01F540618A423FF432AD1CE5204DAE
:107CF000EFE7204DEDE7204DEBE7204DE9E7204D84
:107D0000E7E7204DE5E7204DE3E7204DE1E7204D93
:107D1000DFE7204D20498A42DBD1204E19E54FF0A4
:107D20007065F7E74FF07045F4E78A42DFD11B4EEC
:107D3000A6E58A42DDD1194E9EE58A42DDD1174E75
:107D4000AAE58A42DBD1154EA2E58A42DBD1134E69
:107D5000AAE58A42D9D1114EA2E58A42D7D10F4E67
:107D600092E500BF02000F00000C00480010004820
:107D7000010000F00100000F0200F000020000F01E
:107D80000200000F0300F000030000F00300000FEA
:107D900003000F0001000F000008004830040058E5
:107DA000032913B503D14FF0020C05F093F8042911
:107DB000F9D010240094FFF797FC02B010BD002307
:107DC0001A46FFF7EDBF0000F7B50D46174604460B
:107DD00018B94FF0020C05F07DF80029F9D06E4675
:107DE000304605F069F92046FFF724FC264B53F88E
:107DF0003020002AEDD143F8305003EBC0035F6020
:107E0000A388012B2BD0B3F5807F28D010D8102B5E
:107E100025D007D8042B22D0082B1FD0022B1ED030
:107E2000FFF75AFC402B1AD0802B25D0202BF6E7E9
:107E3000B3F5805F13D008D8B3F5806F0FD0B3F5DA
:107E4000006F1BD0B3F5007FE9E7B3F5804F06D094
:107E5000B3F5004F15D0B3F5005FE0E708230B4AF8
:107E6000D2F880100B43C2F8803096E8030003B0CC
:107E7000BDE8F04005F04AB98023F0E74FF4006315
:107E8000EDE74FF40043EAE7CCD9012000080058A1
:107E900037B5044618B94FF0020C05F01BF86D46D3
:107EA000284605F009F9A388012B2AD0B3F5807F75
:107EB00027D010D8102B24D007D8042B21D0082B82
:107EC0001FD0022B1DD0FFF707FC402B19D0802BB1
:107ED00017D0202BF6E7B3F5805F12D008D8B3F5A2
:107EE000806F0ED0B3F5006F0BD0B3F5007FE9E7DC
:107EF000B3F5804F05D0B3F5004F02D0B3F5005F66
:107F0000E0E70C4AD2F8801021EA0301C2F88010A1
:107F10002046D360FFF78EFB074B002243F830204A
:107F200003EBC00395E803005A6003B0BDE830409E
:107F300005F0ECB800080058CCD9012010B501209C
:107F4000FFF76EFB50B1064B0122DA60054B1A6851
:107F500022B11A685868BDE81040104710BD00BF34
:107F600000080058CCD9012010B50220FFF758FBBB
:107F700050B1064B0222DA60054B9A6822B19A682A
:107F8000D868BDE81040104710BD00BF0008005879
:107F9000CCD9012010B50420FFF742FB50B1064BAD
:107FA0000422DA60054B1A6922B11A695869BDE8E2
:107FB0001040104710BD00BF00080058CCD9012068
:107FC00010B50820FFF72CFB50B1064B0822DA60F1
:107FD000054B9A6922B19A69D869BDE810401047EB
:107FE00010BD00BF00080058CCD9012010B51020EA
:107FF000FFF716FB50B1064B1022DA60054B1A6AE8
:1080000022B11A6A586ABDE81040104710BD00BF7F
:1080100000080058CCD9012010B52020FFF700FB44
:1080200040B1224B2022DA60214B9A6A12B19A6A3F
:10803000D86A90474020FFF7F3FA40B11B4B40222B
:10804000DA601B4B1A6B12B11A6B586B9047802089
:10805000FFF7E6FA40B1154B8022DA60144B9A6BB9
:1080600012B19A6BD86B90474FF48070FFF7D8FA33
:1080700048B10E4B4FF48072DA600D4B1A6C12B19E
:108080001A6C586C90474FF40070FFF7C9FA58B15A
:10809000064B4FF40072DA60054B9A6C22B19A6C71
:1080A000D86CBDE81040104710BD00BF0008005854
:1080B000CCD9012010B54FF48060FFF7B1FA48B178
:1080C0002B4B4FF48062DA602A4B1A6D12B11A6D95
:1080D000586D90474FF40060FFF7A2FA48B1244B67
:1080E0004FF40062DA60234B9A6D12B19A6DD86D2D
:1080F00090474FF48050FFF793FA48B11C4B4FF470
:108100008052DA601B4B1A6E12B11A6E586E90478D
:108110004FF40050FFF784FA48B1154B4FF400526A
:10812000DA60144B9A6E12B19A6ED86E90474FF483
:108130008040FFF775FA48B10D4B4FF48042DA608A
:108140000C4B1A6F12B11A6F586F90474FF40040E2
:10815000FFF766FA58B1064B4FF40042DA60054B60
:108160009A6F22B19A6FD86FBDE81040104710BDCA
:1081700000080058CCD9012010B51D4C204603F052
:10818000B5F820460BF05AFE2046322201210BF0B2
:1081900081FE2046322202210BF07CFE2046322254
:1081A00004210BF077FE2046962208210BF072FE88
:1081B0002046002201210BF087FE204600220221EA
:1081C0000BF082FE2046002204210BF07DFE0022EF
:1081D000082120460BF078FE20460BF04CFE20468E
:1081E0000BF037FE2046BDE8104003F098B800BF02
:1081F000F8AA012037B505461B480C4603F076F86F
:10820000E80704D51848224601210BF05DFEA907B6
:1082100004D51548224602210BF056FE6A0704D504
:108220001148224604210BF04FFE2B0707D50F4BB8
:1082300093F846304BB1002120460CF007F80A486D
:1082400003B0BDE8304003F06AB8082106480BF0DF
:1082500055FE6422CDE9004203460822024801216E
:108260000BF05CFFEBE700BFF8AA012090D60120DD
:10827000F7B5044610481E460F46154603F036F87B
:1082800007210D4800220BF058FE04F00102A1075F
:1082900048BF42F002026307CDE90067064848BFC5
:1082A00042F004022B4602210BF088FF024803B083
:1082B000BDE8F04003F033B8F8AA012010B5094C2E
:1082C000204603F013F82046002207210BF035FE6C
:1082D000204602210BF0FDFE2046BDE8104003F0D1
:1082E0001EB800BFF8AA012010B504460D4802F0E0
:1082F000FDFF00220B4807210BF01FFE04F00101D7
:10830000A20748BF41F002016307064848BF41F099
:10831000040102220BF011FEBDE81040014802F0FA
:10832000FEBF00BFF8AA012010B504462378572BE2
:108330002CD014D8422B24D008D82D2B2DD02E2B66
:1083400027D014F8013F002BF0D110BD472B15D0DA
:10835000522BF6D1FF210120FFF74CFFF1E7722BE2
:108360000AD005D8622B0FD0672BEAD1002106E096
:10837000772BE6D100210AE00021ECE7FF21022063
:10838000EAE7FF210420E7E70021FBE7FF210820BF
:10839000E2E7FA2005F034FED3E74FF4FA70F9E78C
:1083A000264B27481A6822F4C06242F4007210B5C6
:1083B0001A60DA69234C42F40042DA611A6822F04A
:1083C000070242F002021A60D3F8802022F007026E
:1083D00042F00202C3F8802002F088FF1A491848D0
:1083E0000BF090FCA070A37863B9184805F026FE46
:1083F000154913480BF086FCA070A37813B91348F5
:1084000005F01CFE0E480BF07FF9E070E3785BB9D5
:108410000F4805F013FE0A480BF076F9E070E37898
:1084200013B90B4805F00AFE054802F078FFBDE8D5
:108430001040084A0849042005F0C4BE0004005852
:10844000F8AA01204CDA01203CA4012000093D00DB
:108450006AD31E0024A401202CA4012013B56C466D
:10846000204604F029FE094A1378FF2B03D14FF070
:10847000020C04F02FFD137894E803000133DBB203
:10848000137002B0BDE8104004F040BE4CDA012089
:1084900013B56C46204604F00FFE094A13781BB949
:1084A0004FF0020C04F016FD137894E80300013B32
:1084B000DBB2137002B0BDE8104004F027BE00BF6D
:1084C0004CDA0120024B1878B0FA80F0400970476E
:1084D0004CDA012008B5FEF733FD00285BD02020E0
:1084E00000F0F6FA002856D102F008FE002852D11A
:1084F00001F02EFB02F05AFD00284DD0274A284BF0
:10850000D2F88C109942FBD1D2F890209A422BD00D
:1085100002F0C2FC214A234B4FF48060D0601969FD
:1085200041F00401196130BF196921F0040119619A
:108530001B4B1061D2F88C109942FBD14FF0B04226
:10854000936803F00C03042B1CD102F0CFFC134BF7
:108550004FF48062DA6002F0EFFCC0B101F012FB70
:10856000BDE8084000F0F4B90F4BD3F8882012049E
:1085700003D4D3F888305B05CCD5084B4FF4806228
:108580001A61C5E7936803F00C03082BDFD04FF0A6
:10859000020C04F09FFC30BF08BD00BF001400585F
:1085A0000004008000ED00E000040058BFF34F8F8E
:1085B0000549064BCA6802F4E0621343CB60BFF37F
:1085C0004F8F00BFFDE700BF00ED00E00400FA059B
:1085D000024B1A689B889361704700BF90A60120E8
:1085E000024B1A689B881B049361704790A6012078
:1085F000024BD868C0F30220704700BF00ED00E0D6
:1086000070B5084D064600246A7955F80C0BC2F186
:1086100002020023D2B231460134FFF7C1FB062C1F
:10862000F2D170BD84A5012000F00700C0F107025F
:10863000031D042A28BF0422062B4FF0FF3303FA40
:1086400002F36FEA03038CBF0338002003F0050335
:1086500003FA00F0704700002DE9F0410720FEF713
:1086600033FA0820FEF730FA0920FEF72DFA0A2027
:10867000FEF72AFA0B20FEF727FA0C20FEF724FA61
:108680000020FFF7BDFF394A394E936839484FF053
:10869000B04443F480639360D4F8243443F480738B
:1086A000C4F82434D4F82C3443F48073C4F82C3444
:1086B000D4F82C344FF0904543F40073C4F82C34B4
:1086C0000823AB6100231A460221FFF769FB4FF430
:1086D0008033B36128480121FFF771FBD4F82834B7
:1086E000264843F00103C4F828344FF40033B36143
:1086F0000121FFF764FBD4F82C34214843F0020336
:108700004FF400684FF48057C4F82C340221C5F8A8
:108710001880AF61FFF753FB4FF0805402211948D6
:108720004FF00066FFF74BFBAE610520AC6105F032
:1087300085FCC5F818801248AF610521FFF73FFBA3
:1087400010480521FFF73BFBAE61AC610E4C0F25D5
:10875000E37A23B920681A460521FFF721FB013D82
:1087600004F10C04F4D1BDE8F08100BF000400580E
:108770000004004890A6012090A7012088A70120AE
:1087800088A6012080A60120CCA5012010B50820D4
:10879000FFF736FF00231A4619463548FFF700FB5E
:1087A000344B35484FF080629A6100231A46052108
:1087B000FFF7F6FA00231A4630480621FFF7F0FAD1
:1087C00000231A462E480121FFF7EAFAFFF710FFAF
:1087D000FFF72AFF2B490001C0B281F806034023AE
:1087E0000B60FFF705FFFFF71FFF0001C0B281F824
:1087F000070380230B60FFF7FBFEFFF715FF000167
:10880000C0B281F808034FF480740C60FFF7F0FEEB
:10881000FFF70AFF0001C0B281F809034FF40073AB
:108820000B60FFF7E5FEFFF7FFFE0001C0B281F825
:108830000A034FF480630B60FFF7DAFEFFF7F4FEE4
:108840000001C0B281F817034FF400030B60FFF77B
:10885000CFFEFFF7E9FE0001C0B281F828034C60AB
:10886000094A0A49BDE81040042005F0ABBC00BF2E
:1088700078A7012000080048B0A70120C8A6012061
:10888000A8A7012000E100E024A4012016A50120F2
:108890004FF0B043D3F8902042F48032C3F89020D8
:1088A000D3F8902022F48032C3F890207047000063
:1088B000264A38B513684FF0B04443F48073136010
:1088C000D4F8943043F00103C4F89430D4F89030D5
:1088D00043F01803C4F89030D4F8903043F001030B
:1088E000C4F8903040F22D15D4F89030990703D594
:1088F000D4F894309A0701D4013D22D14FF0B0430F
:10890000D3F8900010F002001AD0D3F8940010F0C1
:10891000020015D0D3F8902022F4407242F4807205
:10892000C3F89020D3F8902042F40042C3F890207E
:10893000D3F8900000F44070A0F58073584258417D
:1089400038BD01200AF0EFFBCEE700BF000400585D
:10895000064A9368990608D4D36803F0800363F04D
:10896000A003D360D3689B06FCD570470028004065
:10897000064B074A002143F8041B9342FBD1054BE9
:1089800041F2F102C3F85028704700BF5028004060
:10899000A028004000200040014B53F82000704701
:1089A00050280040014B43F82010704750280040E9
:1089B000044AD2F8543860F30303C2F8543805F07F
:1089C0005DBC00BF00200040024BD3F8540800F00B
:1089D0000F00704700200040024BD3F85408C0F34A
:1089E0008160704700200040024BD3F85408C0F368
:1089F000027070470020004070B51E4C86B07F2387
:108A0000002203A9FF262046CDE9032305960AF09C
:108A100032F9FFF7D9FF05F031FCFFF7DDFF164B08
:108A20001A5CFFF7E1FF154B53F82010104601F0D8
:108A3000BBF801AD124A1349042005F0C3FB2846D8
:108A400004F03AFBCA23636253236362A36823F4EE
:108A5000C003A360A36843F48013A360E36C23F016
:108A60000103E364666295E8030004F04FFB06B07F
:108A700070BD00BF0028004018A80120F8A7012001
:108A800024A40120D0A701200749D1F85438C3F30A
:108A90000722024362F30F23C1F85438C30701D5FC
:108AA00002F0D6BA704700BF002000400749D1F855
:108AB0005438C3F3072222EA000262F30F23C1F8FD
:108AC0005438C30701D502F0F1BA704700200040C6
:108AD000044BD3F8543810EA132014BF01200020AF
:108AE000704700BF00200040034AD2F8543860F3BA
:108AF0001343C2F85438704700200040024BD3F8AB
:108B00005408C0F30340704700200040034AD2F8E5
:108B1000543860F31553C2F85438704700200040B1
:108B2000024BD3F85408C0F30150704700200040B6
:108B3000F7B50646EFF305831BB14FF0020C04F0C6
:108B4000C9F90028F9D06C46334D204604F0B4FA38
:108B5000CA236B6253236B624FF0FF33EB60EB6809
:108B60005B06FCD5B3782F68307871780A22B3FBA6
:108B7000F2FC02FB1C3343EA0C1327F07F1727F4A7
:108B8000FE47DBB23B43B0FBF2F702FB170040EAC3
:108B90000710C0B243EA0043B1FBF2F002FB101130
:108BA00041EA0011C9B243EA01232B60F378B3FB19
:108BB000F2F702FB17333079F188D5F804C043EAA5
:108BC0000713377A154E0CEA060646EA4736DBB23B
:108BD0003343B0FBF2F602FB160040EA0610A1F5A3
:108BE000FA61C0B243EA0023B1FBF2F002FB1011BC
:108BF00041EA0011C9B243EA01436B606FF08003A0
:108C0000EB60FFF7A5FEFF236B6294E8030003B05F
:108C1000BDE8F04004F07ABA00280040C00000FF30
:108C2000F7B50546EFF305831BB14FF0020C04F0D6
:108C300051F90028F9D06F46384604F03DFA314822
:108C4000314A01680A4002F47C1301F07F010B43B2
:108C500002F4FE4243EA0206436823F07F4323F016
:108C6000C0031C041A0D04F47C1444EA0214C3F378
:108C700003421443DA0202F0E062144303F4F853AF
:108C800097E803001C4304F041FAC6F3021306F010
:108C90000F0203EB830302EB4303AB70C6F3023313
:108CA000C6F3032203EB830302EB43036B70330D24
:108CB00003EB8302C6F3034303EB42032B70C4F3BD
:108CC000031303EB830204F00F0303EB4203DBB255
:108CD00003F5FA63EB80C4F30033C4F3032203EB20
:108CE000830302EB43032B71C4F30153C4F3034228
:108CF00003EB830302EB4303240EEB702C7203B0EF
:108D0000F0BD00BF002800407F7F3F001FB54FF03F
:108D1000B044A36D43F48063A365A36D03F4806343
:108D20000093009BFFF7C4FD00284BD1D4F890308E
:108D3000ADF80C005A06CDE9010039D52F48FFF7F0
:108D4000F3FAD4F8903023F02003C4F89030D4F82C
:108D5000903023F00103C4F890304FF0B042D2F8C5
:108D6000903023F4407343F40073C2F89030D2F88B
:108D7000903003F44073B3F5007F02D101A8FFF7F0
:108D80004FFFFFF785FDFFF793FDA8B91C48FFF7DC
:108D9000CBFAFFF77DFDBFF34F8F1A491A4BCA6814
:108DA00002F4E0621343CB60BFF34F8F00BFFDE7D7
:108DB0001648FFF7B9FAD0E7BDF80A3013B101A899
:108DC000FFF7B6FE1248D0F8503841F2F10299B2DE
:108DD000914202D113F47F0F01D0FFF7C9FDD0F803
:108DE0005438DB0504D504B0BDE8104002F030B9BA
:108DF00004B0BDE8104002F059B900BFDBA7012064
:108E0000E7A7012000ED00E00400FA05E1A701203A
:108E100000200040014BC3F860087047002000406C
:108E20001FB5002301A8CDE90133ADF80C30FFF7E1
:108E3000F7FE01A80FF050FE05B05DF804FB00003E
:108E400008B50A2005F0FAF8034B1B685B691A683D
:108E50009B88936108BD00BF50DA0120044B1B685A
:108E60005B691A689B881B0493610A2005F0E6B8C9
:108E700050DA01201FB54FF47A7309480093006857
:108E800001230DF10F02002101F0A4F818B94FF0F1
:108E9000020C04F01FF89DF80F0005B05DF804FB0C
:108EA00050DA012010B50824FFF7E4FFFF2803D1B2
:108EB000013C14F0FF04F7D110BD08B5FFF7C0FF67
:108EC000BDE80840FFF7D6BF73B56E4604460949B2
:108ED0003046FEF799F8FFF7CDFF054696E8030008
:108EE000FEF7AEF818B9A542F5D102B070BD6FF02B
:108EF0000100FAE740420F002DE9FF4141F0400137
:108F00008DF80810110E8DF80910110C43F00103B3
:108F10008DF80A10110A06468DF80B108DF80C20FA
:108F20008DF80D309DF82840FFF798FF4FF47A73C5
:108F30002C48009300680623002202A901F04AF899
:108F400018B94FF0020C03F0C5FF052C43D8DFE839
:108F500004F0031428324232FFF7A4FFFF23054632
:108F60001F4698461C4630463570747086F802805D
:108F7000F770337104B0BDE8F081FFF793FF054649
:108F8000FFF75EFF4FF47A7005F058F8FFF758FFCF
:108F9000FFF770FFFF280446FAD1034607468046D4
:108FA000E1E7FFF77FFF0546FFF764FFFF23044675
:108FB0001F469846D7E7FFF775FF0546FFF75AFFAC
:108FC0000446FFF757FF8046FFF754FF0746FFF7B9
:108FD00051FF0346C7E7FF231F4698461C461D4620
:108FE000C1E700BF50DA01201FB502230093002221
:108FF000FF230D2102A8FFF77FFFFFF75EFF9DF81B
:10900000083043B99DF80900003818BF01204042DC
:1090100005B05DF804FB4FF0FF30F9E71FB54FF4E2
:109020007A738DF80F00084800930068012300222E
:109030000DF10F0100F0CEFF18B94FF0020C03F054
:1090400049FF05B05DF804FB50DA01202DE9FF4728
:109050003B4EDFF8F480054630460C46174600F0DC
:109060005BFFC8F80060002302AE00934FF400726B
:10907000FF2310213046FFF73FFF9DF80890FFF7D0
:109080001CFFB9F1000F0BD04FF0FF3400232C4828
:10909000C8F8003000F05CFF204604B0BDE8F0875F
:1090A000DFF8A89099F8003003B964024FF0000A85
:1090B00077B924493046FDF7A7FFFFF795FF04462F
:1090C00096E80300FDF7BCFFB0BB002CF5D1DDE74F
:1090D000FF23CDF800A0224611213046FFF70CFFF8
:1090E0009DF8083013B1FFF7E8FECDE7FE20FFF74B
:1090F000EBFE01460028F6D14FF4FA630093D8F84E
:1091000000004FF400732A4600F092FF18B94FF0A8
:10911000020C03F0DFFEFFF7ADFEFFF7ABFE99F8A0
:10912000003033B10134FFF7C8FE013F05F500758B
:10913000BEE704F50074F6E76FF00104A6E700BF90
:10914000A0A8012040420F0050DA012054DA01208B
:109150002DE9F04F494EDFF82C9185B00546304699
:109160000C46174600F0D8FEC9F80060002302AE96
:1091700000934FF40072FF2310213046FFF7BCFE2E
:109180009DF80880FFF799FEB8F1000F29D1DFF8AC
:10919000F8A09AF8003003B964024FF0000B8FB9C1
:1091A00037493046FDF730FFFFF71EFF044696E8CB
:1091B0000300FDF745FF00285CD001F067FC6FF06D
:1091C000010410E0CDF800B0FF23224618213046FC
:1091D000FFF792FE9DF80880B8F1000F0DD0FFF761
:1091E0006CFE4FF0FF3400232448C9F8003000F033
:1091F000AFFE204605B0BDE8F08FFF20FFF70EFF61
:10920000FF20FFF70BFFFE20FFF708FF4FF4FA6384
:109210000093D9F800004FF400734246294600F04D
:1092200007FF18B94FF0020C03F054FEFFF722FEBF
:10923000FFF720FEFFF71EFE804608F01F08FFF72D
:1092400019FEB8F1050FCAD1FFF7FAFDFFF706FEC8
:10925000FF20FFF739FE0028C1D1FFF72EFE9AF854
:10926000003023B10134013F05F5007597E704F59F
:109270000074F8E7002C97D1B5E700BFA0A8012043
:1092800040420F0050DA012054DA01200023024846
:1092900001221946FEF784BD78A70120044B1A6805
:1092A0009B88126913420CBF01200020704700BF49
:1092B00078A701200A2070472DE9F0418C4E8D4D92
:1092C00088B00446304600F027FE2E60002C5AD0AD
:1092D000FFF786F910242868009480680323002291
:1092E0000121FEF701FA28680094C06803230022D8
:1092F0000121FEF7F9F92868009400690323002290
:109300000121FEF7F1F9FFF7A9FD2B689A681168B2
:109310009288A2408A61DA681B6911689288A2402B
:109320008A611A689B88A340734C9361022120468E
:10933000FEF745FDA38822681B049361FA2004F020
:109340005FFE0524FFF77CFD28680094032319467F
:1093500080680122FEF7C8F92868009403231946A3
:10936000C0680122FEF7C0F9286800940323006951
:1093700001221946FEF7B8F9FFF788FFFFF728F931
:10938000642004F03DFEFFF75BFD5024FF20013C0C
:10939000FFF744FE14F0FF04F8D180266427002272
:1093A0009523114604A80094013FFFF7A5FD9DF801
:1093B0001080FFF782FD17F0FF0700F08780B8F1FB
:1093C000010FECD1052300934FF4D57287230821B8
:1093D00004A8FFF791FD9DF81070FFF76EFD7B0765
:1093E0001CD56427FF230022372102A80094FFF731
:1093F00083FD013FFFF761FDFF230022292106A81D
:109400000094FFF779FDFFF758FD17F0FF075DD0D7
:109410009DF81830012BE5D0002353E0012F55D1E2
:109420006427FF230022372102A80094FFF764FD80
:10943000013FFFF742FDFF234FF08042292106A89C
:109440000094FFF759FD9DF81880FFF736FD17F0DF
:10945000FF073BD0B8F1010FE3D018F0040F20D084
:109460006427FF230022372106A80094FFF744FD5C
:109470009DF81880FFF721FDB8F1010F26D1FF23D9
:109480000022292106A80094013FFFF735FD9DF831
:109490001880FFF712FD17F0FF0717D0B8F1010F82
:1094A000DFD0032300930022FF233A2104A8FFF713
:1094B00023FD9DF81070FFF700FD3FB99DF81130B6
:1094C000C3F380130D4A0024137006E0013E16F02A
:1094D000FF067FF463AF4FF0FF34002304482B6096
:1094E00000F036FD01F0D2FA204608B0BDE8F08168
:1094F00088A8012050DA012078A7012054DA012041
:1095000070B5084D084E284600F006FD3560FFF79F
:109510006BFD002304462846336000F019FD204609
:1095200070BD00BFA0A8012050DA01202DE9F04154
:109530000E461746054618B94FF0020C03F0CAFC58
:10954000012A0DD1084601F0B7FA014648B34FF49D
:10955000007228460FF02EFC00242046BDE8F08162
:10956000FFF774FD04460028F6D04FF00A08FFF715
:1095700095FE0028F1D018F0010F0CBF012000204B
:10958000FFF79AFE044630B93A4631462846FFF7BF
:109590005DFD044690B108F1FF3818F0FF08E6D1F0
:1095A000DBE73A4631462846FFF750FD04460028DF
:1095B000DBD12946304601F099FACDE7012FCBD116
:1095C000F7E72DE9F0410D461746064618B94FF06A
:1095D000020C03F07FFC1144284601F09FFA3A4642
:1095E00029463046FFF7B4FD0446F0B90024204672
:1095F000BDE8F08118F0010F0CBF01200020FFF73B
:109600005BFE044638B93A4629463046FFF7A0FDCE
:1096100004460028EAD008F1FF3818F0FF08E6D029
:10962000FFF73CFE0028E5D1E1E74FF00A08F7E735
:109630002DE9F04F054699B018B94FF0020C03F030
:1096400049FC8A4C204600F067FC894B00221C60D4
:109650000921FF23009208A8FFF74EFC9DF8203057
:109660006BB1FFF72AFC4FF0FF36814B7F48002299
:109670001A6000F06DFC304619B0BDE8F08FFE2096
:10968000FFF722FC04460028EBD112AEFFF7F2FBF5
:109690000134A4B2102C06F8010BF7D1DFF8D8B1D1
:1096A000FFF7E8FBFFF7E6FB9BF800009DF84DA0F5
:1096B0009DF84E309DF84F609DF850709DF8511008
:1096C0000E9A002840F09E809DF852C0480000F09D
:1096D000060040EADC109B024FEA971C03F440634B
:1096E0004CEA86061E437B0303F4E02343EA860329
:1096F00007F007074E0943EAC743490601F06051E6
:1097000043EA06630B435B4911400B430E939DF8FC
:109710003C3060F302038DF83C30FFF7CEFB0022B3
:10972000FF2300920A2106A8FFF7E6FB9DF81830F8
:10973000002B96D1FE20FFF7C7FB0646002890D1EC
:1097400008AFFFF797FB013CA4B207F8010B002C10
:10975000F7D1FFF78FFBFFF78DFBDDF82330CDF856
:109760004B309DF827309DF82000BDF821108DF872
:109770004F309DF82D300590049103939DF828807B
:10978000DDF829909DF82E70FFF797FB9BF80030CD
:10979000DDE90410002B49D04FF400732B61AB605E
:1097A0000E9BC3F395130133E40444EA5334DB0402
:1097B0004FEA532CC5E9003400234CEAC452EB7540
:1097C0006B774FEA1813EA60AB77039AA5F8151088
:1097D00099FA89F32B623B0943EA0213DDF84B1037
:1097E000A961DBB29DF84F10287508F00F0803F54A
:1097F000FA6307F00F07297785F81F80EB8485F857
:10980000247032E7BDF85000310440BA9B0001F4E7
:109810007C1180B203F03C03014343EA961343EA10
:10982000811302F0704213430E9376E79DF83C30AB
:10983000BDF838C003F007034FF0010E4FF400727B
:109840000AF00F0A0233CCF38B0C0EFA03F32A61F1
:109850000EFA0AF2A3FB023A0CF101040CFB0AAA6D
:10986000A3FB0434AA605444A2E700BFA0A80120CF
:1098700050DA012003C0C0C054DA01200020704734
:10988000044B02781B6803EB420301205B780B70EA
:10989000704700BF58DA012008B5044B1A68536AB4
:1098A0000BB1906A9847012008BD00BF58DA01202B
:1098B0007FB5164D164E01242B68586824B905F063
:1098C000EBFA08B904B070BD1022002168460FF011
:1098D00001FA2B684FF0FF325868694605F09FFA8D
:1098E00018B14FF0020C03F0F5FA9DF80030062B8A
:1098F000F7D8DDE9020156F823309847044601986D
:109900000028D9D0012103F03BFCD5E758DA01202B
:1099100030A8012070B50E460121044603F06CF911
:10992000054686B12046012103F040F928460A4940
:109930000022FEF749FA28460023BDE870400122C4
:109940000721FEF72DBAFEF7A3FA20460121BDE854
:10995000704003F001B900BFAD99002038B5124B3B
:1099600002781B68044603EB420062681D6A002A05
:1099700014BF0121002110D01DB14FF0020C03F0E3
:10998000A9FA5D6A002DF8D10546C3E90852A2681C
:109990009A62FFF7BFFF012038BDA842EDD15D6A92
:1099A000002DEAD01546F0E758DA01201FB506234E
:1099B0008DF80030054B1B680022586801926946FB
:1099C00005F0EEF905B05DF804FB00BF58DA0120A0
:1099D00038B5174C23680546186A10B10021FFF707
:1099E00099FF2368DA6952B1D3E9050104F078FBE5
:1099F0002368D86902F0B6FF23680022DA6175B1E6
:109A0000236828461969DD6102F004FF2368094ACA
:109A10005A61DA6907489A61114604F01FFB23680E
:109A2000186A20B1BDE838400121FFF773BF38BD87
:109A300058DA0120E19A002008B50A4B02781B6829
:109A40001A7341681961012A09D803EB420043786F
:109A5000002B18BF0020FFF7BBFF012008BD00202E
:109A6000F9E700BF58DA012010B50468204602F07B
:109A700079FF00236370094B22781B68197B9142A0
:109A800004D12046FFF7A4FF012010BD186AA042B0
:109A9000FAD10121FFF73EFFF6E700BF58DA0120B7
:109AA00038B50E4B02781B6803EB42040D46617813
:109AB00089B9187B904207D10846FFF789FF012337
:109AC00063702C60012038BD1B6AA342F7D1204689
:109AD000FFF720FFF3E70024F3E700BF58DA012087
:109AE00013460A460146184602F0E6BF70B5154D0A
:109AF0002E681EB14FF0020C03F0ECF92C2004F09C
:109B0000CDFB0123044628600670837010210820D5
:109B100005F00EF90C4A606033464FF400710B48B3
:109B20002C6806F094F92B68A0609868122106F062
:109B3000B3F92B6802221A73BDE87040986806F0EA
:109B4000D9B900BF58DA0120B19800201CA8012023
:109B500010B50B4C206870B102F0DCFF206802F0F9
:109B600063FF2068023002F0D5FF2068BDE8104096
:109B7000023002F059BF4FF0020C03F0ABF900BF06
:109B800058DA012010B5074C206838B102F072FF96
:109B90002068BDE81040023002F06CBF4FF0020CAC
:109BA00003F098F958DA012070B5022886B004460F
:109BB0000D4603D94FF0020C03F08CF9154BA1F5BB
:109BC00016529A42F6D8144E306808B300EB44009F
:109BD00002F048FD0028EDD004238DF808308DF800
:109BE0000040019503F0A5FA336803904FF0FF326F
:109BF0005868CDF810D002A905F0D2F803984FF0BC
:109C0000FF330022012103F0FAFA039803F0A2FACD
:109C100006B070BD80E33C0058DA0120B5EEC00A02
:109C2000F1EE10FA1FD4F7EE007AB4EE670AF1EE07
:109C300010FAC8BFB0EE670A0C4B20EE007AD3EDE5
:109C40000B7A27EE007AF8EE677A67EE877AB6EE3F
:109C5000007A67EE877AFCEEE77A17EE900A012821
:109C600038BF012070479FED020AE5E7004401403C
:109C70000000000008B5002005F053F9044B054A28
:109C800018600549BDE80840042004F09BBA00BFF5
:109C90005CDA012024A401204CA8012037B501463C
:109CA000EFF305841CB14FF0020C03F013F90C4BD9
:109CB000186805F06AF9054678B9FEF7CFFB27204A
:109CC000FCF702FF0E23074800932A462B46032188
:109CD000FDF70AFD012003B030BD2046FBE700BFC1
:109CE0005CDA012098A6012010B5EFF3058353B983
:109CF000064B186805F09CF9044606F03BF9231A58
:109D00005842584110BD0120FCE700BF5CDA012039
:109D100008B5FFF7E9FF18B94FF0020C03F0DAF8C5
:109D2000044B5A6C22F400425A641A6822F0010271
:109D30001A6008BD0044014010B5EFF305841CB162
:109D40004FF0020C03F0C6F8FFF7CEFF0028F7D063
:109D5000FFF7DEFF2346022205210748FEF720F821
:109D60002720FCF7C9FFFEF793FB044B186805F0AA
:109D700037F90028E4D110BD98A601205CDA012053
:109D800010B52DED028B8EB0F0EE408AB0EE608AF9
:109D9000FFF7AAFF18B94FF0020C03F09BF8B5EEDD
:109DA000C08AF1EE10FA06D80EB0BDEC028BBDE809
:109DB0001040FFF7ADBF122200210DF106000EF09A
:109DC00089FF40F2F313ADF80430204B204C1B68A0
:109DD0004FF4FA72B3FBF2F307EE903AB8EEE77A7B
:109DE0004FF6FF73C7EE287A01A92046B7EE007A36
:109DF00077EEC77AFCEEE77A17EE902A9A4228BFF0
:109E00001A46022A134638BF0223039308F090FF34
:109E10001822002108A80EF05DFF60230121B0EE9A
:109E2000480ACDE90631FFF7F9FE06AA0990204657
:109E300008F0BEFF636C43F400436364236843F09F
:109E4000010323600EB0BDEC028B10BD1CD60120B7
:109E50000044014010B5124C236898020ED5E36E01
:109E600099070BD54FF4001363600E4B186805F08B
:109E700070FB18B14FF0020C03F02CF823689A0124
:109E80000CD5D4F880309B0708D54FF00073636081
:109E9000044B186805F05DFB0028EBD110BD00BF36
:109EA0000004024060DA012003689A6812F4C05F7F
:109EB000FBD19A681206FCD49A6812F4C06F00D1E4
:109EC00070471A7BF8E70000012108B5084605F045
:109ED000DBFA044B01211860084605F0D5FA024B65
:109EE000186008BD64DA012060DA012010B518B9E5
:109EF0004FF0020C02F0EEFFBDE810404368002175
:109F0000184710B518B94FF0020C02F0E3FFBDE896
:109F1000104043680021184710B5044618B94FF0A7
:109F2000020C02F0D7FFFEF799FA2068022143687D
:109F30009847206804214368984723689A68002A54
:109F4000EDD19C60204663680221BDE810401847AF
:109F500010B518B94FF0020C02F0BCFF026894680B
:109F60008442F7D163680321984720680023836007
:109F70000521436898472068032143689847BDE856
:109F80001040FEF785BA37B5034618B94FF0020CFA
:109F900002F0A0FF006880689842F7D10029F5D050
:109FA000002AF3D00A44186891420BD1FFF77CFFD6
:109FB0000368DA680192019A9B680193019B012072
:109FC00003B030BD0468A568AD07EDD511F8010BED
:109FD0002073E8E7F8B518B94FF0020C02F07AFFE9
:109FE0000468A4688442F7D1002BF5D01D460124F3
:109FF0005BB106683668B768BF0706D52CB1A1B15A
:10A0000011F8014B3473013B002406683668B768C9
:10A01000FF07EDD5347B0AB102F8014B013DE6D1D3
:10A020000068FFF741FF0120F8BDFF24EAE70000C8
:10A030002DE9F04F91B00F46DDF8688092469946C1
:10A04000064610B94FF0020C2BE003689C6884426E
:10A05000F8D1B9F1000FF5D003F09BFF009050B993
:10A060004B46524639462046CDF8688011B0BDE8CF
:10A07000F04FFFF7AFBF9F4B4FF0FF31186805F06F
:10A0800033FA84460028DDD14FF0FF330493236870
:10A09000994A1D68954206D0A2F57842954200F093
:10A0A000848002F017FF4FF0070B062305F10C0226
:10A0B000924C0192BAF1000F7BD15146142208A8AC
:10A0C0000EF008FE102207928022019B0A924FF4A4
:10A0D00080520F92072105AA2046CDE90537CDE928
:10A0E0000D9B08F0E3FB4FF0007285496260112080
:10A0F000524601F03FFC6F68DFF810A217F002072C
:10A1000008BF6A68DAF8000004BF42F002026A6021
:10A11000414618BF012705F0E7F98146002891D193
:10A12000D4F88020DAF8000042F00202C4F880205F
:10A13000D4F8802042F00102C4F88020414605F0A6
:10A14000D3F930B16F4A7049022004F03BF8CDF8E2
:10A150000090DAF8000005F0FCF9D4F8802022F035
:10A160000202C4F88020D4F8802022F00102C4F852
:10A1700080201FB96A6822F002026A60002211463C
:10A18000112001F0F7FB07215C4808F06DFA3068F8
:10A19000FFF78AFE574B186805F0DBF900287FF4BB
:10A1A00051AF009811B0BDE8F08F4FF0090B0823B4
:10A1B0007CE7002F47D0802202921422002108A8B9
:10A1C00003930EF087FD019B4C48CDE90537CDE99F
:10A1D0000D9B029B0A9310274FF4805B05AA072171
:10A1E0000797CDF83CB008F061FB019B4348CDE9EF
:10A1F000053A80224FF0000A039BCDF824A0CDE958
:10A200000A2A062105AACDE90CA9CDE90E3BCDE924
:10A2100007AA08F04BFB4FF4001262603846524622
:10A22000374901F0A7FB6F686A6812F0010907F06F
:10A2300002070BD11FB96A6842F002026A606A68BD
:10A2400042F0010206E0029704AFB6E71FB96A6860
:10A2500042F002026A60DFF8B4B04146DBF8000069
:10A2600005F042F9824600287FF4ECAEE26EDBF89E
:10A27000000042F00202E266E26E42F00102E26693
:10A28000D4F8802042F00102C4F88020414605F055
:10A290002BF930B11B4A1C49022003F093FFCDF883
:10A2A00000A0DBF8000005F054F9E26E22F0020293
:10A2B000E266D4F8802022F00102C4F88020E26E29
:10A2C00022F00102E2661FB96A6822F002026A60A7
:10A2D000B9F1000F03D16A6822F001026A6000221E
:10A2E0001146102001F046FB0721044808F0BCF994
:10A2F000062149E764DA01200030014000040240F1
:10A30000559E00205BA8012069A8012060DA012089
:10A3100010B5044605290BD8DFE801F0030B111D29
:10A320002227002004F0FDFD124B18600023A360DB
:10A3300010BD104BBDE81040186804F00EBE0D4B68
:10A340004FF0FF31186804F020FE0028F0D04FF0E5
:10A35000020C02F0BFFD074B186804F041FEF4E761
:10A36000BDE810402520FCF7AFBBBDE8104025201C
:10A37000FCF7C2BC6CDA012010B5044605290BD8E5
:10A38000DFE801F0030B111D2227002004F0C9FDB6
:10A39000124B18600023A36010BD104BBDE81040A5
:10A3A000186804F0DABD0D4B4FF0FF31186804F067
:10A3B000ECFD0028F0D04FF0020C02F08BFD074BB3
:10A3C000186804F00DFEF4E7BDE810401A20FCF711
:10A3D0007BBBBDE810401A20FCF78EBC68DA012078
:10A3E00037B50446032922D8DFE801F002232F44C1
:10A3F0004069036882889A6101221146052503237A
:10A40000FDF7CEFC032300951946A0680022FDF756
:10A410006BF9032300951946E0680022FDF764F903
:10A4200000950323206900221946FDF75DF903B06A
:10A4300030BD4069036882889A61052100230122AA
:10A4400003B0BDE83040FDF7ABBC036811461868A7
:10A4500008F038FC23681B685A6842F480525A603E
:10A460001A6842F040021A6063691A689B881B04EC
:10A470009361DCE743691A689B88936103681A68F3
:10A48000136823F040031360D1E70000014AFFF78F
:10A49000A7BF00BF50A90120014AFFF7A1BF00BF1D
:10A4A00028A90120014AFFF79BBF00BF00A9012096
:10A4B00037B50446032941D8DFE801F0020E164201
:10A4C0004069036882889A6101210323002203B056
:10A4D000BDE83040FDF764BC4069036882889A613A
:10A4E00000231A460521F2E703682449186808F09A
:10A4F000E9FB23681B685A6842F480525A601A6864
:10A50000052542F040021A60032300951946A06811
:10A510000022FDF7E9F8032300951946E0680022C0
:10A52000FDF7E2F803230095002219462069FDF7A4
:10A53000DBF863691A689B881B04936103B030BD24
:10A54000436980681A689B88936100231A46052135
:10A55000FDF726FC00231A46E0680521FDF720FCE4
:10A5600000231A4620690521FDF71AFC23681A68A2
:10A57000136823F040031360E0E700BF78A90120CF
:10A5800037B50446032962D8DFE801F002243C63B2
:10A59000052503230095194680680022FDF7A4F8DD
:10A5A000032300951946E0680022FDF79DF8032378
:10A5B0000095206900221946FDF796F86069036846
:10A5C00082889A6103230022012103B0BDE8304054
:10A5D000FDF7E6BB0023194600690122FDF7E0FB09
:10A5E00000231946A0680122FDF7DAFB0023606909
:10A5F00001221946FDF7D4FBE068838802681B043A
:10A600009361DFE703681F49186808F05BFB236864
:10A610001B685A6842F480525A601A68052542F055
:10A6200040021A60032300951946A0680022FDF736
:10A630005BF8032300951946E0680022FDF754F803
:10A6400000950323206900221946FDF74DF803B059
:10A6500030BD00231A4680680521FDF7A1FB0023C9
:10A660001A46E0680521FDF79BFB00231A46206986
:10A670000521FDF795FB23681A68136823F0400352
:10A680001360E4E7A0A9012008B50448FFF72EFCF9
:10A69000BDE808400248FFF734BC00BF04D60120E3
:10A6A000B8A8012008B50B48FFF720FC0A48FFF7BF
:10A6B00028FC0A48FFF725FC0948FFF722FC094857
:10A6C000FFF71FFCBDE80840074A0849042003F0D3
:10A6D00079BD00BF10D60120E8A80120D0A8012034
:10A6E000A0A8012088A8012024A4012074A801208A
:10A6F000174B10B50146D3F8804520B90CF010F97E
:10A700000146F8B104680B78E3B1092211480EF054
:10A71000E9FA104B104A152103F10900FBF720FB61
:10A720000E4B09221A75220A83F82A204EF22612AD
:10A7300083F829409A85240C802283F82B4083F8E3
:10A740002E2010BD0649074815220EF0CBFAE7E788
:10A750000070FF1F7BDA0120C8A9012070DA0120F8
:10A76000CCA9012084DA01200E4BD3E90012002A83
:10A7700008BFB1F1FF3F12D019884BF6BE229142BB
:10A7800006D19878431E012B88BF4FF0FF307047E9
:10A7900018780A284FF0FF3098BF002070476FF0FC
:10A7A000010070470070FF1F08B5FFF7DDFF0228AA
:10A7B00029D00ED81F4B204AE8B95168196011788A
:10A7C00019715178597191789971D2781B48DA7161
:10A7D00002E0023029D30020FFF78AFF0CF078F85E
:10A7E00001460220FEF7DEF8BDE80840144A15498C
:10A7F000042003F0E7BC51681960916859609289A0
:10A8000011481A81E8E70C4A0A4B516819609168AF
:10A810005960117B9972117CFF2903D0128A0B4871
:10A820001A81D9E700201881D6E74FF0000C02F01A
:10A8300051FB00BF70DA01200070FF1F0870FF1F7E
:10A8400024A40120D5A901201070FF1F1870FF1F3C
:10A85000014B1879704700BF70DA0120014B58791D
:10A86000704700BF70DA0120014B987A704700BF33
:10A8700070DA01200CF02CB808B5FFF7EFFF0728BD
:10A8800005D0FFF7EBFFB0FA80F0400908BD0120CA
:10A89000FCE70000034A9388126808B1936170478F
:10A8A0001B04FBE7B8A7012008B500F06AF905F022
:10A8B000B3FD05F06DFE002008BD000010B505F0E9
:10A8C00043FE00F045F9002000F03CF90A4A0B482D
:10A8D00000234FF4806105F09FFA0421044605F03F
:10A8E000DBFAFDF7BBFD204605F004FB05F040FE5A
:10A8F000DFF80CC002F0EEFAA9A80020E4A90120BC
:10A90000ECA9012008B5DFF808C002F0E3FA00BFA7
:10A91000FBA9012008B5DFF808C002F0DBFA00BF90
:10A9200008AA0120184B4FF000529A60D3F88820F3
:10A9300042F47002C3F888204FF0B0436FF4827085
:10A940001A6842F001021A604FF4E0229A60196816
:10A95000A2F1A26202440A401A60D3F8942022F0C5
:10A960000502C3F89420D3F8982022F00102C3F81E
:10A970009820064ADA601A611A6822F480221A6066
:10A9800000229A61704700BF00ED00E00010042231
:10A9900016488546FFF7C6FF0C480D4A0D49121AA6
:10A9A0000EF008FA0C480D4A0021121A0EF092F926
:10A9B0000B480C4A0021121A0EF08CF90EF0D6F951
:10A9C000FFF77CFFDFF820C002F084FA04D60120F4
:10A9D0003CD7012004D6012064D70120C8E701201C
:10A9E000D80003207009032017AA012000000320CB
:10A9F00010B500214FF0FF32072005F06CFBC107B6
:10AA0000044601D508F0C8FCA20701D508F044FCB3
:10AA10006307EED5002010BD08B5054B186830B1AE
:10AA200005F094FABDE80840012105F0E7BA08BD39
:10AA3000A0DA012008B5054B186830B105F086FA98
:10AA4000BDE80840022105F0D9BA08BDA0DA01200E
:10AA500010B50B4C23681BB14FF0020C02F03AFA10
:10AA6000084A09484FF4A06105F0D6F91121206089
:10AA700005F012FA2068BDE8104005F03BBA00BFAF
:10AA8000A0DA0120F1A90020C0AA012010B5094CCC
:10AA9000236823B941F2240003F030FC20602068D1
:10AAA00030B1BDE8104041F2240200210EF012B98D
:10AAB00010BD00BFA4DA01200B4A0346106810B590
:10AAC00048B173B10146002251F8044F9C4203D1B2
:10AAD00000EB4220243010BD0132082AF4D10020BE
:10AAE000F9E71846F7E700BFA4DA01200A4B10B5D2
:10AAF0001C687CB1236803F0070304EB83025060F9
:10AB000004EB43204FF4007224300EF053F9236815
:10AB10000133236010BD00BFA4DA0120084B1B687D
:10AB200030B55BB103F12004002553F8042F8242B5
:10AB300002D38A4298BF1D60A342F6D130BD00BF48
:10AB4000A4DA0120014B1870704700BFA8DA012079
:10AB500008B5FCF715FA00F051F8FBF783FF00F099
:10AB6000D3FAFDF779FD01F08BFAFFF78DFD00F0C8
:10AB7000A5FBFDF701FBFEF7C9F8BDE80840FFF7AC
:10AB800013BE08B501F042FA00F026F800F044F8D0
:10AB900001F050FBFEF7AAFFFDF72EFF00F016FEB6
:10ABA000FCF71CFBFDF7F2FD01F052FBFFF77AFD0D
:10ABB000FFF78AF900F0CCFDFFF75CF800F034FAFB
:10ABC00000F082FBFDF7ECFBFDF7D6FAFCF762F92B
:10ABD000BDE8084001F03AB910B50C2003F05EFB67
:10ABE000044B1860044B03600446002004F099F9FC
:10ABF000606010BDACDA01200000045008B50448C4
:10AC000008F0A4FA034B1868BDE8084008F07EBAC3
:10AC100000093D001CD601204FF0B043934A10B507
:10AC2000C3F89C20D3F89C2022F47C5242F41852A2
:10AC3000C3F89C201A6842F480321A601A6842F401
:10AC400080721A601A689003FCD51A685105F9D50C
:10AC50009A68874942F400429A601A6842F40022D6
:10AC60001A600A6842F480720A60D3F8902042F0B9
:10AC70001802C3F89020D3F8902042F00102C3F8E4
:10AC80009020D3F8942042F00102C3F894204FF0B2
:10AC9000B043D3F890209207FBD5D3F894209407C3
:10ACA000F7D5744AD2F8801041F48021C2F88010A0
:10ACB000116841F4802111609A696F4942F4007271
:10ACC0009A61D3F8942010015EBFD3F8902042F02F
:10ACD0002002C3F890204FF0B043DA681140674A71
:10ACE0000A43DA601A6842F080721A60DA6842F049
:10ACF0008052DA601A689101FCD5DA6822F073029A
:10AD000042F01302DA601A6922F0606222F4FE4215
:10AD100042F0007242F4C0621A61DA6822F07302F3
:10AD200042F01302DA601A6922F0604222F4FE4215
:10AD300042F0005242F4C0621A611A6842F0806226
:10AD40001A601A6942F080721A611A6942F08052E0
:10AD50001A614FF0B0431A681201FCD59A6822F0CC
:10AD6000F0029A60D3F8082122F0F00242F080024B
:10AD7000C3F80821424A136823F0070343F0030392
:10AD80001360136803F00703032BFAD14FF0B043AD
:10AD90009A6842F003029A609A6802F00C020C2A48
:10ADA000FAD1D3F8082122F00F02C3F808219A68DB
:10ADB00022F4E0629A609A6822F460529A601A68FB
:10ADC00022F001021A604FF0B0431C6814F0020434
:10ADD000FBD12C4808F0BAF92B4B186808F096F90B
:10ADE0004FF0E0222949136943F002031361CB6855
:10ADF000C3F30223C3F10702042A03F1040028BFAE
:10AE00000422062888BFDC1E4FF0FF339340DB434B
:10AE1000A3401B01DBB281F823304FF0B043BDE803
:10AE20001040D3F888201A4922F0406242F0806234
:10AE3000C3F888205A6A22F003025A625A6A22F042
:10AE4000300242F010025A62D3F8942022F44042B9
:10AE500042F48042C3F89420D3F8882042F0405254
:10AE6000C3F8882004200B4A03F0ACB9FECAFECA1E
:10AE700000040058000800588C80FF1F13080020B1
:10AE8000004000580090D0031CD6012000ED00E0E7
:10AE9000CFAA012024A4012008B54FF0B0431A68BE
:10AEA00042F480721A601A685005FCD59A6822F044
:10AEB000030242F001029A605B6A99070FD14FF0DA
:10AEC000B042936803F00C03042BFAD1064B1A68C6
:10AED00022F007021A601A685207FCD108BD4FF031
:10AEE000020C01F0F7FF00BF004000584FF0B043E4
:10AEF0001A6842F480321A601A689203FCD50D4A2F
:10AF0000136823F0070343F001031360136803F091
:10AF10000703012BFAD14FF0B042936823F00303EB
:10AF200043F002039360936803F00C03082BFAD1FB
:10AF3000704700BF004000584FF0B04310B59A680A
:10AF400002F00C02082A03D04FF0020C01F0C2FFFD
:10AF50001A6842F080721A601A6842F080621A60C1
:10AF60001A689201FCD54FF0B04423681B01FCD550
:10AF7000002008F041F9A36803F00C030C2B0ED15C
:10AF8000084808F0E3F8084B4FF47A721B68B3FBEB
:10AF9000F2F34FF0E022013B5361012010BD00208D
:10AFA000FCE700BF0090D0031CD6012010B54FF085
:10AFB000B044A36803F00C030C2B03D04FF0020C39
:10AFC00001F088FF236843F48033236023689B03E8
:10AFD000FCD5012008F010F9A36803F00C03082B3E
:10AFE0000ED1084808F0B2F8074B4FF47A721B688C
:10AFF000B3FBF2F34FF0E022013B5361012010BD9F
:10B000000020FCE70048E8011CD601204FF0E022B8
:10B01000136923F00103136170474FF0E0221369B5
:10B0200043F001031361704708B5002003F079FF76
:10B03000044B054A18600549BDE80840042003F0A8
:10B04000C1B800BFB0DA012024A40120DCAA01208D
:10B05000124B5A6842F0010213B55A605A68104800
:10B0600042F002025A605A6842F004025A600D4AE5
:10B07000D2F8903043F48033C2F890300024032398
:10B08000194600940122FCF72FFB07480094234641
:10B0900002220321FCF728FB02B010BD002004E0CF
:10B0A000C8A7012000080058C0A7012008B50F4B11
:10B0B0000F485A6822F001025A605A6822F00202D0
:10B0C0005A605A6822F004025A600A4AD2F8903054
:10B0D00023F48033C2F890300521FCF770FEBDE800
:10B0E000084005480521FCF76ABE00BF002004E0C7
:10B0F000C8A7012000080058C0A70120014B1878FC
:10B10000704700BFB4DA012008B50120FBF7DCFC72
:10B110000220FBF7D9FCBDE808400320FBF7D4BCB4
:10B120002DE9F04F89B098469DF84C30DDF84890F5
:10B130009DF850A09DF854B00191012B044617468C
:10B1400008D0022B64D0594E594ABBF1000F18BFEA
:10B15000164607E0BBF1000F5CD0554E554A002F54
:10B1600018BF1646DDE9160106AD85E8030095E82F
:10B1700003000093FBF764FF002840F09280009BDF
:10B1800013B9A2691004F2D4FB020093B9F1FF0FC6
:10B190005FFA89F540D8BAF1010F42D0BAF1020F37
:10B1A00052460CBF4FF080714FF000714248636807
:10B1B00040EA565023EA0003DDE90070384330438B
:10B1C00003430B43DDE9160104AF87E8030043EABC
:10B1D000054363602E464346002E3AD197E80300AC
:10B1E00006AE86E80300002A14BFC0232023A76907
:10B1F0001F4023D00120E36943F02003E3610028CE
:10B200004FD0B9EB0509A8444FF00006BED149E084
:10B210000026A7E7254EA5E70222FF254FF0807103
:10B22000C4E752460021C1E7012028E0084626E095
:10B2300089070DD513F8011BA16229E096E80300E8
:10B240000293FBF7FDFE029B0028D0D03846D2E7E0
:10B2500018BB97E80300CDE90232FBF7F1FEDDE908
:10B2600002320028E0D1A16911F02001DED0A169ED
:10B27000490604D4A06980F08000C0F3C010A16921
:10B28000BBF1000FD4D04907E2D5616A03F8011B76
:10B29000013E0028A0D0002EA0D0E36943F0200397
:10B2A000E361002009B0BDE8F08F00BF00200080FE
:10B2B0000024008000340080FF7BFF030148002150
:10B2C000836818472CD6012008B5054800218368FB
:10B2D0009847BDE80840034A0349042002F072BFC2
:10B2E00020D6012024A40120EAAA012070B504463A
:10B2F000FDF7B4F820680221836898472068456804
:10B300001DB14FF0020C01F0E5FD8368446004219B
:10B310009847636829462046BDE870401847026890
:10B3200010B55468844203D04FF0020C01F0D2FDF6
:10B330006368012198472068052183689847206841
:10B3400000234360032183689847BDE81040FDF760
:10B350009FB82DE9F0411E460368D3F8048080456C
:10B3600088B00C46154603D04FF0020C01F0B2FD38
:10B37000119B06AF4FF47A7159433846FBF744FEF0
:10B3800097E8030004ABD8F800C083E8030001236A
:10B3900003939DF8403002939DF83C3001930E9B3F
:10B3A0000093DCF8000033462A462146FFF7B8FE3A
:10B3B00008B0BDE8F0812DE9F0411E460368D3F8DE
:10B3C0000480804588B00C46154603D04FF0020C2F
:10B3D00001F080FD119B06AF4FF47A715943384656
:10B3E000FBF712FE97E8030004ABD8F800C083E82F
:10B3F0000300002303939DF8403002939DF83C30F6
:10B4000001930E9B0093DCF8000033462A46214648
:10B41000FFF786FE08B0BDE8F0811FB51446069A16
:10B420001AB94FF0020C01F055FD0392002200936F
:10B43000CDE901222346FFF7BEFF04B010BDF0B5F1
:10B4400085B000240C9F0093CDE901441346039777
:10B45000224605460E46FFF7AEFF50B10B9B009308
:10B46000CDE902470A9B0194224631462846FFF760
:10B4700070FF00F0010005B0F0BD10B586B01C46AD
:10B480008DF8172018B94FF0020C01F023FD089B2E
:10B4900002930123CDE900430DF11702FFF7CFFF1F
:10B4A00006B010BD7FB58DF8172018B94FF0020C0B
:10B4B00001F010FD099A0292089ACDE900320123A9
:10B4C0000DF11702FFF7BBFF07B05DF804FB1FB5D6
:10B4D00018B94FF0020C01F0FDFC8DF80D30069B01
:10B4E0008DF80C20009303AA0223FFF796FF05B006
:10B4F0005DF804FB2DE9F04387B00D460F9F8DF8F2
:10B5000017201E4618B94FF0020C01F0E3FC036847
:10B51000D3F804808045F6D1002FF4D00024012315
:10B520004FF002090093CDE9014903970DF117038C
:10B530002246FFF740FF58B10E9B0093CDE902472A
:10B54000CDF804903346224629464046FFF733FFA4
:10B5500000F0010007B0BDE8F083000013B5044619
:10B5600005290BD8DFE801F0030C131F243A002053
:10B5700003F0D7FC1C4B18600023636002B010BDC1
:10B58000194B186802B0BDE8104003F0E6BC164B3A
:10B590004FF0FF31186803F0F8FC0028EED04FF0B0
:10B5A000020C01F097FC104B186803F019FDF4E74A
:10B5B0006C46204601F080FD1B20FBF785FA4FF01A
:10B5C000B042D2F8883023F44053C2F8883094E86F
:10B5D000030002B0BDE8104001F098BD1B2002B08E
:10B5E000BDE81040FBF788BBBCDA012070B505460A
:10B5F0008AB00C4600293BD104260B460A462C484B
:10B6000000963146FCF770F8234622463146294819
:10B610000096FCF769F8CDE90544CDE907440394A9
:10B620000994FFF715F9244A244B0A2888BF1346CA
:10B6300004932B6803A9186807F092F92B681B681C
:10B640005A6842F000725A60DA6822F4FF6222F00F
:10B650000602DA60DA6822F40042DA601A6822F43C
:10B6600000221A601A6822F400321A600AB070BD13
:10B670000129FBD103680E481A680E4C136823F0A9
:10B6800001031360036882889A612368A2889A6123
:10B69000102500231A4600950521FCF725F8002304
:10B6A00000951A4605212046FCF71EF8DEE700BF8C
:10B6B000A8A60120A0A6012073216000BC7D701007
:10B6C00013B5044605290BD8DFE801F0030C131F5E
:10B6D000243A002003F025FC1C4B18600023636013
:10B6E00002B010BD194B186802B0BDE8104003F05D
:10B6F00034BC164B4FF0FF31186803F046FC0028AD
:10B70000EED04FF0020C01F0E5FB104B186803F08F
:10B7100067FCF4E76C46204601F0CEFC1C20FBF7EA
:10B72000D3F94FF0B042D2F8883023F44033C2F856
:10B73000883094E8030002B0BDE8104001F0E6BC98
:10B740001C2002B0BDE81040FBF7D6BAB8DA0120E1
:10B7500008B50C2002F0A2FD054B064A1860002334
:10B760000370BDE808400449042002F02BBD00BF6F
:10B77000C0DA012024A4012000AB0120BFF34F8FC9
:10B780000549064BCA6802F4E0621343CB60BFF37D
:10B790004F8F00BFFDE700BF00ED00E00400FA0599
:10B7A00000F00700C0F10702031D042A28BF04228D
:10B7B000062B4FF0FF3303FA02F38CBF033800204F
:10B7C00021EA030101FA00F07047000070B52D4C2A
:10B7D0002D4EE0680021C0F30220FFF7E1FF0001D9
:10B7E000C0B286F8020304253560E0680021C0F38A
:10B7F0000220FFF7D5FFA840C0B2E077E0680F2134
:10B80000C0F30220FFF7CCFFA840C0B284F82200AA
:10B81000E0680F21C0F30220FFF7C2FFA840C0B2CA
:10B8200086F836034FF480037360184B18495A6842
:10B8300022F080625A605A6822F000625A605A68A8
:10B8400022F080525A605A6822F000525A605A68B8
:10B8500022F080425A605A6822F000425A60636ABD
:10B860000C4A43F480236362636A43F400336362E7
:10B87000636A43F4803363622846BDE8704002F097
:10B88000A1BC00BF00ED00E000E100E000000140CD
:10B890000FAB012024A401201928F8B503D94FF0DB
:10B8A000020C01F017FBCC1CE4B2062C01D90629CE
:10B8B000F5D1C1F10A012C4C2C4E89B2C50042B31E
:10B8C00054F83070002FEAD144F830202C446360E3
:10B8D000BFF35F8F3456002C38DB6509AD0005F1EE
:10B8E000604504F01F0305F5614501269E40204B8D
:10B8F000C5F88061D868C0F30220FFF751FF04F15A
:10B90000604404F561440001C0B284F800032E6075
:10B9100008E03156002906DA254444F830206B60EF
:10B92000BFF35F8FF8BD01F01F074909890001F1DE
:10B93000604101F561410126BE40C1F88060BFF35E
:10B940004F8FBFF36F8FC1F88061E5E7084DE8685E
:10B95000C0F30220FFF724FF04F00F04043C0001B1
:10B960002544C0B22876DDE7C4DA012044B00120C6
:10B9700000ED00E013460A460021FFF78DBF0000EE
:10B98000054A936910B51BB94FF0020C01F0A2FAF9
:10B99000BDE81040D0691847C4DA0120054A136990
:10B9A00010B51BB94FF0020C01F094FABDE810403D
:10B9B00050691847C4DA0120054A136810B51BB94D
:10B9C0004FF0020C01F086FABDE8104050681847AD
:10B9D000C4DA0120054A936810B51BB94FF0020C78
:10B9E00001F078FABDE81040D0681847C4DA0120A9
:10B9F000054A136A10B51BB94FF0020C01F06AFA40
:10BA0000BDE81040506A1847C4DA0120054A936A1D
:10BA100010B51BB94FF0020C01F05CFABDE8104004
:10BA2000D06A1847C4DA0120054A136B10B51BB958
:10BA30004FF0020C01F04EFABDE81040506B184771
:10BA4000C4DA0120054A936B10B51BB94FF0020C04
:10BA500001F040FABDE81040D06B1847C4DA01206D
:10BA6000054A136C10B51BB94FF0020C01F032FA05
:10BA7000BDE81040506C1847C4DA0120054A936CA9
:10BA800010B51BB94FF0020C01F024FABDE81040CC
:10BA9000D06C1847C4DA0120054A136D10B51BB9E4
:10BAA0004FF0020C01F016FABDE81040506D184737
:10BAB000C4DA0120054A936D10B51BB94FF0020C92
:10BAC00001F008FABDE81040D06D1847C4DA012033
:10BAD000054A136E10B51BB94FF0020C01F0FAF9CC
:10BAE000BDE81040506E1847C4DA0120054A936E35
:10BAF00010B51BB94FF0020C01F0ECF9BDE8104095
:10BB0000D06E1847C4DA0120054A136F10B51BB96F
:10BB10004FF0020C01F0DEF9BDE81040506F1847FD
:10BB2000C4DA0120054A936F10B51BB94FF0020C1F
:10BB300001F0D0F9BDE81040D06F1847C4DA0120F9
:10BB4000064AD2F8803010B51BB94FF0020C01F054
:10BB5000C1F9BDE81040D2F884001847C4DA0120CA
:10BB6000064AD2F8883010B51BB94FF0020C01F02C
:10BB7000B1F9BDE81040D2F88C001847C4DA0120B2
:10BB8000064AD2F8A03010B51BB94FF0020C01F0F4
:10BB9000A1F9BDE81040D2F8A4001847C4DA01208A
:10BBA000064AD2F8A83010B51BB94FF0020C01F0CC
:10BBB00091F9BDE81040D2F8AC001847C4DA012072
:10BBC00008B54FF0B043DA69920515D51A6A42F408
:10BBD00000721A62D3F890309B0706D4074A0849CE
:10BBE000022002F0EFFAFFF7C9FDBDE80840054A60
:10BBF0000349022002F0E6BA08BD00BF20AB0120D5
:10BC00000FAB012040AB0120064AD2F8903010B5AE
:10BC10001BB94FF0020C01F05DF9BDE81040D2F8FD
:10BC200094001847C4DA012008B54FF0B043DA6930
:10BC3000D2050AD51A6A054942F480721A620220B6
:10BC4000034A02F0BFFAFFF799FD08BD0FAB0120D0
:10BC500060AB012008B5DFF808C001F03BF900BF78
:10BC600056A1012008B50B4B9A6A120609D55B6BE9
:10BC7000B3F5801F34BFDFF820C0DFF820C001F02B
:10BC800029F99B6ADB064CBFDFF814C0DFF814C04B
:10BC9000F5E700BF00ED00E080AB012099AB01208B
:10BCA000BCAB0120E5AB01201FB5284C284802F0B1
:10BCB00079FAA36A980402D5264802F073FAA36AB7
:10BCC000D90402D5244802F06DFAA36A1A0502D5F8
:10BCD000224802F067FA1D4CA36A5B0502D5204892
:10BCE00002F060FAA36A980502D51E4802F05AFADB
:10BCF000A36AD90502D51C4802F054FA134B9A6A7C
:10BD000012041BD519489C6B02F04CFA184A1068B3
:10BD1000516801AB03C31189927A19809A7001A905
:10BD2000102220460CF03CFF01A802F03BFA11481B
:10BD300002F038FA14B9104802F034FA0F4802F051
:10BD400031FADFF83CC001F0C5F800BF00ED00E0BB
:10BD5000EFAB012005AC01202CAC01204EAC012042
:10BD600073AC01208EAC0120A7AC0120B8AC01203F
:10BD7000EAAC0120F6B20120C2AC01203CB30120A4
:10BD8000E1AC012008B5DFF808C001F0A3F800BF5E
:10BD9000F5AC0120704700F0B5B97047704700F06E
:10BDA00085BF00F05FBF000008B5DFF808C001F0F4
:10BDB00091F800BF00AD0120064AD2F8B03010B5AE
:10BDC0001BB94FF0020C01F085F8BDE81040D2F825
:10BDD000B4001847C4DA0120064AD2F8B83010B5CA
:10BDE0001BB94FF0020C01F075F8BDE81040D2F815
:10BDF000BC001847C4DA0120064AD2F8C03010B59A
:10BE00001BB94FF0020C01F065F8BDE81040D2F804
:10BE1000C4001847C4DA0120064AD2F8C83010B569
:10BE20001BB94FF0020C01F055F8BDE81040D2F8F4
:10BE3000CC001847C4DA012002384C289ABF024BC4
:10BE400053F820000020704710AF012073B5FCF7B5
:10BE500055FE002862D1102002F020FA304BD3F8B2
:10BE60008460D3F88450C5F344650B2D0446C6F3B3
:10BE7000844605D92B4A2C49022002F0A3F9023D41
:10BE80002A4B2B4A2B48A060D01AB0EB862F38BF24
:10BE90009B1A4FEA862134BF5B180023AD02226053
:10BEA0006360254A2049E56004200093204B02F09E
:10BEB00089F9E3680093A368204A1B49042002F033
:10BEC00081F96368ABB9E3680BB31D4A16490420D6
:10BED00002F078F9E268A06800210CF0FBFE194B33
:10BEE000194A11491C60042002B0BDE8704002F0FC
:10BEF00069B9164A0C49042002F064F962682068A6
:10BF000000210CF0E7FEE368002BE8D0DDE72046D7
:10BF100002F0C6F90E4A04490220E5E702B070BDFE
:10BF2000004000585EB0012070B0012000000320E6
:10BF300070090320008003207EB0012090B0012012
:10BF4000A2B0012098DB0120BCB00120AFB00120DD
:10BF5000C4B001202DE9F3410546EFF305841CB17F
:10BF6000DFF854C000F0B6FFDFF85080D8F800606A
:10BF7000CEB16F46384601F09FF8D8F800104A68F5
:10BF8000954214D9CA68954213D8012351F83360F9
:10BF900001EBC3007419521B41F83340426097E82B
:10BFA000030001F0B3F8304602B0BDE8F08123464B
:10BFB000ECE72646F3E700BFD7B0012098DB01206D
:10BFC000044B0522C3F89420BFF34F8FBFF36F8F4C
:10BFD000704700BF00ED00E010B4BFF35F8F094B66
:10BFE000002421F01F01C3F89440C3F89800C3F85F
:10BFF0009C1005495DF8044B41EA4202C3F8A020B9
:10C00000FFF7DEBF00ED00E001000F0008B50021E2
:10C01000FFF7D6FF08461322FFF7DEFF044B054962
:10C020000422C91A0120BDE80840FFF7D5BF00BFB0
:10C03000000400000000032010B4BFF35F8F094B21
:10C04000002421F01F01C3F89440C3F89800C3F8FE
:10C050009C1005495DF8044B41EA4202C3F8A02058
:10C06000FFF7AEBF00ED00E001000F0620F03F013A
:10C07000884288BF403104220220FFF7DDBF000064
:10C0800007B51F20FAF720FD4FF0B043D3F8882002
:10C0900042F44022C3F888209A6F42F000429A6727
:10C0A0009B6F03F000430193019B124BDB68C3F3CA
:10C0B0000223C3F107011A1D042928BF0421062AFF
:10C0C00088BFDA1E4FF0FF3303FA01F398BF002256
:10C0D000DB4393401B01084ADBB282F82F334FF455
:10C0E00000435360054A0649042003B05DF804EBA1
:10C0F00002F068B800ED00E000E100E024A40120B7
:10C10000E5B0012008B505F04DFD012803D0BDE8DC
:10C11000084006F04FBA08BD70B50546FCF7D2F9E5
:10C1200008B930BF70BD72B605F0F2FC00286ED0C1
:10C130003A4BD3F80021002A69D1D3F80431002BFF
:10C1400065D1374BDA6832F0406260D1DA6A354B3C
:10C150001A425CD140F2CE736E1E9E42324C28BF12
:10C160001E46FEF753FF4FF47A72F303B3FBF2F36C
:10C17000226942F00102591E22612269D007FCD5D2
:10C18000A2682A4842F00102A2606269043B0240B0
:10C1900013436361A36903400B43A361236923F045
:10C1A000060343F002032361FCF794F9E269E369B3
:10C1B0001D4992B29BB29A422BD11D490B680333A1
:10C1C00013444FF47A7000FB03F2D40B22F4FF42C5
:10C1D00022F07F02B2FBF0F29B1A0B60124B1A683E
:10C1E0001B68990702D5D30748BFA4191F20FAF787
:10C1F00003FD0A4B4FF40042C3F88421FEF70DFF04
:10C200002CB1A542284628BF204605F0D3F862B6D7
:10C2100088E7C8691A4683B2CDE700BF00E100E0B5
:10C2200000080058F27F0100007C00400000FFFF82
:10C230009CDB012008B51320FAF746FC4FF0B04212
:10C24000D2F8883023F04043C2F8883008BD00009F
:10C2500008B5002002F065FE014B186008BD00BF64
:10C26000A0DB0120006800F00100704750E8003FAB
:10C2700043F0040340E80032002AF7D1704750E849
:10C28000003F23F0040340E80032002AF7D1704752
:10C2900050E8003F43F0080340E80032002AF7D19D
:10C2A000704750E8003F23F0080340E80032002ABE
:10C2B000F7D1704750E8003F23F0100340E8003208
:10C2C000002AF7D1704750E8003F23F0200340E8F0
:10C2D0000032002AF7D1704700F1080353E8003F0D
:10C2E00023F0010300F1080141E80032002AF3D1F4
:10C2F0007047FFF7BBBFFFF7C2BFFFF7C9BFFFF72C
:10C30000D0BF000008B50D4B78B91B6F0C4A9BB22B
:10C3100002EB4012C3F5807353609268934236BFBC
:10C32000C2F58072981AD01808BD012802D1D3F83E
:10C330008430EBE74FF0000C00F0CCFD0000024031
:10C34000A4DB0120254B2DE9F041DC69DA69D60632
:10C3500044BF10221A62DA69C4F3401448BF44F0A3
:10C360000204150744BF08221A621C4B1C4DDA69EF
:10C3700048BF44F01004500744BF04221A62DA692F
:10C3800048BF44F00804910744BF02221A62134BCD
:10C39000DA6948BF44F00404D20744BF01221A629C
:10C3A0002B6A48BF44F020043BB96B6B9BB1EA6B2E
:10C3B000286B2146BDE8F0411847AE6B5EB1012005
:10C3C0002F6BFFF79FFFEB6B024621463846B446C2
:10C3D000BDE8F0416047BDE8F08100BF008000404B
:10C3E000A4DB0120254B2DE9F041DC69DA69D60692
:10C3F00044BF10221A62DA69C4F3401448BF44F003
:10C400000204150744BF08221A621C4B1C4DDA694E
:10C4100048BF44F01004500744BF04221A62DA698E
:10C4200048BF44F00804910744BF02221A62134B2C
:10C43000DA6948BF44F00404D20744BF01221A62FB
:10C440002B6848BF44F020043BB96B699BB1EA6993
:10C4500028692146BDE8F0411847AE695EB1002069
:10C460002F69FFF74FFFEB69024621463846B44675
:10C47000BDE8F0416047BDE8F08100BF00380140F1
:10C48000A4DB012038B51E4D2B6ABBB31D4AD2F880
:10C49000803023F00103C2F88030A2F5C03202F1EF
:10C4A000080353E8003F23F0400302F1080141E88C
:10C4B0000034002CF3D11448FFF7FCFE00F5C03027
:10C4C0000721D0F8803023F00203C0F88030D0F884
:10C4D000803023F00403C0F880304FF000734360D5
:10C4E0004FF08063436006F0BFF8224621460A20E1
:10C4F000FFF740FA286A01F0D3FE2C6238BD00BF76
:10C50000A4DB0120000002400080004038B51B4D34
:10C510002B688BB31A4AD36E23F00103D366A2F5BE
:10C52000504202F6080353E8003F23F0400302F6AE
:10C53000080141E80034002CF3D11248FFF7BAFE9D
:10C5400000F548400621C36E23F00203C366C36EA4
:10C5500023F00403C3664FF4001343604FF48003D9
:10C56000436006F081F8224621460920FFF702FACF
:10C57000286801F095FE2C6038BD00BFA4DB0120C7
:10C5800000000240003801402DE9F0412F4C0578B1
:10C59000074690460E46E9B104EB45140026C4E96F
:10C5A0000401C4E90662002D3DD1FFF7AFFF2A4622
:10C5B00027491820FFF7DEF9264A02F5006353E801
:10C5C000003F43F0200302F5006040E800310029FD
:10C5D000F3D111E095B92048FFF775FE2A461820DF
:10C5E000FFF7C8F9FFF792FF3B7804EB4314C4E967
:10C5F0000475A561C4F81C80BDE8F081012D0FD140
:10C600001648FFF760FE0A461920FFF7B3F9FFF757
:10C6100039FF3B7804EB4314C4E90476A661E9E7EB
:10C6200004EB4514F8E7012DE6D1FFF72BFF324666
:10C630000B491920FFF79EF9084A52E8003F43F0E2
:10C64000200342E800310029F7D1D5E7A4DB01201F
:10C65000E5C3002000300140003801400080004068
:10C6600045C3002008B518B94FF0020C00F032FCA9
:10C670000348A1F5165181428CBF0020012008BD5E
:10C6800080E33C0070B50D46064618B94FF0020C29
:10C6900000F020FC032006F06BFA3378B0FBF5F4D1
:10C6A000002B45D1240C1DD0012C1BD0032C40F2B3
:10C6B0008980052C40F28880072C40F28780092C65
:10C6C00040F286800B2C40F285800F2C40F2848053
:10C6D0001F2C40F283803F2C40F28280802C34BF9C
:10C6E0000A240B244748FFF7BDFD00B3454EF3690C
:10C6F0005A06FCD5336823F001033360032006F0AB
:10C7000037FAF36A23F00F032343F36255B13E4B2C
:10C7100053F82410B0FBF1F101EB5501B1FBF5F139
:10C7200089B2F160374A136843F00103136070BDAA
:10C73000012BFCD1240B15D0012C13D0032C51D983
:10C74000052C51D9072C51D9092C51D90B2C51D971
:10C750000F2C51D91F2C51D93F2C51D9802C34BFCB
:10C760000A240B242948FFF77DFD0028DFD0274E3F
:10C77000F3695B06FCD5336823F0010333604FF4A3
:10C78000406006F025FAF36A23F00F032343F362B7
:10C79000B5B11F4B33F8142000231946F3F714FDED
:10C7A000090241EA10616B080002C0182A464FF0E6
:10C7B000000341F10001F3F707FDC0F31300F0603F
:10C7C000124AB0E702248DE703248BE7042489E7AB
:10C7D000052487E7062485E7072483E7082481E703
:10C7E00009247FE70224BDE70324BBE70424B9E75B
:10C7F0000524B7E70624B5E70724B3E70824B1E723
:10C800000924AFE70038014030B10120008000402A
:10C8100060B10120F0B50E468BB0054618B94FF057
:10C82000020C00F057FB0478012C45D12120FAF7C7
:10C830004BF94FF0B0420827D2F88830424823F431
:10C840004063C2F888300323224619460097FAF75E
:10C850004BFF032322463D4C3D4800971946FAF70B
:10C8600043FF00230C220DEB07012046CDE90236E1
:10C87000CDE90433CDE90723069306F0A7F8236832
:10C8800043F000532360236843F001032360E3690E
:10C890009802FCD5E3695902F9D528463146FFF7DD
:10C8A000F1FE2A48FFF718FD2A782A4B03EB4213C2
:10C8B00001221A730BB0F0BD002CFBD12620FAF731
:10C8C00003F94FF0B0420727D2F88830224823F00E
:10C8D0000303C2F888300323194601220097FAF7B0
:10C8E00003FF032319461D4800970122FAF7FCFEB7
:10C8F0000C23CDE90734CDE90246CDE90444069482
:10C900000994174C02A9204606F0A4FB236843F0C3
:10C9100000532360636823F490436360A36823F0AB
:10C920002A03A360236843F001032360E3699A02AA
:10C93000FCD5E3695B02F9D528463146FFF7A2FE34
:10C940000748FFF7C9FCAFE708A7012000800040B7
:10C9500000A70120A4DB0120B8A60120B0A6012079
:10C960000038014010B5044618B94FF0020C00F031
:10C97000B1FA00221146FFF707FE237823BB2620D9
:10C98000FAF736FA10B12620FAF7B6F91F4B184617
:10C99000FFF768FC18B11A6822F001021A60FFF76D
:10C9A000B5FD00231A461A480521FBF7F9F90023C3
:10C9B00018481A460521FBF7F3F92278164B03EBCA
:10C9C000421300221A7310BD012B1CD12120FAF74B
:10C9D0000FFA10B12120FAF78FF9104B1846FFF724
:10C9E00041FC18B11A6822F001021A60FFF74AFDF3
:10C9F00000231A460A480521FBF7D2F9002309480B
:10CA00001A460521D7E74FF0000CB0E70038014087
:10CA1000B8A60120B0A60120A4DB012000800040C0
:10CA200008A7012000A7012008B518B94FF0020C93
:10CA300000F050FA0278012A0ED10B4B1846FFF78E
:10CA400011FC18B1196821F001011960074B03EBC3
:10CA5000421300221A7308BD002AF7D1044B18466E
:10CA6000FFF700FCEDE700BF00800040A4DB0120E1
:10CA70000038014008B518B94FF0020C00F02AFA4E
:10CA800002780A4B03EB42115001097B49B9012A94
:10CA900008D107490A6842F001020A6003440122F2
:10CAA0001A7308BD002AF9D10249F3E7A4DB01207B
:10CAB000008000400038014008B518B94FF0020C62
:10CAC00000F008FA03787BB91048FFF7CBFB18B1E8
:10CAD0000E4B0A44914200D108BDD8690006FCD52E
:10CAE00011F8010B9862F5E7012BF5D10848FFF723
:10CAF000B9FB0028F0D0064B0A449142ECD0D8692B
:10CB00000006FCD511F8010B9862F6E700380140E9
:10CB10000080004008B518B94FF0020C00F0DAF9B7
:10CB2000037843B90A48FFF79DFB18B1084BDA694F
:10CB30005206FCD508BD012BFCD10648FFF792FB3D
:10CB40000028F7D0034AD3695B06FCD5F2E700BFA3
:10CB5000003801400080004073B50C46054618B906
:10CB60004FF0020C00F0B6F90378012BF8D8012938
:10CB7000F6D85A0101EBC3030B4E0433B05856F8F4
:10CB8000233098472B7804EBC30406EB431302349D
:10CB90001B790093032356F8240001221946FAF763
:10CBA000A3FD02B070BD00BFF0B0012070B50C460F
:10CBB000054618B94FF0020C00F08CF90378012BF0
:10CBC000F8D80129F6D85A0101EBC303094E063300
:10CBD000B05856F8233098472B7804EBC30402343E
:10CBE000002356F824001A46BDE870400521FBF7E3
:10CBF000D7B800BFF0B0012008B518B94FF0020C4B
:10CC000000F068F90378012BF8D80129F6D801EB78
:10CC1000C3010231014B53F8210008BDF0B00120DF
:10CC2000034A536843F40033536006F0CDBC00BFA1
:10CC3000000C005800F00700C0F10702031D042A91
:10CC400028BF0422062B4FF0FF3303FA02F36FEAEA
:10CC500003038CBF0338002003F0060303FA00F03F
:10CC60007047000010B5104CE3699A0707D5636858
:10CC70009B0704D406F0B4FC0223A36010BDE36953
:10CC8000D80706D56368D90703D406F055FC0123FD
:10CC9000F3E7054CE3691A07F0D563681B07EDD489
:10CCA00006F0E4FC0823E8E7000C0058184BDA68AB
:10CCB000900710B506D45A68910303D4BDE810401C
:10CCC000FFF7AEBFDA68920702D45B689C03F5D524
:10CCD0000F4CE36818070DD4636819030AD463681E
:10CCE00043F4002363600B4B1B6898474FF4002309
:10CCF000A36010BDE3689A06FBD463689B02F8D476
:10CD0000636843F400136360BDE8104006F02ABC7A
:10CD1000000C0058E4DB0120094BD3F8D42042F486
:10CD20000072C3F8D4201A6A42F400721A6240BF3B
:10CD300020BF044AD36843F40043D360704700BF68
:10CD40000008005800040058124B13491A6842F0BA
:10CD5000010210B51A601A68104C42F480321A6051
:10CD6000E068C0F30220FFF765FF0001C0B281F860
:10CD70002C034FF480534B60E068C0F30220FFF7B0
:10CD800059FF0001C0B281F82D034FF400534B60EE
:10CD900010BD00BF000C005800E100E000ED00E015
:10CDA000024A536823F0020353607047000C005896
:10CDB00037B50D4D0D494FF400336C46AB6020463E
:10CDC000FAF722F9EB689B0709D594E80300FAF714
:10CDD00037F90028F6D0DFF818C000F07BF803B070
:10CDE000BDE83040FFF71CBF000C0058408AF70137
:10CDF00078B1012010B5084CE3681B0706D5074B36
:10CE00001860636823F40023636010BD80474FF40B
:10CE10000023A360F9E700BF000C0058E4DB012009
:10CE20001FB5094A04465168106801AB03C39068F6
:10CE300018600A2201A920460BF0B2FE01A801F0F9
:10CE4000B1F904B010BD00BF94B101201FB50A4A6A
:10CE500004465168106801AB03C31189927A1980A6
:10CE60009A7001A9102220460BF09AFE01A801F049
:10CE700099F904B010BD00BFEAAC012010B598B11B
:10CE8000EFF30580C0B2FEF7D7FF04460D4801F06E
:10CE900089F91CB1204601F085F903E0EFF3058024
:10CEA000FFF7BEFF084804E004F076FA044620B914
:10CEB0000648BDE8104001F075B9054801F072F967
:10CEC000E8E700BFA0B10120ABB10120A6B101206D
:10CED000AEB1012080B588B072B6DFF8D4B1CBF81E
:10CEE00000C0DFF8D0C18CE8FF0FCCF830E0EFF3E2
:10CEF0000586554C2368351E18BF0125002B6ED1C1
:10CF0000524B23605248534FDFF89CA1DFF89C91AD
:10CF100001F048F92846FFF7B1FF206801F042F917
:10CF20000025B846504601F03DF92846FFF778FF46
:10CF3000484601F037F9013557F8040BFFF786FF33
:10CF40000C2DEFD1444801F02DF9D8F83000FFF74F
:10CF50007DFF46B9414801F025F9304604F00CFE4A
:10CF60008000FFF75DFF3E4801F01CF93D4B3E4855
:10CF7000C01AFFF755FF3D4801F014F901F086FE95
:10CF8000FFF74EFF01A801F087FE394801F00AF9CA
:10CF90000598FFF745FFF9F701FD054638BB354811
:10CFA00001F000F9344BD3F8F030DB0732D53348C9
:10CFB00001F0F8F8324801F0F5F8FEF749F84FF0C3
:10CFC000010028B9DFF8ECC09CE8FF0F30BFFDE797
:10CFD000DFF8E0C09CE8FF0F00BE30BFFCE7012B8C
:10CFE00001D1284B8DE7022B8CD1274B89E72748AD
:10CFF00001F0D8F86868FFF729FF254801F0D2F85A
:10D00000A868FFF723FF234801F0CCF8E868FFF792
:10D010001DFFC7E72068B0F1006F09D31E4BB3F8BE
:10D02000E0201E4B03EA822303F10063834200D217
:10D030001B48FBF7EFFE1B4801F0B4F8104801F065
:10D04000B1F8FBF7B3FA00BF6C090320B0B10120BF
:10D05000E1B1012038090320F7B1012000B201201D
:10D0600015B20120C8E7012000FC02202AB20120ED
:10D070003FB2012054B2012000ED00E098B201203F
:10D08000CAB20120BCB10120CFB101206AB2012097
:10D0900088B2012090B201200075FF1F00FC1F0024
:10D0A000D1B20120E3B20120F2B10120FCB1012094
:10D0B0006C0903203809032038B50546EFF30583D2
:10D0C00013B9EFF31084A4B104F06CFD831E584231
:10D0D0005841EFF311844FF0500383F31188BFF3ED
:10D0E0006F8FBFF34F8F012368712C602B7128461F
:10D0F00038BD04F057FD022804D105F00BFA234691
:10D100000120F1E772B623462046EDE782B002AB7C
:10D1100003E903009DF804301BB180F3118802B0CD
:10D1200070479DF8053013B102B005F003BA62B63E
:10D13000F5E710B5EFF305831BB14FF0020CFFF7D5
:10D14000C9FE282001F0AAF8044603F023FA84421D
:10D15000F3D110BD10B50446EFF305831BB14FF0BA
:10D16000020CFFF7B7FE036A002BF8D1436A002BCD
:10D17000F5D103F0A7FA2046BDE8104001F090B8C1
:10D18000F0B50C4685B0064618B94FF0020CFFF713
:10D19000A1FEB1F1807FF8D202AF3846FFF78CFFD5
:10D1A000EFF3058313B3002301AA21463046019310
:10D1B00003F09EFA00B3019B4BB14FF0E0234FF018
:10D1C0008052C3F8042DBFF34F8FBFF36F8F2546F6
:10D1D000254204D0012106F1200000F0ABFD97E8C4
:10D1E0000300FFF793FF284605B0F0BD2146304607
:10D1F00003F038FA0546EBE76FF00205E8E72DE9A2
:10D20000F34106460D461F46EFF305831BB14FF071
:10D21000020CFFF75FFE0028F9D0B1F1807FF6D253
:10D2200002F0010882F00202C2F340020097434676
:10D2300003F0BCF9044605EA0002B8F1000F0BD078
:10D24000AA420BD0002F14BF6FF001046FF002044C
:10D25000204602B0BDE8F081002AF3D0002CF7DBB5
:10D26000022106F1200000F065FDF1E708B5342049
:10D2700001F014F808B9FDF745FB00228261026055
:10D2800008BD1FB50A46EFF305830068BBB1002354
:10D2900003A9CDE9003103930221012304F042FEEA
:10D2A000039B4BB14FF0E0234FF08052C3F8042DA5
:10D2B000BFF34F8FBFF36F8F05B05DF804FB009392
:10D2C0000221012304F0B8FDF6E7F0B5034600247F
:10D2D00008460568002D01DC1C60F0BD06460021F3
:10D2E00056F8047F974202D20131A942F8D10134A5
:10D2F00000EB810143F82400C869EAE730B5A3B028
:10D300000A4601466846FFF7E0FF036804465942B3
:10D3100000238B4201DB002007E054F8045FAA429F
:10D32000F9D304D1073300EB830023B030BD0133C0
:10D33000EFE773B504466E463046FFF7BDFEE3697E
:10D34000256853B9A36943B9AB6904F1180205F123
:10D350001401AA61E361A1611A6096E80300FFF776
:10D36000D5FE0121284602B0BDE87040FFF789BF15
:10D370002DE9F04FA9B01C46DDE932B389461746C6
:10D380000193804618B94FF0020CFFF7A3FD056822
:10D3900002F0F0FD8542F6D1B9F1000FF3D0BBF1F8
:10D3A000000FF0D004A8FFF787FED8F80CA049467C
:10D3B0005046FFF7A3FF06460028E4D1202000F0E6
:10D3C0006DFF019B4460C0E902974361C0E90666B6
:10D3D000C0F80080C0F810B005464A46514606A87D
:10D3E000FFF773FF0768002F0446B8BF7F4203466C
:10D3F000B74255D104EB8606D8F81020C6F8049041
:10D40000F5612368013B236001320433C8F8102022
:10D4100028DAFFF72BFF0822064604F1100104303A
:10D420000BF074FC082204F1280106F11C000BF03B
:10D430006DFC6FF0020323606FF001033360A3699A
:10D44000B36104F10C0AA661069B002B2FD1FFF7F4
:10D450000DFF01230360DAF800304360C0E907469E
:10D46000C8F80C00EB6848461B6898476B6803F0E7
:10D47000030101297CD10268002A84D105605B0781
:10D4800007D4EB68A8685B68984710B12846FFF797
:10D4900050FFDDE9040129B0BDE8F04FFFF736BECB
:10D4A00053F8042F914572D36DD00136A0E7013BAC
:10D4B00028AA069302EB830353F8847CDAF8003041
:10D4C00002933946002351F8182B82EAE27AAAEB3C
:10D4D000E27A0AF1010201930133934220D051F81C
:10D4E000040F8442F7D10393019B03F1020B4FEA2F
:10D4F0008B0BAAEB030AABF104014FEA8A02394411
:10D5000007EB0B000BF002FC0AF101020BF1140116
:10D510000BF118009200394438440BF0F7FB039BE1
:10D52000019A029907EB820207EB83035160396885
:10D53000013104293960D461DE6193DDFFF796FE85
:10D540000822064607F1100104300BF0DFFB0C2225
:10D5500007F1280106F11C000BF0D8FB02233B6009
:10D560003360BB69B36107F10C0ABE613C466BE7EF
:10D57000022905D14268002A7FF405AF45607EE7A5
:10D580004FF0000C01E704EB8606F5616AE706F14F
:10D59000020A4FEA8A0ABF1BBF00AAF104013A46F9
:10D5A000214404EB0A000BF0B1FB0AF114010AF16B
:10D5B00018003A46214420440BF0A8FB1AE738B57E
:10D5C000502000F06BFE044602F0D4FC20600546BB
:10D5D000FFF74CFE04F11402C4E9052204F11C0219
:10D5E0000023C4E9072204F12402C4E90922C4E9A2
:10D5F0000B33E06023610221284604F01FFD4FF049
:10D60000FF320221284604F031FD204638BD0000DB
:10D610002DE9F0470446A4B018B94FF0020CFFF70B
:10D6200059FC056802F0A6FC8542F6D12379002B4F
:10D63000F3D1204600F030FCE26904F11C039A4269
:10D64000EBD1626904F114039A42E6D194F8445094
:10D65000002DE2D10DF10808E3684246C146196881
:10D66000002929DC24AA02EB8502002742F8843C29
:10D6700058F8046F2EBB0137BD42F9DAE068266125
:10D6800000F00EFE216BE66019BBC4E90B114B469E
:10D6900000911F220220029104F078FB012805D19D
:10D6A000029B0F4A0F49052000F08CFD204624B054
:10D6B000BDE8F04700F0F4BD42F8043F0135DB69F6
:10D6C000CDE7D6F818A017B1304600F0E9FD564670
:10D6D000D0E70D68084600F0E3FD2946D4E700BF17
:10D6E000F9B201201FB3012008B518B94FF0020CA0
:10D6F000FFF7F0FBBDE808400221FFF7C2BD08B507
:10D7000020B91046FFF7F0FF012008BD0020FCE71C
:10D7100013B5049CCDE900341346024AFFF728FEF6
:10D7200002B010BDD0B301202DE9F04FADB080465E
:10D73000019118B94FF0020CFFF7CCFB046802F01E
:10D7400019FC8442F6D108A8FFF7B6FCD8F80C40C3
:10D7500001992046FFF7D2FD0028EBD00668019A18
:10D7600021460AA8FFF7B1FD0568002D0446B8BFA1
:10D770006D42024600239D42DCD052F8041F019FF7
:10D780008F4203F1010040F08D80013D8700ED1ACA
:10D79000AD00391D2A462144E0190BF0B7FA07F114
:10D7A0001C0107F118002A46214420440BF0AEFA70
:10D7B0002368D8F810200133002B2360B8BF5B42E8
:10D7C000013A012BC8F8102000F3A6800A9B002B19
:10D7D00000F0A28001200A9B2CAA013B02930A932D
:10D7E00002EB8303214653F8844C234653F8182B4D
:10D7F00082EAE275A5EBE2750395002553F8047FF4
:10D80000B94251D0039F0135AF42F7DA4FF0FF35EF
:10D8100004EB85031F6AD7F800C08CEAEC72A2EB18
:10D82000EC72022A049240F3C480D3F81C90079350
:10D83000D9F8002082EAE27AAAEBE27A0AF1010B37
:10D8400009EB8B030693049B013B02939A0007F1BB
:10D850001C030393BCF1000F07F1200307F1040040
:10D8600007F10801059300F302817C6849F82B4019
:10D8700002920BF04BFA069BF9699961029A05999D
:10D8800003980BF043FA049BC3F101023A606FEA7C
:10D890000A02C9F8002009EB8A09079BD9F804207D
:10D8A0005A6039E0034666E7002D78D004EB850A1C
:10D8B000DAF81890D9F80070002FB8BF7F42022F15
:10D8C00072DDDAF81C40214604F1080051F8045BCF
:10D8D000002DB8BF6D42AA0002920BF017FAD9F8DA
:10D8E0000030029A002B04F1200004F11C0109EB26
:10D8F000870B40DC0BF00AFA59F827306360DBF83D
:10D900001830E361ED43C7F101032560C9F8003029
:10D910005BF8043CCAF80030002E3FF40BAF3368CC
:10D9200043457FF407AFF36801981B689847736815
:10D9300003F0030CBCF1010F40F0CE800368B3424A
:10D940007FF4F8AE00230360D6E9062303B922B1C1
:10D9500053601A600023C6E90633D8F80830B34292
:10D9600040F0C78000233360DDE908012DB0BDE839
:10D97000F04FFFF7CBBB04320BF0C8F9DAF80030F8
:10D98000636009EB87030135DB69E3617B1E25607A
:10D99000C9F8003059F82730CAF80030BCE7002A2F
:10D9A0007FF436AF013D04E0039B9D42FFF630AFAC
:10D9B000F8D004EB850BDBE9079A5146D9F80070E3
:10D9C00051F8043B83EAE372A2EBE372002F049266
:10D9D000B8BF7F429200002863D0781C4FEA800BCA
:10D9E00009EB800005920BF091F90BF11800059AF4
:10D9F0000AF11C0148440BF089F9049B7F42FF1A8D
:10DA0000DAF81830C9F80070C9F81830504600F03C
:10DA100047FC039B6F1C5D1BBF00013DAD00391D22
:10DA20002A462144E0190BF071F907F1200107F1B2
:10DA30001C002A46214420440BF068F92368013B6E
:10DA400083EAE372A2EBE372012A23603FF764AF3B
:10DA5000029A0020002A7FF4BEAE002B7FF45CAF58
:10DA6000E369C8F80C30204600F01AFC54E7013591
:10DA7000049254F8253049F82B307B6844F825305F
:10DA80000BF044F909EB8A03049AF96919620398C7
:10DA9000059904320BF03AF9029B3B60C9F800B0DB
:10DAA0003AE7B81C830009EB8000CDE905230BF0B1
:10DAB0002DF9069B059A03F1180004320AF11C01A6
:10DAC00048440BF023F909EB8703DBF804205A6084
:10DAD000049B01371F4493E7BCF1020F06D1436852
:10DAE000B3427FF429AE002343602DE74FF0000CD2
:10DAF00022E6304600F0D4FB36E700002DE9F04F77
:10DB0000044687B018B94FF0020CFFF7E3F9056837
:10DB100002F030FA8542F6D102F02EFA074602F002
:10DB2000E0F920B970492246384602F029FA204629
:10DB300000F01BF9012323714FF00008204600F08C
:10DB4000A0F90546204600F02BF903AB854294BFAF
:10DB5000009500901F2200210220CDF80C8004F0D7
:10DB600015F9012840F0B280039A12F0020B10D090
:10DB700084F80480384602F0B4F95B4B834240F0ED
:10DB8000AF8000221146384607B0BDE8F04F02F0E2
:10DB9000F7B912F001066BD0A14604AE3046FFF78C
:10DBA0008BFA59F8145F4D450FD196E80300FFF743
:10DBB000ADFA039A32F00102C0D0CDF8008020689F
:10DBC0000123022104F038F9B8E7AA4696E80300D9
:10DBD0005AF818396361C3F80490C5E900BBFFF730
:10DBE00095FA55F8143C180704D555F8101C204632
:10DBF000FFF79AFD55E9051011F0040BC4F808A0D1
:10DC00000BD055E902319847C4F8088055F8183C04
:10DC1000FBB9504600F044FB1BE055F80C3C5B6838
:10DC2000984708B9A060F1E755E9023155F8100CA2
:10DC3000984755F80C3C55E905105B68984755F82E
:10DC4000183CC4F808B0002BE3D010B15046FFF7E1
:10DC500070FB3046FFF730FA63699945A5D0CDF8DF
:10DC60000080012320681A46022104F0E5F89CE7B1
:10DC7000510709D5204600F00FF9039A32F004024B
:10DC80003FF45CAF00969AE7130712D5236B002B85
:10DC90003FF454AFD3E901209047256B2B682363F1
:10DCA000284600F0FDFAE36A9D4208BF0023E362C4
:10DCB000ECE712F0100C3FF428AF94F84430002B3E
:10DCC0003FF43CAFD4E91230984737E7204600F0E4
:10DCD0001CF900287FF432AF204600F04EF82DE703
:10DCE00007B0BDE8F08F00BFFFD600201FB5EFF3EF
:10DCF0000583C3B1002303AACDE9003203931022A8
:10DD00000123022104F00EF9039B4BB14FF0E023F5
:10DD10004FF08052C3F8042DBFF34F8FBFF36F8FC6
:10DD200005B05DF804FB009310220123022104F0EA
:10DD300083F8F5E773B56E460C4605463046FFF7A7
:10DD4000BBF9E3070AD5286808B1FFF7F2FA96E8AD
:10DD5000030002B0BDE87040FFF7D8B914F0020C20
:10DD600001D06868F0E7FFF7B5F8C36B10B504465B
:10DD700013B103F0FFFAA06310BDC36B10B50446E6
:10DD80006BB103F0F7FAD4E90D32801A834206D85A
:10DD90001344A363D4E90F30BDE81040184710BD09
:10DDA000C36B10B504464BB103F0E4FAD4E90D326D
:10DDB000811A8B4205D91344181A10BD4FF0FF3059
:10DDC000FBE70020F9E72DE9F0410D4616461F4616
:10DDD000044618B94FF0020CFFF77CF8D0F8008029
:10DDE00002F0C8F88045F5D10EB1002DF2D0C4E99B
:10DDF0000F67656303F0BEFAA063BDE8F08110B55C
:10DE0000044603F0B7FAD4E90332811A8B4286BF85
:10DE10009B18181A002010BD2DE9F3476F460546E0
:10DE20000E463846FFF748F93046FFF7E8FFEB6942
:10DE30002C6AD3F804A0D4F804908046A24510D1EF
:10DE4000002497E80300FFF761F906F1180394B185
:10DE5000A26944F8183FC6E90624536002B0BDE841
:10DE6000F087183C2046FFF7CAFF4045E9D94C46E9
:10DE7000D9F80490E2E7EA6945F81C3FC6E90625AF
:10DE8000EBE750F81C3F834203D0A3F11800FFF7E3
:10DE9000B6BF4FF0FF3070472DE9F041054600F165
:10DEA000240800266C6A444501D1BDE8F08127466C
:10DEB00057F820396B62C3F80480637A2BB154E9B8
:10DEC000022353601A6044E90266237A012B0ED1C3
:10DED000637254F80C3C44F8143C03F04BFA26727D
:10DEE00044F8100C39462846FFF796FFDAE7022B74
:10DEF00001D12681D6E7032B03D1384600F0D0F9B3
:10DF0000D0E74FF0000CFEF7E5FF38B503460546B5
:10DF100053F81C4F9C4201D1002038BD03F02AFA6F
:10DF200054F8083CC01A54F80C3C8342F4D8D4E9A5
:10DF3000002353601A600023C4E90033A37CA3B11B
:10DF400003F018FA54E90312831AB3FBF1F301FB4F
:10DF5000032244F8082CA4F118012846FFF75CFFBF
:10DF600054E9053098470120D7E76374F8E710B506
:10DF7000EFF305844CB903F015FE012807D0EFF349
:10DF80001080003818BF012010BD0120FCE720469A
:10DF9000FAE708B503F006FE831E5842584108BD53
:10DFA0004FF47A70704738B50446FFF7E0FF18B1B8
:10DFB0004FF0020CFEF78EFF01F0DCFF054603F088
:10DFC000F3F98542F4D054B94FF0E0234FF080527A
:10DFD000C3F8042DBFF34F8FBFF36F8F38BD2046BA
:10DFE000BDE8384003F03EBB08B5FFF7C0FF18B1ED
:10DFF000BDE8084003F0C4B9BDE8084003F0BAB971
:10E0000010B50446EFF305837BB9EFF3108363B9D2
:10E0100003F0C8FD022808D1631E043398BF013401
:10E020002046BDE81040FFF7BEBF34B14FF47A7010
:10E030006043BDE81040F8F7BFBF10BDF8F7BCBFA4
:10E0400010B5054C04230120237000F06AFF002363
:10E050006060A36010BD00BFE8DB01202DE9F04344
:10E0600085B06C4684E8030018B94FF0020CFEF747
:10E0700031FF1A4D4FF0FF31686800F086FF00282D
:10E08000F3D1D5F808800127464666B106F10409A8
:10E0900000E007460822214648460AF0C8FD00284D
:10E0A000F7D03668F1E797B194E8030002AE86E84E
:10E0B00003000C2000F0F2F808B9FCF723FCC0F8CC
:10E0C0000080031DA86096E8030083E803006868E9
:10E0D00000F086FF384605B0BDE8F083E8DB01209C
:10E0E0002DE9F743174E6F4687E8030070684FF03D
:10E0F000FF3100F04AFF044618B14FF0020CFEF762
:10E10000E9FEB568814635B9706800F069FF484698
:10E1100003B0BDE8F08308223946281D0AF087FDC8
:10E12000D5F8008040B954B9C6F80880284600F0F8
:10E13000B7F825464FF001092C464546E3E7C4F8F9
:10E140000080F3E7E8DB0120F8B506460F46EFF361
:10E150000583134D68685BB9EFF3108343B94FF043
:10E16000FF3100F012FF30B14FF0020CFEF7B2FEAB
:10E1700000F05EFF98B9AC6854B9EFF3058373B94A
:10E18000EFF310835BB96868BDE8F84000F028BF82
:10E19000D4E901323946304698472468ECE7F8BDA7
:10E1A000E8DB012010B5044618B94FF0020CFEF769
:10E1B00091FEF2F78BF901462046BDE81040FFF7CB
:10E1C000C3BF00000CB42DE9FF41254E33788342D4
:10E1D00004460F463FD37568FFF7DBFE41422846F1
:10E1E00000F0D3FE002836D101F072FBA21ED2B29D
:10E1F000042A97BF1B4BDFF8808053F822401A4B4C
:10E200008CBF1A4C53F822800546FFF7EDFE2346DB
:10E2100002461749CDE90087284601F0E6FB28466B
:10E2200001F0B3FBFFF7BEFF284601F09FFB0BAAEE
:10E230000A990392284601F0E5FB284601F0A5FB68
:10E24000FFF7B0FF284601F088FB0A48FFF7AAFF56
:10E25000706800F0C5FE04B0BDE8F04102B0704740
:10E26000E8DB0120A4B3012090B301203CB30120DE
:10E270002DB30120F6B20120EEB80120062808B522
:10E2800003D94FF0020CFEF725FE034B002808BF10
:10E290000420187008BD00BFE8DB012000F0A2BA1E
:10E2A00000F01EBC70B505460C4621B900F018FC04
:10E2B0002646304670BD084600F094FA0646002D0A
:10E2C000F7D0224629460AF075FD284600F008FCE2
:10E2D000EFE7830070B5044603D14FF0020CFEF760
:10E2E000F9FDF2F7F3F8451C284600F07BFA2A46C0
:10E2F000064621460AF05EFD304670BD10B5044664
:10E30000FDF728FE20B92046BDE8104000F06ABAAB
:10E3100010BD10B50346002200681A6000B910BD98
:10E320000468FFF7BDFF2046F8E738B5044600252E
:10E330002368A0689D4207D300252560FFF7B0FF42
:10E340000123C4E9013538BD00EB8500FFF7E1FF8B
:10E350000135EDE703688B4270B504460D4613D8CE
:10E3600011D24368994219D9B1F1804F0ED3FCF70D
:10E37000C9FAA06800EB8600FFF7CBFF01362368DF
:10E38000B342F6D8256070BD0E46F8E78068890074
:10E39000FFF788FF0028EAD0C4E901502368002273
:10E3A0009D42EFD9A16841F823200133F8E700002E
:10E3B0002DE9F8431E4DEB68834204461FD812D264
:10E3C0002B69984227D9B0F1804F1CD3FCF79AFAF9
:10E3D0006B6953F8267043F8268037B90136EB682D
:10E3E0009E42F5D3EC60BDE8F883384650F8149BA4
:10E3F000FFF79BFF3846FFF753FF4F46EDE7064612
:10E400004FF00008EBE781006869FFF74BFF002839
:10E41000DCD0C5E90440EB686869E21A92009C42CE
:10E4200038BF0022002100EB83000AF053FCD9E73B
:10E43000F8DB012038B505460C460CB92C6038BD18
:10E440000C20FFF72BFF286008B9FCF75BFA636824
:10E450004360A368836024680546EEE788422DE99F
:10E46000F84304460E4620D00D6843689D420CD9FF
:10E47000B5F1804F01D3FCF745FA8068A900FFF79A
:10E4800011FF0028F7D0C4E90150256833689D4288
:10E4900028BF1D460027AF4209D13368AB4219D8C7
:10E4A0002368AB4220D833682360BDE8F883A068B6
:10E4B000D6F8089000EB870809EB8703984507D04A
:10E4C0004046FFF726FF59F827104046FFF7B2FFF6
:10E4D0000137E0E7B368A06853F8251000EB85002A
:10E4E000FFF7A8FF0135D8E7A06800EB8500FFF72C
:10E4F00010FF0135D4E7000003460948C16883EAEC
:10E50000C32201390A40416951F8220000B970471D
:10E510004268934201D1083070470068F6E700BFB7
:10E52000F8DB012038B5064C00251020C4E903555E
:10E5300025606561FFF73CFF0A236560A36038BD75
:10E54000F8DB01202DE9F047514E86B0074602F076
:10E5500009FF3368384601333360FFF7CDFF0446C7
:10E5600018B14FF0020CFEF7B5FCCDE90300494DA0
:10E5700000900590102103A8FFF7ECFE0A230293F8
:10E58000EB68D5F81490019487EAC728013B08EAA4
:10E59000030859F828A054462CB92020FFF77EFE26
:10E5A000E0B9FCF7AFF963689F4215D1009BA36007
:10E5B00000220A23C4E9032303A904F11400FFF78E
:10E5C0004DFF03A8FFF7B1FE3368013B336006B08F
:10E5D000BDE8F04702F0B4BF2468DDE7009BC0F857
:10E5E00000A049F82800C0E902340A23C0E9043435
:10E5F000C0E90644476003A91430FFF72FFF2B68DA
:10E60000AA68013393422B60DBD9EF68B7EB470F61
:10E610004FEA4704C5D22046FFF7CAFE68694FEAB1
:10E62000870CA0F1040E00EB870104F1FF3A00EB28
:10E63000C700884209D1102C8CBFA40800240323F2
:10E640006C60BCFBF3F3AB60BBE75EF8043F0BB957
:10E650000431EEE74FF000085A6882EAC22202EA6B
:10E660000A02974299461B680FD8B8F1000F09D1EA
:10E67000CEF800300A68C9F80020C1F80090002BDD
:10E68000EAD1E5E7C8F80030F4E7C846F7E700BF8D
:10E69000F4DB0120F8DB01202DE9F041324F334E4D
:10E6A000054602F05FFE3B68F26870690133013A8B
:10E6B0003B6085EAC52303EA020C002250F82C4097
:10E6C0002CB9D6E900239A422CD2254614E0D4E98D
:10E6D00000139D422CD14ABB40F82C1004F11400C9
:10E6E000FFF723FE2046FFF7DBFD33687268013B2E
:10E6F0009342336031D20125F468D6F814C0600823
:10E70000614603469C4216D8FFF752FE0322212C95
:10E7100024F001038CBFD4400024B3FBF2F37460F7
:10E72000B360D5B94FF0020CFEF7D4FB1160D5E70A
:10E7300022460C46C4E75CF82380B8F1000F06D0EF
:10E740000A688E4632B9CEF800804CF82320013397
:10E750000431D7E796461268F4E73B68013B3B601B
:10E76000BDE8F04102F0ECBEF4DB0120F8DB012053
:10E77000F8B51B4D044602F0F5FD2B682046013329
:10E780002B60FFF7B9FE40B341690B680022ABB1C3
:10E7900000245E6846B156F8047C002F04DA56F86F
:10E7A000086C0EB99E6834441B68002BF1D1C36815
:10E7B00001329A420AD251F82230F6E7C468013297
:10E7C000A24202D251F82230E1E71C462B68013BFD
:10E7D0002B6002F0B5FE2046F8BD4FF0FF34F5E7A0
:10E7E000F4DB01202DE9F04F074685B0EFF3058AF1
:10E7F000BAF1000F03D0DFF8E4C2FEF76BFB431E53
:10E800000A33AA4E41D902F0ADFD336843B101F09D
:10E81000B1FB002840F0B38002F092FEA44B47E029
:10E820000024A44BA44DD3F80080A44A18F0070F8D
:10E83000A5EB020506D008F1070222F007024544C5
:10E84000AD1A9046DFF88892484601F077FED9F875
:10E8500000209B4B82EA080119600021596008EBF7
:10E860000503083B23F00703C3E900213360A3EB52
:10E8700008015A40934BC8F804101960924BC8F82D
:10E8800000201960FFF74EFE33E010F0070300F19F
:10E8900008040FD102F066FD3368002BC1D0002CB4
:10E8A0002ADA01F067FB00286AD102F049FE874BA3
:10E8B0009C46A2E7A3F10902A24212D202F052FD45
:10E8C0003368002BACD05446554601F053FB00286A
:10E8D00057D102F035FE002D40F0E080002C9DD095
:10E8E000E5E700F11004E41A02F03CFD3368002B68
:10E8F00097D0002CD5DB8AD0DFF8CCE1DEF8000021
:10E90000A042CED3724B6E4A196813684B40D3F8BD
:10E9100004C0A44502D21D688D422CD135689D42A9
:10E92000BFD01568D3F80080C2F80080ACEB0406B5
:10E930004D40102E05F1080509D903EB040CCCF865
:10E9400004608CEA01065C6043F8048016605D4E4A
:10E95000D3F804A03268A0EB0A0090424AF00042CB
:10E96000C3E900125B4ACEF80000136838BF30607C
:10E9700001331360A9E71A4685EA0103C7E70024BB
:10E980000025554BD3F80090B9F1000FA1D11A68BA
:10E9900001321A60FFF7B0FD0646F8B1D0F80C80DE
:10E9A00085EAC52308F1FF321340426952F823106B
:10E9B0008B46BBF1000F0BD10C20CDE90132009149
:10E9C000FFF76CFCDDE90013029A78B9FBF79AFFB8
:10E9D000DBF80400854206D1CBF808A03E4A136854
:10E9E000013B136075E7DBF800B0E2E7016042F835
:10E9F00023003368B26801339342C0E9015A33609F
:10EA0000ECD9B8EB480F4FEA480ADFD2514606F17D
:10EA10000C00FFF79FFC4FEA88030AF1FF320193D5
:10EA20009C4603925B4698450CD1BAF1100F88BF03
:10EA30004FEA9A09019AC6F804900323B2FBF3F354
:10EA4000B360CBE7706900EB8302029250F8232099
:10EA5000DAB100EB0C0100914FF0000E5168039801
:10EA600081EAC121014088459346126814D8BEF15D
:10EA7000000F0ED102990A6000990968CBF80010C6
:10EA80000099C1F800B0002AE8D101330CF1040C60
:10EA9000C9E7CEF80020EFE7DE46F4E73A4600216A
:10EAA000284605B0BDE8F04F0AF014B920DC01207B
:10EAB000C6B3012038D6012000FC0220C8E701209F
:10EAC00024DC012018DC01201CDC0120B8B301206B
:10EAD0002CDC012014DC0120F4DB0120D7B0012064
:10EAE0002DE9F84F0546EFF3058119B1DFF894C120
:10EAF000FEF7F0F9002800F0B88050F8043C002B35
:10EB000080F2B3805A4A50F8084C1268944240F0A0
:10EB1000AC8023F0004222F0070340F8042C13B12C
:10EB2000083A0AF0D7F802F01DFC524A55F8043CA6
:10EB300011680B44136001F01DFA002846D0DFF87D
:10EB40004881D8F80070002F40D1D8F80030013348
:10EB5000C8F80030FFF7D0FC044690B3C26885EADD
:10EB6000C523013A1340426952F82300394660B187
:10EB7000D0E900C6B5425DD1002958D142F823C082
:10EB8000FFF78EFB2368013B2360D4E900239A4200
:10EB900017D2D4F80C904FEA590100200B46994542
:10EBA0004BD804F10C00FFF7D5FB0322B9F1210F7C
:10EBB00088BF29FA02F729F001036760B3FBF2F37B
:10EBC000A360D8F80030013BC8F80030284A10682C
:10EBD000294AA5F108031468114684EA0002934209
:10EBE000F9D84E688F19BB4201BF55F8043C9B19F8
:10EBF0004B600B465D685E19B2420AD11F4C246817
:10EC0000A2421FBF546864195C60146808BF80EAA0
:10EC100002041B4A1C60994218BF5840136818BF71
:10EC2000086001331360BDE8F84F02F089BCC1F8F9
:10EC300000C0A5E70146604699E7D4F814C05CF827
:10EC400023A04FEA830BBAF1000F08D05CF8002034
:10EC50000CEB000E32B9CEF800A04CF80B200133BB
:10EC600004309CE796461268F4E7BDE8F88F00BFD1
:10EC70002CDC01201CDC012024DC012020DC012014
:10EC800010DC0120D7B00120F4DB0120014B186813
:10EC9000704700BF1CDC0120F8B5044602F062FB9F
:10ECA0001B4B1C4A1B68126893422BD01A49002543
:10ECB000086853404FF0FF372E46984216D102F0B5
:10ECC0003FFCC4E90157E66003F024FC134B1B68CA
:10ECD0002360134B1B686361124B1B68A361124BCB
:10ECE0001B682361BDE8F84003F024BC59681B6829
:10ECF0008D4238BF0D468F4206F1010628BF0F46F0
:10ED00005340DAE700254FF0FF372E46D7E700BF24
:10ED100024DC01202CDC012020DC01201CDC012073
:10ED200014DC012010DC012018DC01205030704779
:10ED3000F7B505460E46FFF71AF9074608B905B1BB
:10ED40001EB94FF0020CFEF7C5F806FB05F058306F
:10ED5000FFF7A4FA00970446034600F15802314633
:10ED6000284601F0D6FD8442EBD103B0F0BD10B5CA
:10ED70000446FFF7FCF818B14FF0020CFEF7AAF8B2
:10ED8000002CF9D0236D002BF6D1636D002BF3D14D
:10ED9000204602F087F82046BDE81040FFF780BA11
:10EDA00073B50E461446054618B94FF0020CFEF72F
:10EDB00091F8FFF7DCF8034608B36EB364BB234653
:10EDC00001AA31462846019401F09AFE012803D099
:10EDD0006FF0020002B070BD019B4BB14FF0E02319
:10EDE0004FF08052C3F8042DBFF34F8FBFF36F8FE6
:10EDF00005F150000121FEF79DFF0020EAE75EB11A
:10EE000022463146284601F0C7FD0128F0D0002CEB
:10EE1000DED06FF00100DDE76FF00300DAE773B5D5
:10EE20000E461546044618B94FF0020CFEF752F88C
:10EE3000FFF79DF800B366B35DBB01AA31462046DB
:10EE4000019501F0E3FF012803D06FF0020002B04A
:10EE500070BD019B4BB14FF0E0234FF08052C3F8DF
:10EE6000042DBFF34F8FBFF36F8F04F150000221C9
:10EE7000FEF760FF0020EAE75EB12A4631462046F1
:10EE800001F0A4FE0128F0D0002DDED06FF00100CB
:10EE9000DDE76FF00300DAE710B5044618B94FF06C
:10EEA000020CFEF717F8FFF762F820B12046BDE824
:10EEB000104001F0F5BF2046BDE8104001F0DCBF76
:10EEC00010B5044618B94FF0020CFEF703F8FFF72F
:10EED0004EF820B92046BDE8104001F0D6BFEFF350
:10EEE00011834FF0500282F31188BFF36F8FBFF38D
:10EEF0004F8FD4E90E20801A83F3118810BD0129A9
:10EF000008B505D1FFF7C8FF003818BF012008BDBC
:10EF1000022902D1FFF7D4FFF6E74FF0000CFDF70E
:10EF2000D9FF70B50546EFF3058616B14FF0020C18
:10EF300011E05820FFF7B2F9044635B90146012027
:10EF400001F0B4FDA042F1D170BD012D02D1014606
:10EF50000420F5E7B446FDF7BDFF10B50446EFF316
:10EF600005831BB14FF0020CFDF7B4FF0028F9D068
:10EF7000036D002BF6D1436D002BF3D101F092FF0E
:10EF80002046BDE81040FFF78BB938B50D46044662
:10EF900018B94FF0020CFDF79DFF90F84C30EFF3DD
:10EFA000058CBCF1000F18D1042B0AD101F017FF1A
:10EFB00001280BD0002D14BF6FF001006FF002008C
:10EFC00038BD012BE7D101F07CFEF1E704F15000E0
:10EFD0000221FEF7AFFE0020F2E76FF00500EFE739
:10EFE00010B5044618B94FF0020CFDF773FF90F806
:10EFF0004C20EFF30583C3B9042A06D101F06BFD61
:10F0000001280BD06FF0020010BD012A04D11A466E
:10F01000194601F0C1FCF3E79C46E6E704F1500015
:10F020000121FEF787FE0020EEE76FF00500EBE719
:10F0300008B518B94FF0020CFDF74CFFEFF305834C
:10F040001BB1BDE8084001F08FBCBDE8084001F0ED
:10F050007EBC10B50820FFF721F904460020FFF719
:10F0600060FF002360602360204610BDF8B50D46A8
:10F070001746044618B94FF0020CFDF72BFF002984
:10F08000F9D040684FF0FF31FFF77FFF0028F2D141
:10F090000C20FFF703F908B9FBF734FC0646236898
:10F0A00046F8043B2060C0E901576068FFF798FF0D
:10F0B0000028E0D13046F8BD38B504460D4640681A
:10F0C0004FF0FF31FFF761FF034618B14FF0020C1C
:10F0D000FDF700FF206818B96068FFF781FFF5E7CA
:10F0E000014651F8042B8D420BD143B92260FFF742
:10F0F000D7F86068FFF774FF0028E7D138BD1A60C1
:10F10000F5E703461046E6E770B50E46044618B923
:10F110004FF0020CFDF7DEFE40684FF0FF31FFF7C5
:10F1200034FF0028F4D125682DB96068FFF758FF37
:10F130000028EDD170BDD5E90131304698472D68E2
:10F14000F2E700000549431E002013F8012F12B911
:10F1500040EA1040704748435040F6E7C59D1C8187
:10F1600008B54FF0020CFDF7B5FE000008B5054BE1
:10F170001B684FF0FF311868FFF707FF08B1FFF772
:10F18000EFFF08BD30DC012008B5044B1B68186890
:10F19000FFF726FF08B1FFF7E3FF08BD30DC0120D1
:10F1A0002DE9F84303688B4204460D461ED812D25F
:10F1B0004368994226D9B1F1804F1BD3FBF7A2FBDC
:10F1C000A36853F8267043F8268037B901362368C0
:10F1D000B342F5D82560BDE8F883D7E90090FFF782
:10F1E0005FF83846FFF75CF84F46EEE70E464FF003
:10F1F0000008ECE780688900FFF754F80028DDD0AC
:10F20000C4E90150236800229D42E3D9A16841F876
:10F2100023200133F8E7000038B50B4B1C68054686
:10F22000FFF790FF2369A269013B034052F8234096
:10F230002CB160682946F1F73FF910B9083420462F
:10F2400038BD2468F4E700BF30DC01202DE9F04F21
:10F250004D4D2B688BB080460BB9FFF781FFFFF750
:10F26000DBFF0446002840F08B80FDF762FF2D682D
:10F270000694CDE904044046FFF764FF2F69D5F8F2
:10F280001890013F074059F827A0544634B914207C
:10F29000FFF704F80646A0B9FBF734FB6068414667
:10F2A000F1F70AF958B904AB03CBA0601868E16024
:10F2B000206140460BB0BDE8F04FFFF7ADBF2468BA
:10F2C000E4E704ABC0F800A049F8270093E8070082
:10F2D00007AF87E807004046FEF7FBFF706097E83E
:10F2E0000700083686E807006B68EA680133934236
:10F2F0006B60DED9D5F81090B9EB490F4FEA49079A
:10F30000CAD2394605F11000FFF74AFF4FEA890BD0
:10F310007A1E5B460192A14509D1102F8CBFBF0810
:10F3200000270323AF60BBFBF3F3EB60C1E7AA69DF
:10F3300052F8246002EB8401009116B901340433C1
:10F34000E9E702EB030A00227068CDE90223FFF728
:10F35000F9FE019B316818408145039B0ED8029A43
:10F3600052B900980160DAF800003060CAF8006015
:10F370000E460029E8D1E1E71160F4E73246F7E7ED
:10F380000BB0BDE8F08F00BF30DC012038B51C2089
:10F39000FEF784FF0A4D044628600020FFF7C1FDF8
:10F3A00020602C6810210025C4E904556560A56122
:10F3B0006018FFF7F5FE0A23A560E36038BD00BFC3
:10F3C00030DC012038B50F4B1B6805460C461BB9D5
:10F3D0004FF0020CFDF77EFD0028F9D00029F7D090
:10F3E000FFF7C4FE2846FFF731FF4368002BEFD13B
:10F3F000446001210068FDF7C3FEBDE83840FFF717
:10F40000C3BE00BF30DC0120104B1B6810B50446A2
:10F410001BB94FF0020CFDF75DFD0028F9D0FFF796
:10F42000A5FE2046FFF712FF836804460133836080
:10F43000FFF7AAFE20684FF0FF3302220121FDF7FB
:10F44000DEFE0128E5D1606810BD00BF30DC012080
:10F450000C4B1B6810B504461BB94FF0020CFDF7AE
:10F4600039FD0028F9D0FFF781FE2046FFF7D4FED2
:10F470000028F2D08368013BBDE810408360FFF7AD
:10F4800083BE00BF30DC0120F7B505460E46EFF322
:10F4900005871FB14FF0020CFDF71CFD0028F9D0C5
:10F4A0008842F7D35820FEF7F9FE012D044611D10A
:10F4B000032300933A4603463946284601F029FAC9
:10F4C0008442E7D16EB13B463A46394601F064FAD0
:10F4D000012805E002463146284601F04BFA8442F5
:10F4E000D8D1204603B0F0BD37B50C46054618B953
:10F4F0004FF0020CFDF7EEFCEFF30583EBB129BBF7
:10F5000001AA019101F082FC012803D06FF00200F2
:10F5100003B030BD019B4BB14FF0E0234FF0805260
:10F52000C3F8042DBFF34F8FBFF36F8F05F1500069
:10F530000221FEF7FFFB0020EAE701F0C2FB0128F1
:10F54000F4D0002CE2D06FF00100E1E76FF003008F
:10F55000DEE713B5044618B94FF0020CFDF7BAFC0C
:10F56000EFF30583EBB1002301A9019301F0FEFA4B
:10F57000012803D06FF0020002B010BD019B4BB117
:10F580004FF0E0234FF08052C3F8042DBFF34F8FAC
:10F59000BFF36F8F04F150000121FEF7CBFB002079
:10F5A000EAE71A46194601F0F7F90128F2D0E1E737
:10F5B00083680BB9C17170470160704783680BB1F4
:10F5C00000687047C0797047826830B5154C002AD2
:10F5D00008BF024612F8013BE05C00F0030002287D
:10F5E00011F8010B255C08BF203B05F00305DBB2D9
:10F5F000022D08BF2038E55CC0B205F00305012DDF
:10F60000255C05F0030508BF2033012D04D120300F
:10F610008342DFD0181A30BD8342FBD1002BD9D1F1
:10F62000F8E700BFF1D4012070B5D0E901360446F7
:10F630003EB1994208D901EB51059D4208D8FBF72C
:10F6400061F9072902D80646304670BD0723F2E764
:10F6500030462946FEF726FE06460028EFD0A3686E
:10F6600023B9E2792146013209F0A4FBC4E901562D
:10F67000EAE78842F8B505460C4616D00846FFF77B
:10F680009DFF471C064639462846FFF7CDFFA36875
:10F690003A46002B14BF1946214609F08BFB314630
:10F6A0002846BDE8F840FFF783BFF8BD2DE9F843D1
:10F6B00004460846FFF782FF0D460646E8B120469D
:10F6C000FFF77CFF06EB0009804609F101012046A7
:10F6D000FFF7AAFFAB680746002B14BF194629465F
:10F6E0003246404409F066FB002307F809304946DA
:10F6F0002046BDE8F843FFF75BBFBDE8F883F8B5E7
:10F70000044608460E46F0F7E1FE471C054639461A
:10F710002046FFF789FF31463A4609F04BFB294660
:10F720002046BDE8F840FFF743BF2DE9F04104460D
:10F73000FFF744FF054608460E46F0F7C7FE05EB07
:10F740000008074608F101012046FFF76DFF31462A
:10F750007A1C284409F02EFB41462046BDE8F041C2
:10F76000FFF726BF2DE9FF418668019205460F4647
:10F77000039236BB06464FF00708019B3A464146C6
:10F780003046F6F7EBFA041E11DD611C414510D33B
:10F790002846FFF749FFD5E90113002B3A46039BA2
:10F7A000019308BF07210646F6F7D8FA0446002C55
:10F7B0000ADB21462846FFF7FBFE204604B0BDE8E1
:10F7C000F081D0F80480D8E700212846FFF7F0FE4A
:10F7D0003170F2E710B50446806818B1FEF760FD9D
:10F7E0000023A360FF23E37110BD10B58468002CD3
:10F7F00008BF0446A01809F004FA08B1001B10BDA8
:10F800004FF0FF30FBE72DE9F84F91461A4680464E
:10F810000D46FFF7EAFF431C04462AD02846F0F7BE
:10F8200055FE06464846F0F751FE05464046FFF7AE
:10F83000C5FE05EB000AAAEB060A83460AF10101A0
:10F840004046FFF7F1FEAE4207460DD0C4F101027B
:10F850005A44A11960193944921B384409F056FAE8
:10F8600051464046FFF7A4FE2A464946381909F09A
:10F87000A1FA2046BDE8F88F70B58668002E08BF53
:10F880000646FFF79BFE044608460D46F0F71EFEAF
:10F890008442024608D3241A3119284609F0C7F9D0
:10F8A000B0FA80F0400970BD0020FCE710B50246B8
:10F8B000FFF784FE88420AD99368002B08BF1346DD
:10F8C000002058541046BDE81040FFF771BE10BD2F
:10F8D00008B50C20FEF7E2FC002282600270C271C3
:10F8E00008BD38B505460C20FEF7D8FC00230446B9
:10F8F00083600370C3712946FFF7BBFE204638BD05
:10F9000038B505460C20FEF7C9FC00230446836089
:10F910000370C3712946FFF7F2FE204638BD70B56B
:10F9200005460C200E46FEF7B9FC00230446836012
:10F930000370C37132462946FFF714FF204670BD9D
:10F940000FB407B504A951F8040B0191FFF7E7FFC5
:10F9500003B05DF804EB04B0704710B50446FFF740
:10F9600039FF2046BDE81040FEF79ABC10B50446AA
:10F97000FFF730FF0023A3602370E37110BD83689D
:10F98000002B08BF0346585C70478368002B18BFE4
:10F9900018467047FFF76DBEFFF7B1BE83688A68EF
:10F9A000002B18BF1846002A18BF1146F0F784BD77
:10F9B0008368002B18BF1846F0F77EBDFFF704BE22
:10F9C00070B50546FFF7FAFD0E460446811C284631
:10F9D000FFF72AFE611C0023065543542846BDE864
:10F9E0007040FFF7E5BDFFF7E9BD0EB403B503AA0C
:10F9F00052F8041B0192FFF7B5FE02B05DF804EB6C
:10FA000003B07047FFF7AEBEF8B506460D46174681
:10FA1000FFF75EFF3A4629460446FFF7A3FE21465C
:10FA200005463046FFF742FE2046FFF796FF284680
:10FA3000F8BD0EB403B503AA52F8041B0192FFF7F8
:10FA4000E3FF02B05DF804EB03B0704708B5FFF7C1
:10FA5000B5FDB0FA80F0400908BD2DE9F84F044625
:10FA60001846154699460E46F0F730FD07462046E3
:10FA7000FFF7A4FDBD42834620D007EB000AAAEBA6
:10FA8000050A0AF101012046FFF7CEFDC5F101028A
:10FA90008046921B3544F01908EB05015A44404456
:10FAA00009F034F920465146FFF782FD44463A46B4
:10FAB0004946A019BDE8F84F09F07CB9A368002BAE
:10FAC00018BF1C46F3E7FFF79EBE8368002B08BFF4
:10FAD00003460139013B11F8012F0AB90120704793
:10FAE00013F8010F9042F6D000207047FFF7C4BE14
:10FAF00010B58468002C08BF0446A01809F020F94E
:10FB000008B1001B10BD4FF0FF30FBE7FFF7CEBE82
:10FB1000F8B585680646002D08BF0546FFF74EFD7F
:10FB20000446E0B101384B1E15F800C01F4613F81B
:10FB3000012F0AB92B4604E09445F8D1F0E794452B
:10FB400003D1194613F801CB384610F8012F002ACB
:10FB5000F5D14B1BE41A2246284609F0D7F80023BA
:10FB60002B5521463046BDE8F840FFF721BDFFF791
:10FB7000DCBD10B4D0F8984080F888102CB1234632
:10FB8000D0F89C205DF8044B18475DF8044B704793
:10FB900008B54FF0020CFDF79DF970B5D0F8C060C4
:10FBA00005463046FFF71FFF044660B13046FFF7B9
:10FBB000ECFED5F8BC3043B1D5F8C42021469847B7
:10FBC0003046FFF7D3FE002070BD2146FEF7BCFA99
:10FBD000F6E7000008B500BFDFF804C0FDF77AF9CA
:10FBE000D8B3012008B504210820FFF7A1F8014B84
:10FBF000186008BD34DC012073B50023114E019359
:10FC000030684FF0FF3201A9FFF709F9044618B137
:10FC10004FF0020CFDF75EF9019D284601F0F6FA5F
:10FC20002146284601F09EFF019B8342F0D12146E8
:10FC30002846224601F08EFF01982146FFF799FFE2
:10FC4000DEE700BF34DC012038B50C46054618B9A4
:10FC50004FF0020CFDF73EF990F888300BB1FFF73A
:10FC600097FFD0F8A80008B1FEF71AFB1CB1204698
:10FC7000FEF72FFB0446C5F8A84038BD38B50C4642
:10FC8000054618B94FF0020CFDF724F990F88830BA
:10FC90000BB1FFF77DFFD0F8AC0008B1FEF700FB19
:10FCA0001CB12046FEF715FB0446C5F8AC4038BD34
:10FCB00038B5044618B94FF0020CFDF70BF990F86F
:10FCC000D430002BF7D190F8883003F0FF05002BDB
:10FCD000F1D12946FFF7B8FF20462946FFF7CEFFAE
:10FCE000D4F8840008B1FEF7DBFAD4F8C000FFF7BF
:10FCF00034FED4F8CC00FFF730FE2046BDE8384093
:10FD0000FEF7CEBA38B50446FFF7E2FDC4F8C000EE
:10FD1000FFF7DEFDC4F8CC0001F044FF012818D045
:10FD20000021084601F01EFF054680B1D0F8AC1056
:10FD300069B12046FFF7A2FF102384F8B030F8F72E
:10FD4000EFFE03280BD1012384F8D53038BD0A49D2
:10FD5000EFE70A492046FFF791FF0025ECE702286C
:10FD600007D101F019FF20B1002DEFD095F8D53063
:10FD7000EAE70023E8E700BF23980120EFB3012062
:10FD800010B5D820FEF78AFA0446FFF7BBFF2046DD
:10FD900010BD000038B50D46044618B94FF0020CEE
:10FDA000FDF798F890F88830002BF7D10029F5D0AE
:10FDB0000A4B9942F2D88B07F0D190F8D430002B3F
:10FDC000ECD1D0F8840008B1FEF76AFA2846FEF7B5
:10FDD00065FAC4F8B450C4F8840038BDFCFF0300D1
:10FDE00008B518B94FF0020CFDF774F890F8883098
:10FDF0000BB1FFF7CDFEC0F8901008BD08B518B9DB
:10FE00004FF0020CFDF766F890F888300BB1FFF761
:10FE1000BFFEC0F8941008BD2DE9F04116461D46FE
:10FE20000F468046FFF7ACFF41460446FFF70CFF44
:10FE300039462046FFF7AEFF31462046FFF7D0FF98
:10FE400020462946FFF7DAFF2046BDE8F0812DE97C
:10FE5000F0418046D82017460D461E46FEF74EFA62
:10FE60000446FFF74FFF2846FEF748FA012384F8BF
:10FE7000D430C4F8840041462046C4F8B450FFF79B
:10FE8000E3FE39462046FFF7ABFF20463146FFF739
:10FE9000B5FF2046BDE8F08108B518B94FF0020C57
:10FEA000FDF718F890F88830002BF7D11F29F5D806
:10FEB00080F8B01008BD08B518B94FF0020CFDF776
:10FEC00009F890F88830002BF7D1C0F8981008BDD9
:10FED00008B518B94FF0020CFCF7FCFF90F8880049
:10FEE00008BD08B518B94FF0020CFCF7F3FFD0F8C5
:10FEF000A00008BD1FB5044618B94FF0020CFCF76E
:10FF0000E9FFD0F89030002BF7D090F88830002B24
:10FF1000F3D1D0F8B430002BEFD00221FFF729FE47
:10FF2000D4F8B4200294D4F88430019394F8B0301B
:10FF30000093D4F8A81004482346920801F03CF935
:10FF40008442DAD104B010BDBD01012008B518B952
:10FF50004FF0020CFCF7BEFF08BD08B518B94FF012
:10FF6000020CFCF7B7FF90F88830002BF7D1D0F8DF
:10FF70008C0008BD01F010BE0021084601F0F2BD62
:10FF800070B50E461546044618B94FF0020CFCF742
:10FF9000A1FF90F888301BB1FFF7EEFF8442F4D147
:10FFA000C4E9286570BD10B5044618B94FF0020CBD
:10FFB000FCF790FF90F8D430002BF7D1FFF7DCFF6F
:10FFC0008442F3D094F888300BB9012010BD022090
:10FFD000FDF7E9FFF6E708B5EFF305831BB14FF036
:10FFE000020CFCF777FF4FF0E0234FF08052C3F88C
:10FFF000042DBFF34F8FBFF36F8F08BD7FB50A4647
:020000042001D9
:10000000044608B1002908DA6FF003030293204682
:10001000FDF76CFE029804B070BD4FF0FF33029301
:10002000EFF3058502AEF5B1002503ABCDE9005332
:1000300001231946039501F075FF2B46CDE90065B4
:100040002A460121204601F06DFF039B002BDED0E4
:100050004FF0E0234FF08052C3F8042DBFF34F8FD1
:10006000BFF36F8FD3E701231946009501F0E4FE3B
:1000700000962B462A460121204601F0DDFEC6E708
:10008000F0B5044685B0EFF30586F6B900281FDB0E
:1000900001F082FD03AB009301213346324607464F
:1000A00001F0CAFE012801460AD1039D009625EA07
:1000B000040203233846039201F0BEFE012801D05A
:1000C0004FF0FF35284605B0F0BD6FF00505F9E7A4
:1000D0006FF00305F6E72DE9FF4706468946174608
:1000E000EFF30584002C3AD100283BDB11F0020F1E
:1000F0000CBF82464FF0000A01F03CF93D468046B5
:10010000009503AB52460021012001F03FFE01287B
:100110001CD1039B34401C4319F0010F06EA040371
:1001200005D09E4205D047B96FF0020401E0002BD4
:10013000F9D0204604B0BDE8F08701F01BF9A0EB30
:1001400008039D4211D345442D1AD9E7002F14BF4F
:100150006FF001046FF002040028D1D1E9E76FF0DD
:100160000504E6E76FF00304E3E70025C8E70000B5
:1001700010B50446EFF3058109B1094810BD002808
:10018000FBD001F0EFFC10B1D0F8AC00F6E702F0C4
:1001900047F98442F1D100F0ADF80028EED1ECE748
:1001A00079AB012008B5EFF305832BB910B101F04D
:1001B000E3FC8300184608BD0023FBE730B585B09B
:1001C00010B94FF0020C25E000210390084601F021
:1001D000C9FC01460028F4D1039A01F0BBFC039846
:1001E00090F88830022BDCB2EBD10321FFF7C1FC81
:1001F000039890F8D5300BB1FEF7A4F9039DD5E92B
:1002000024309847C5F88C00039890F8D4301BB17F
:10021000DFF8ACC0FCF75EFEFFF7C4FFFF28034623
:100220000AD8039A2148D2F8A810214A002908BF09
:1002300001460220FDF7C6FF039B93F8D530EBB1D2
:100240002120FDF7DDFE039D2846FEF791FA039B72
:10025000C5F8B800D3F8B820D3F8A8300092002A27
:10026000124A144908BF04242046002B08BF134635
:10027000114AFDF7A7FF0398FEF70EFA039890F8CE
:100280008830032B9DD1FFF788FC03980121FFF7ED
:1002900070FC0A4B4FF0FF32186803A9FEF780FD8F
:1002A000002001F095FAFFF795FC00BF87B401200C
:1002B00016B4012083B4012068B4012034DC01208D
:1002C000F6B3012038B5054602F0BEF8044618B969
:1002D0004FF0020CFCF7FEFD284602F0A7F8044D93
:1002E0002860D4E90B30984700232B6038BD00BF4D
:1002F00038DC0120014B1868704700BF38DC012052
:10030000F7B505460E461746FDF731FE00B91DB993
:100310004FF0020CFCF7DEFD3420FDF7BFFFC0E913
:100320000B570446FFF726FEFFF722FF321E074B4E
:10033000009318BF0122019423464FF0FF3102F0D1
:100340002DF88442E4D103B0F0BD00BFC502012006
:1003500037B504460D46FDF70AFE034618B14FF0C7
:10036000020CFCF7B7FD002CF9D06A1CF7D04FF057
:10037000FF32009204212A46204602F02FF801287D
:1003800014BF6FF00200002003B030BD37B5054642
:10039000FDF7EDFD044618B14FF0020CFCF79AFD95
:1003A000002DF9D04FF0FF3300930246034603219E
:1003B000284602F013F80128EED1204603B030BDE4
:1003C00010B50446FDF7D3FD18B14FF0020CFCF751
:1003D00081FD002CF9D02046BDE8104002F028B87D
:1003E00038B5044643680A4A0A490520FDF7EAFE83
:1003F0002268E16860680023FFF729FDA1680546CF
:10040000FFF73CFC2846BDE83840FFF773BD00BF4E
:100410008EB40120CDA901202DE9F0432B4887B0EF
:10042000F7F782FFFAF726FA0446002841D006F0D3
:100430006FFA0546204606F063FA0646204606F0A7
:100440004BFA0746204606F057FA8046204606F04B
:100450006FFA1F4B1F4A00280CBF99469146204651
:1004600006F042FACDE90278CDE90490CDE90056D4
:10047000194B1A4A1A490420FDF7A4FEF8F73EFB6F
:10048000184A1749184D03460420FDF79BFE1648ED
:10049000FFF7A6FF154B1E680124A64205F11805BB
:1004A0000ED8134A0E49042007B0BDE8F043FDF70B
:1004B00089BE094B0F4A0A490420FDF783FEDDE798
:1004C0002846FFF78DFF0134E7E700BFABB40120FA
:1004D000BDBD0120A2B40120B2B40120BBB40120F3
:1004E000CDA901201FB501203490012030900120BA
:1004F0002CB501200AB5012070B5064684200D46B2
:100500001446FDF7FBFE30604FF40070FDF7F6FE79
:1005100080232860236070BD70B5064684200D4698
:100520001446FDF7EBFE30604FF48060FDF7E6FE09
:100530004FF480732860236070BD0000014B03609E
:10054000704700BF0DF0AD8B08B5FDF710FD18B179
:100550004FF0020CFCF7BEFC01F024FB0128F7D1A0
:10056000FFF740FBFDF76CFDBDE80840FEF70EBF4E
:1005700008B5FDF7FCFC18B14FF0020CFCF7AAFC23
:1005800001F010FB0128F7D1BDE8084000F09CBE47
:10059000FFF732BB10B5044630B1002340F8043BEE
:1005A00000F0AEF801232377204610BD2DE9F84373
:1005B00006460C469846DDF82090174600F0D2FE1D
:1005C000356805EA0403B8F1000F22D16BBBB9F11D
:1005D000000F2BD0391E18BF012109064A462143BE
:1005E000301D01F071F900F0ABFF40B301F0B6FB34
:1005F000830105460AD401F08DFF356804EA05033E
:10060000B8F1000F26D13BBB01F094FF25F07F45E8
:100610000EE0A34209D0B9F1000F07D0391E18BF70
:100620000121090641F08061D8E727B900F088FF71
:100630002846BDE8F88325EA04043460F6E74FF065
:10064000E0234FF08052C3F8042DBFF34F8FBFF368
:100650006F8FCBE79C42D7D1002FD5D025EA040479
:100660003460D1E72DE9F04104460D4600F10C0657
:1006700000F078FE236820692B4323600025B042F8
:10068000216807D121EA0501216000F059FF2068A7
:10069000BDE8F081D0E9002822F07F4312F0806F9E
:1006A00003EA010702D11FB94046E8E7BB42FBD18C
:1006B000D20141F0007148BF1D4301F0A3F9F3E7F7
:1006C000FFF7D0BF10B5044600F04CFE636843B995
:1006D00000F036FF237F53B92046BDE81040FEF7F7
:1006E000FFB920694FF0007101F08CF9EEE710BD01
:1006F00013460A460146014801F0B0BEC10601207A
:1007000000F108034FF0FF32C0E9022343600361A8
:1007100000230360704700230361704743684B6008
:100720009A688A60516099600368086101330360C8
:10073000704730B50C68631C0AD103695A684A6077
:1007400091608B605960036808610133036030BDBC
:1007500000F10802134652681568A542FAD9EDE780
:10076000D0E9011203698A6051605968814208BF6B
:100770005A60002202611A68013A1A6018687047CC
:1007800010B5044601F0C6FEA46B01F0D3FEB4FA26
:1007900084F0400910BD70B51646026C856B0446A6
:1007A00042B906689EB9806801F05CFAA66001351E
:1007B000A56370BD6EB9406808F0FCFA6368226CEE
:1007C0001344A2686360934224BF236863600020DF
:1007D000EDE7C06808F0EEFA226CE36851429B1A1C
:1007E0002268E36093423EBFA3685B18E360022E79
:1007F000EDD10DB1013DEAE72846D8E7034610B434
:100800001A6C08466AB1DC68996814448C4228BFA7
:100810001968DC6028BFD960D9685DF8044B08F01E
:10082000C9BA5DF8044B704770B5044601F072FE1A
:1008300094F8455004F124066DB2002D14DCFF231A
:1008400084F8453001F076FE01F064FE94F84450DF
:1008500004F110066DB2002D12DCFF2384F8443041
:10086000BDE8704001F066BE636A002BE7D03046F9
:1008700001F06AF808B101F045F9013D6DB2DCE71D
:100880002369002BE9D0304601F05EF808B101F091
:1008900039F9013D6DB2DEE770B50E46044610B37E
:1008A000C06B00B3236CA3FB0035DDB901F032FE51
:1008B000D4E90F31226862604B43D0185B1A1A44A6
:1008C000FF23A563A06084F84430E26084F84530DB
:1008D00056B104F11000FFF713FF04F12400FFF7F5
:1008E0000FFF12E0002070BD236973B104F1100006
:1008F00001F02AF848B14FF0E0234FF08052C3F8DE
:10090000042DBFF34F8FBFF36F8F01F013FE012053
:10091000E9E738B50D461C46A8B113B11AB121B9A3
:100920000C46204638BD81B91A460121C4E90F059D
:1009300084F8461022602046FFF7AEFF9DF8103085
:1009400084F84C30EDE70446EBE71446E9E710B5D0
:10095000044601F0DFFD236823B9A46801F0EAFD35
:10096000204610BD0024F9E703680BB98068704782
:100970000020704713B513460C4640B1884206D399
:100980000222009200221146FFF7C3FF10B9002097
:1009900002B010BD8463FBE7F0B5044685B01D4688
:1009A00001920E4601F0B6FDA26BE36B9A421AD299
:1009B0002A4631462046FFF7EEFE636A1BB104F17A
:1009C000240000F0C1FF48B14FF0E0234FF0805207
:1009D000C3F8042DBFF34F8FBFF36F8F01F0AAFD53
:1009E000012005B0F0BD022DE2D000231F4637E004
:1009F00013B902A801F052F801F09CFD00F0B2FC1E
:100A000001F088FD94F84430FF2B08BF84F844704F
:100A100094F84530FF2B08BF84F8457001F08AFD3B
:100A200001A902A801F046F8002839D101F072FDB1
:100A3000A26BE36B9A421AD101F07CFD019904F19B
:100A4000100000F031FF2046FFF7EEFE00F078FDC9
:100A5000D8B101F05FFDA36BE26B9A42A8D80123E5
:100A6000019A002AC4D101F065FD0020B9E701F028
:100A700061FD2046FFF7D8FE00F062FD01F04AFD5F
:100A8000A26BE36B9A42EAD292E74FF0E0234FF079
:100A90008052C3F8042DBFF34F8FBFF36F8FEDE784
:100AA0002046FFF7C1FE00F04BFDDEE713B5002244
:100AB0000B46009011460120FFF72BFF044638B18A
:100AC000002383600360C3601A461946FFF764FF82
:100AD000204602B010BD38B58568044601F05CF8C8
:100AE00085420BD1E368013BE3600BB1012038BDC7
:100AF0001A4619462046FFF74FFFF7E70020F6E7B2
:100B0000F8B5164604461A46EFF311874FF0500326
:100B100083F31188BFF36F8FBFF34F8F806BE36B4D
:100B2000984201D3022A1FD194F84550A36B6DB2AD
:100B30002046FFF730FE6B1C0DD1636A3BB104F118
:100B4000240000F001FF10B10EB101233360012039
:100B500087F31188F8BD00F019FC8542F7D2013502
:100B60006DB284F84550F2E70020F1E7F8B504468D
:100B70000E46EFF311874FF0500383F31188BFF354
:100B80006F8FBFF34F8F836BC26B9A421CD990F863
:100B900045200133FF2A55B283630CD1436A33B138
:100BA000243000F0D1FE10B10EB1012333600120DA
:100BB00087F31188F8BD00F0E9FB8542F7D20135D3
:100BC0006DB284F84550F2E70020F1E7F0B5044635
:100BD00085B00E46019201F09DFCA56BDDB131465A
:100BE0002046013DFFF70AFEA563236973B104F1B6
:100BF000100000F0A9FE48B14FF0E0234FF0805202
:100C0000C3F8042DBFF34F8FBFF36F8F01F092FC39
:100C1000012005B0F0BD019B1BB901F08BFC002049
:100C2000F7E702A800F03AFF2F4601F083FC00F03E
:100C300099FB01F06FFC94F84430FF2B08BF84F857
:100C4000447094F84530FF2B08BF84F8457001F0DC
:100C500071FC01A902A800F02DFF38BB2046FFF768
:100C60008FFDE8B1019904F1240000F01DFE20463B
:100C7000FFF7DAFD00F064FC48B94FF0E0234FF0D5
:100C80008052C3F8042DBFF34F8FBFF36F8F01F075
:100C900041FCA56B002DA2D1019B002BC5D1BCE767
:100CA0002046FFF7C1FD00F04BFCF0E72046FFF7C0
:100CB000BBFD00F045FC2046FFF762FD0028E6D0B2
:100CC000ADE7F0B585B00025044601912F462E46CC
:100CD00001F020FCA36BE3B1013BA363236813B9CC
:100CE00001F048F8A060236973B104F1100000F02E
:100CF0002BFE48B14FF0E0234FF08052C3F8042D93
:100D0000BFF34F8FBFF36F8F01F014FC012005B0CC
:100D1000F0BD019B1BB901F00DFC0020F7E717B9EE
:100D200002A800F0BBFE01F005FC00F01BFB01F087
:100D3000F1FB94F84430FF2B08BF84F8446094F82A
:100D40004530FF2B08BF84F8456001F0F3FB01A993
:100D500002A800F0AFFE50BB2046FFF711FD00B324
:100D600023683BB901F0D6FBA06800F02BFF0546D5
:100D700001F0E0FB019904F1240000F095FD20460C
:100D8000FFF752FD00F0DCFB48B94FF0E0234FF0D5
:100D90008052C3F8042DBFF34F8FBFF36F8F01272D
:100DA00096E72046FFF740FD00F0CAFBF7E7204634
:100DB000FFF73AFD00F0C4FB2046FFF7E1FC0028F6
:100DC000EDD0002DA9D001F0A5FB616A19B1236B0C
:100DD0001968C1F12001A06800F07EFF9BE770B5A3
:100DE000866804460D4600F0D7FE864204D1E368CB
:100DF0000133E360012070BD29462046FFF761FF03
:100E00000028F8D0E3680133E360F4E72DE9F0410E
:100E100007469046EFF311864FF0500383F3118895
:100E2000BFF36F8FBFF34F8F856B1DB390F84440B6
:100E300064B2FFF7E3FC013D631CBD6311D13B6964
:100E400053B107F1100000F07FFD28B1B8F1000F99
:100E500002D00123C8F80030012086F31188BDE8D4
:100E6000F08100F093FA8442F6D2013464B287F83C
:100E70004440F1E72846F0E710B5044601F04AFB8C
:100E8000A46B01F057FB204610BD10B5044601F0DD
:100E900041FBA36BE46BE41A01F04CFB204610BD50
:100EA000806B704790F846300BB9FDF719BE70475C
:100EB00070B504460D46164601F02CFB94F84430FC
:100EC000FF2B04BF002384F8443094F84530FF2BF7
:100ED00004BF002384F8453001F02CFBA36B2BB931
:100EE0003246294604F1240000F00EFD2046BDE8FC
:100EF0007040FFF799BC00002DE9F041044601F075
:100F000009FB344B344E1A68344F01321A6035688D
:100F1000002D53D134601B68012B1FD1B8464046C9
:100F20000135FFF7EDFB202D08F11408F7D1DFF8AC
:100F3000D4802B4D4046FFF7E3FB2846FFF7E0FB4C
:100F40002848FFF7DDFB2848FFF7DAFB2748FFF7C3
:100F5000D7FB274BC3F80080264B1D60264A274944
:100F6000136808680133A3651360E36A01229A409D
:100F700002430A6014225343F918201D4A68A260F4
:100F80009568E56068609060FA5861610132FA50D6
:100F900001F0D0FA1A4B1B6873B13368DA6AE36A5E
:100FA0009A4209D24FF0E0234FF08052C3F8042D4B
:100FB000BFF34F8FBFF36F8FBDE8F081104B1A68FE
:100FC000E36A002ACAD13268D26A9A4298BF346072
:100FD000C4E700BF6CDC012064DF0120E4DC0120F9
:100FE000BCDC0120A0DC01208CDC012074DC0120B1
:100FF000B8DC0120B4DC012050DC012064DC0120DD
:1010000060DC0120D0DC0120F8B5204B204C1D68AD
:101010000646206804300F46FFF7A2FB40B922685D
:101020001C49D06A0B680122824023EA02030B604C
:10103000731C13D197B1184B21685A688A602168D4
:101040009068C86021680431416021680431916072
:10105000226853611A6801321A60F8BD2368AD191D
:101060005D6007D30D4B18682168BDE8F840043176
:10107000FFF75FBB0A4B186821680431FFF759FB83
:10108000084B1A68AA4288BF1D60E6E768DC0120A9
:1010900064DF012064DC012074DC0120B4DC012069
:1010A000B8DC01204CDC01200B4B1B68012B0B4BE7
:1010B0001B68D86A0AD868B9094B1B68012B0AD883
:1010C000084B1868084B1B68C01A704710B9044BCE
:1010D0001B6870470020704764DC012064DF01203A
:1010E000E4DC01204CDC012068DC0120064A1368A6
:1010F0001968064B19B94FF0FF321A607047126831
:10110000D2681268F9E700BFB8DC01204CDC01208E
:1011100010B590F87F3004463BB9006BFDF7E0FC5A
:101120002046BDE81040FDF7DBBC012BF9D010BD17
:101130002DE9F843DDE909844FEA82094A4606466B
:101140000D46206BA5211F4607F0C4FD236BA9F1B6
:1011500004094B4423F00709C4F854906DB16B1E89
:1011600004F133021F3513F8011F02F8011F09B102
:10117000AB42F8D1002384F85330089D1F2D28BFBF
:101180001F25E5622566201DFFF7C5FAC5F120057C
:1011900004F11800FFF7BFFA2461A56164623A46C2
:1011A0003146484601F08CF92060B8F1000F01D0BB
:1011B000C8F80040BDE8F8832DE9F04387B0DDE9C9
:1011C0000F5406460F4690469946C4B1DDB18422BD
:1011D0000021204607F07EFD022384F87F3005AB16
:1011E000256301930E9B0294009342464B46394679
:1011F0003046FFF79DFF2046FFF77EFE059C204608
:1012000007B0BDE8F0832C46F9E7000070B504464E
:10121000254D01F07FF904B92C68261D3046FFF7F3
:101220009FFA60B9E06A214A14234343D35833B983
:101230001F4901220B68824023EA02030B60A36A64
:101240001BB104F11800FFF78BFA1A4A1368013337
:1012500013602B68A34220D117483146FFF75EFA8E
:10126000164A13680133136001F064F92B68A34236
:1012700002D02046FFF74CFF114B1B6863B12B686F
:10128000A34209D14FF0E0234FF08052C3F8042D60
:10129000BFF34F8FBFF36F8F70BD0A4A1368013BD6
:1012A0001360FFF723FFDFE764DF0120E4DC0120A8
:1012B00064DC012050DC01208CDC012088DC012072
:1012C00060DC01206CDC012010B588B0002407AA86
:1012D00006A905A8CDE90544FFF70EF9059B029381
:1012E000069B079A17491848CDE900432346FFF7A4
:1012F00063FF164B186000B301F026F801281CD1DB
:101300004FF0500383F31188BFF36F8FBFF34F8FFC
:101310000F4B4FF0FF321A600E4B18600E4B1C60E3
:101320000E4C2368186BFAF7A1FE246807F050FDF5
:10133000D4F88030036001F065F9094B1B6808B0F0
:1013400010BD00BF3DB501209516012048DC0120ED
:101350004CDC012060DC012068DC012064DF01201E
:101360003CD60120024A136801331360704700BF66
:1013700044DC0120014B1868704700BF68DC012085
:10138000014B1868704700BF68DC0120014B1868EA
:10139000704700BF6CDC012008B9024B186834307C
:1013A000704700BF64DF0120014B1868704700BF21
:1013B00048DC012038B50A4D0A4A2B6812680344FC
:1013C0009342044608D101F0A5F8074A1368013397
:1013D000136001F0AFF8013C2B6823442B6038BD4B
:1013E00068DC01204CDC01205CDC01202DE9F84F99
:1013F000484B1B68002B40F08780474B1C6801342A
:101400001C605CB9454A464B116818681060454A33
:101410001960136801331360FFF768FEDFF814C129
:10142000414ADCF80030DFF810919C424FF0000098
:101430000FD2D9F80030DB6A14214B43D358022B6A
:101440003A4B1B6828BF0120002B18BF0120BDE8C4
:10145000F88FDFF8C880DFF8E4E0D8F800301B68C8
:1014600023B94FF0FF33CCF80030E2E7D8F8003072
:10147000DB68DB6859688C4202D2CCF80010D8E7F0
:10148000D3E902165D698E60716069681F1DB942FB
:101490004FF0000108BF6E60596129680139296069
:1014A0009D6A7DB1D3E907168E607160696803F1AA
:1014B000180A51454FF0000108BF6E609962296813
:1014C00001392960D96ADEF8006001258D40354375
:1014D000CEF8005014254D4302EB050ADAF80460FB
:1014E0009E60D6F808B0C3F80CB0CBF80470B760B3
:1014F000C3F814A0535901335351D9F80030DB6AB3
:10150000994288BF0120A8E7094A13680133136094
:1015100000209CE744DC012068DC0120B8DC0120CD
:10152000B4DC012054DC0120E4DC012058DC012083
:101530005CDC01204CDC012064DF012064DC012044
:101540002DE9F84F00F0E6FF3E4B1A68013A1A60A9
:101550001B682BB1002400F0EDFF2046BDE8F88F9A
:10156000394A1268002AF5D0384E394F394ADFF827
:10157000F080DFF8E8904FF0010C4FF0140E3FE0E0
:10158000F368DB68D3E90714986A8C60616041688E
:1015900003F11805A9424FF0000108BF44609962A9
:1015A000016801390160D3E9021458698C606160F7
:1015B00041681D1DA942016808BF446001390160EE
:1015C000D96A3C680CFA01F0204338600EFB01F048
:1015D00002EB000ADAF804409C60D4F808B0C3F8C3
:1015E0000CB0CBF80450A5601458C3F814A0013413
:1015F0001450D8F80000C06A814201D3C9F800C075
:1016000031680029BCD10BB1FFF770FD124D2C6879
:1016100044B1124E0127FFF7E9FE00B13760013CEB
:10162000F9D12C600D4B1B68002B93D04FF0E023B9
:101630004FF08052C3F8042DBFF34F8FBFF36F8F6D
:10164000012488E744DC01206CDC0120A0DC0120BF
:1016500064DC0120E4DC01205CDC012058DC01209A
:1016600064DF012008B550B94FF0E0234FF08052FD
:10167000C3F8042DBFF34F8FBFF36F8F08BD002158
:10168000FFF770FEFFF7C0FCFFF75AFF0028EBD012
:10169000F4E70000F8B51A4C1A4F1B4D2368E3B964
:1016A0001A4B1B68012B09D94FF0E0234FF08052F1
:1016B000C3F8042DBFF34F8FBFF36F8FFFF7F4FC18
:1016C0000328EAD9FFF74EFEFFF7EEFC032801D905
:1016D000FAF722FDFFF734FFDFE700F01BFFFB689E
:1016E000DE68301DFFF73CF82B68013B2B60236858
:1016F000013B236000F01EFF3046FFF709FDCDE7F8
:1017000088DC01208CDC01206CDC0120E4DC012081
:10171000F8B5264B1A68264B12B101221A60F8BDA3
:101720001A6007F055FB234B234A01685B68234886
:10173000136013680768224D224C2960BB4206D90A
:10174000D2F800C02668F36EDB1B6344F3661368AF
:1017500003602368C3F880101B4B1B68B3FA83F344
:10176000DBB21A49C3F11F03142707FB03F28818E1
:1017700008324668766846600A44964204BF72683A
:10178000426007FB03114B68DB6823602368186B1A
:10179000FAF76CFC266807F01BFBD6F88030036074
:1017A0002368D3F880302B60B9E700BF44DC012008
:1017B00058DC0120001000E03CDC012040DC01206E
:1017C00070DC012064DF012064DC0120E4DC012006
:1017D00070B504462E4D00F09DFE04B92C68261D00
:1017E0003046FEF7BDFF60B9E06A2A4A142343433E
:1017F000D35833B9284901220B68824023EA0203F7
:101800000B60A36A1BB104F11800FEF7A9FF314673
:101810002248234EFEF782FF94F87C30012B04BF50
:10182000002384F87C3094F87D30012B04BF002322
:1018300084F87D3094F87E30012B04BF002384F8B7
:101840007E3000F077FE33682BB100F063FEFFF7C7
:101850004DFC00F06FFE2B68A3420BD1336853B1EF
:101860004FF0E0234FF08052C3F8042DBFF34F8FA9
:10187000BFF36F8F70BD094A11680A4A126891421E
:1018800001D12B60F6E7BDE87040FFF741BF00BF14
:1018900064DF0120E4DC012064DC012074DC012031
:1018A00060DC01206CDC012010B5064B0C46196889
:1018B0001831FEF73EFF20460121BDE81040FFF73A
:1018C000A3BB00BF64DF012070B40E4C0346206848
:1018D00041F00041816120685968C1612068256834
:1018E0008E68066218357560256818358D60216828
:1018F0008B6219680131196070BC01211046FFF735
:1019000083BB00BF64DF01200E4B70B41D684468C8
:10191000EC611D68A6682E621D68183575601D682B
:101920001B681835A56098620368002A03F101035B
:10193000036070BC0CBF08464FF0FF301146FFF744
:1019400063BB00BF64DF0120C368D868836AD0E945
:10195000071270B55C688A60516000F118018C4212
:1019600008BF5A60002282621A68013A1A601F4B4F
:101970001B68002B2ED1D0E9021243698A605160A6
:101980005968041DA14208BF5A601A681849013AF3
:101990001A60C36A0D6801229A402A430A60154AF8
:1019A00014214B43D518696881608E68C6607460E5
:1019B0008C60D15845610131D150FFF797FB0E4B38
:1019C000C26A1B68DB6A9A4283BF0C4B0120186015
:1019D000002070BD0A4B5A68C2619468046261605D
:1019E00091601A68836201321A60E8E744DC0120E2
:1019F00064DC0120E4DC012064DF012058DC0120EC
:101A0000A0DC012041F00041F8B5D0E903430160BA
:101A1000D0E901128A6051605968814208BF5A605A
:101A2000002202611A68013A1A60FFF75FFBD4E9ED
:101A3000021263698A6051605968251DA94208BF76
:101A40005A601A681149013A1A60E26A0868012668
:101A500006FA02F303430B600D4914235343CF18D6
:101A60007868A060D0F808C0C4F80CC0CCF8045066
:101A70008560C85867613044C850064B1B68DB6AF4
:101A80009A4284BF044B1E60F8BD00BF64DC012095
:101A9000E4DC012064DF012058DC0120034B1B68DB
:101AA0000360034B1B684360704700BF54DC012098
:101AB00068DC012070B50D46044600F02BFD0F4B8D
:101AC00019682B685A1C17D00D4826680068626890
:101AD000864208D08A4206D800232B60012400F0F9
:101AE00029FD204670BD881A8342F5D95B1A13443C
:101AF0002B602046FFF7D2FF0024F0E768DC0120CE
:101B000054DC0120014B01221A60704758DC01208F
:101B10000B4B1B687BB90B4A106870B90A4B1B68EA
:101B200063B90A4B18680A4B1B68013B98420CBF0B
:101B3000022001207047002070471846704700BF00
:101B4000A0DC012058DC01205CDC012074DC0120D9
:101B50006CDC012019B908B9014B1868826670471E
:101B600064DF012021B908B9024B1868806E704704
:101B70000020704764DF012008B9064B1868026B2B
:101B80000020135CA52B02D0C0F38F0070470130FA
:101B9000F7E700BF64DF0120014B1868704700BF02
:101BA00064DF0120054B1B6833B1054B1868B0FAA0
:101BB00080F04009400070470120704760DC012040
:101BC00044DC0120F8B50446002837D0224DC36A12
:101BD0002A68D26A934236D28269204E002AA1BF77
:101BE0002A68D26AC2F120028261142202FB0363D6
:101BF00042699A4223D1071D3846FEF7B1FD1849C4
:101C000030B9E06A0B680122824023EA02030B60CC
:101C10002B680868DB6AE36201229A4002430A608B
:101C200014225343F1184A68A2609068E06047604C
:101C30009760F25861610132F2500120F8BD2B68C3
:101C4000DB6AC362F9E72B68006EDB6A98422CBF3F
:101C500000200120F2E700BF64DF0120E4DC012066
:101C600064DC0120F8B5044608B90020F8BD436ED5
:101C7000C16A026E013B91424366F6D0002BF4D15B
:101C8000051D2846FEF76CFD114A30B9E06A13685D
:101C90000121814023EA01031360236E1668E36289
:101CA000C3F120010120A16100FA03F13143116069
:101CB000084A14214B43D6187168A1608F68E76009
:101CC0007D608D60D15866610144D150CEE700BF80
:101CD00064DC0120E4DC012070B50446002837D024
:101CE000036E994238BF1946C36A8B4230D0426EA8
:101CF000012A2DD18269174DC162002A4FF01402CA
:101D000002FB03534269A4BFC1F1200181619A42E1
:101D10001ED1061D3046FEF723FDE36A0E4928B9A1
:101D20000A680120984022EA00020A60086801223D
:101D30009A4002430A6014225343E9184A68A26099
:101D40009068E06046609660EA5861610132EA504E
:101D500070BD00BFE4DC012064DC0120044B1A6884
:101D6000196890691A68CB6AC3F1200393617047C0
:101D700064DF0120044B1A681AB119684A6E0132F7
:101D80004A661868704700BF64DF01202DE9F843F8
:101D9000284DDDF8208004461E468946174600F08F
:101DA000B9FB2B68234493F87C30022B1BD02B68A3
:101DB00003EB840301211A6F22EA09021A672B68D8
:101DC000234483F87C10B8F1000F0CD04046FFF795
:101DD0001BF94FF0E0234FF08052C3F8042DBFF3FE
:101DE0004F8FBFF36F8F00F0A5FB00F093FB2EB178
:101DF0002B6804F11C0253F8223033602B68234413
:101E000093F87C30022B01BF2B6803EB840301267F
:101E10001A6F04BFBA431A672B6823444FF00002BD
:101E200018BF002683F87C2000F084FB3046BDE814
:101E3000F88300BF64DF01202DE9F041DDF8188050
:101E400005460C4617461E4600F064FBB8F1000F2D
:101E500005D004F11C0355F82330C8F800302B19C5
:101E6000022293F87C1083F87C20731EC9B2032BE6
:101E700008D8DFE803F002434A4805EB8404236FE7
:101E80003B432367012933D1D5E902126B698A608C
:101E900051605968281D814208BF5A601A681E495E
:101EA000013A1A60EB6A0C6801229A4022430A60E8
:101EB0001A4A14214B43D4186168A9608E68EE60F9
:101EC00070608860D1586C610131D150FFF70EF914
:101ED000134BEA6A1B68DB6A9A4209D94FF0E02388
:101EE0004FF08052C3F8042DBFF34F8FBFF36F8FB5
:101EF000012400F01FFB2046BDE8F08105EB8404BF
:101F0000236F0133BDE7022903D01C3445F8247048
:101F1000B8E70024EDE700BF64DC0120E4DC012029
:101F200064DF0120F0B5DDE90564EFF311854FF0C2
:101F3000500787F31188BFF36F8FBFF34F8F26B120
:101F400001F11C0750F82770376047184FF0020C5A
:101F500097F87C6087F87CC0013BF6B2032B08D869
:101F6000DFE803F002434B4900EB81010B6F1A439A
:101F70000A67012E35D12B4BC26A1B68002B40D15A
:101F8000D0E902614369B1604E605E68071DBE42E0
:101F900008BF5960196801391960234901230E6887
:101FA000934033430B6021491423534301EB030C4B
:101FB000DCF804608660D6F808E0C0F80CE0CEF8E3
:101FC0000470B760C0F814C0C8580130C850184B2E
:101FD0001B68DB6A9A4204D9012304B12360154AC5
:101FE0001360012085F31188F0BD00EB81010B6FB8
:101FF00001330B67BDE7022E11D01C3140F82120C0
:10200000B7E70D4B5968C1618F68076200F1180688
:102010007E608E601968836201311960D7E7002005
:10202000E0E700BF44DC012064DC0120E4DC0120A7
:1020300064DF012058DC0120A0DC012038B50D460A
:10204000044608B9084B1C682C4400F063FA94F865
:102050007C300020022B0ABF84F87C000446012457
:1020600000F068FA204638BD64DF012070B50E46E6
:102070001546044608B9074B1C6804EB860400F0BB
:1020800049FA266F236F23EA0503236700F052FA0B
:10209000304670BD64DF0120914208B541600061A7
:1020A0000AD8D21A83699A420DD2084B011D1868CA
:1020B000FEF73FFB002008BD9A4201D2994202D2AE
:1020C000034B011DF3E70120F5E700BFC4E1012048
:1020D000C8E1012070B504460D461646A1692B469D
:1020E000324629442046FFF7D7FF00B970BDA369E7
:1020F00020461D44236A9847F0E700000E4B1B68FA
:10210000DB6870B5DC680546201D0E46FEF728FB2F
:1021100094F828305A0709D5324629462046FFF759
:10212000D9FF236A2046BDE87040184723F0010319
:1021300084F82830F5E700BFC8E10120F8B50F4E5C
:102140000546FFF717F933688342044609D90C4F57
:102150003B681A6852B90B4A116839601360012351
:1021600000E000232B6034602046F8BDDB684FF0B0
:10217000FF311868FFF7C2FFEAE700BFB8E10120AE
:10218000C8E10120C4E101202DE9F041544F554E32
:1021900086B03B68D3F80080B8F1000F33D0DB681D
:1021A000D3F800800024FFF7DDF802A8FFF7C6FF90
:1021B000029B0546002B43D13CBB40452BD3FFF788
:1021C000BFF929464046FFF799FF3068002202A96F
:1021D000FEF7FCFC0028DCD0029B0498002B32DBCD
:1021E000049C6369002B35D101A8FFF7A7FF029B70
:1021F000013B0546082BE8D8DFE803F03030535A9E
:10220000693030535A000124CDE7374B1B681C68F6
:10221000B4FA84F4640930682246A8EB0501FEF79D
:1022200047FEFFF78DF90028CFD14FF0E0234FF0A4
:102230008052C3F8042DBFF34F8FBFF36F8FC4E7F5
:10224000FFF77EF9C1E7039B05999847029B002B96
:10225000BBDBC5E7201DFEF783FAC5E794F82830FD
:10226000A16943F0010384F82830039B0246194416
:102270002046FFF711FF0028A7D094F8283059070F
:102280000AD5A36903992A4619442046FFF722FF7D
:10229000236A2046984798E723F0010384F8283002
:1022A000F6E794F8283023F0010384F828308CE70F
:1022B00094F8283043F0010384F828300399A16191
:1022C0000346024601442046FFF7E6FE7DE794F808
:1022D00028309A07E7D42046FCF702FC75E700BFD8
:1022E000C8E10120C0E10120C4E10120F7B50F4C95
:1022F00000F010F925689DB90D4F0E4E3846FEF7D7
:10230000FFF93046FEF7FCF90B4B0C4A1F600C4BF3
:1023100010211E6020200B4B0095FEF7FAFA20607A
:1023200003B0BDE8F04000F005B900BFC0E10120F6
:10233000E0E10120CCE10120C8E10120B8DF01206B
:10234000C4E1012068DF012010B588B0FFF7CEFF9F
:102350000E4B18680024B8B107AA06A905A8CDE954
:102360000544FEF7D9F8059B0293069B01930223CF
:102370000093079A064907482346FEF71DFF064BC0
:102380001860001B18BF012008B010BDC0E101207B
:1023900043B5012089210120BCE101202DE9F04154
:1023A000079C80460F4615461E46A4B1022384F8BA
:1023B0002830FFF79BFF069BC4F80080C4E906762F
:1023C0002362201DFEF7A7F92DB194F8283043F0C1
:1023D000040384F828302046BDE8F0817FB50F4C17
:1023E0000546206816461A4680B10529CDE9001633
:1023F00002950DDCFFF7D6FB0023022808BF089AE0
:10240000206818BF1A466946FEF7C6FA04B070BDC8
:1024100000236946FEF774FBF8E700BFC0E1012026
:10242000014B1868704700BFBCE10120006870478D
:1024300010B5044600F06EF894F8284004F001044A
:1024400000F078F8204610BD10B5044600F062F8A0
:10245000E46900F06FF8204610BD00001FB5144677
:102460001A466FF00103CDE900300548CDE90214AA
:10247000002369460068FEF743FB04B010BD00BFAF
:10248000C0E1012008480068006880F308884FF028
:10249000000080F3148862B661B6BFF34F8FBFF3BC
:1024A0006F8F00DF00BF000008ED00E0DFF80C00D8
:1024B000016841F4700101607047000088ED00E0A0
:1024C0004FF0807340F8043C074B40F8202C023357
:1024D00040F80C3C21F001016FF0020340F8081CA9
:1024E00040F8243C44387047D5FB00200000000031
:1024F000074B19680868B0E8F04F80F30988BFF30C
:102500006F8F4FF0000080F311887047AFF30080A9
:1025100064DF01204FF0500383F31188BFF36F8F06
:10252000BFF34F8F024A136801331360704700BF37
:1025300040D60120034A1368013B13600BB983F3B3
:102540001188704740D60120000000000000000004
:10255000EFF30980BFF36F8F154B1A681EF0100F51
:1025600008BF20ED108A20E9F04F10602DE9090026
:102570004FF0500080F31188BFF34F8FBFF36F8F80
:10258000FFF7C6F84FF0000080F3118809BC196806
:102590000868B0E8F04F1EF0100F08BFB0EC108ACA
:1025A00080F30988BFF36F8F704700BFAFF30080DF
:1025B00064DF012008B54FF0500383F31188BFF3A7
:1025C0006F8FBFF34F8FFEF711FF28B14FF0E0235D
:1025D0004FF08052C3F8042D002383F3118808BD07
:1025E0004FF0E022002313619361054B4FF47A71A1
:1025F0001B68B3FBF1F3013B536107231361704781
:102600001CD6012037B54FF0E0240025D4F8203D3A
:1026100043F47003C4F8203DD4F8203D43F07043E8
:10262000C4F8203DFFF7DCFF0E4B1D60FFF73EFFB7
:10263000D4F8343F43F04043C4F8343FFFF722FF5F
:10264000FFF766F801954FF0500383F31188BFF34D
:102650006F8FBFF34F8F019B002BFCD0002003B086
:1026600030BD00BF40D6012011F5803F10B58C4A27
:102670001BD190420BD14FF0B0439A6A42F0010255
:102680009A629A6A22F001029A62002010BD854B7C
:10269000984240F002814FF0B0439A6A42F0020241
:1026A0009A629A6A22F00202EEE7904210D1012962
:1026B0004FF000031FD18360C36003614361D0F812
:1026C000003823F03F03C0F8003801234360DCE703
:1026D000744CA04240F0998001294FF000031FD1B3
:1026E0008360C36003614361D2F81C3823F03F0369
:1026F000C2F81C38E9E702291FD1C36103624362B3
:102700008362D0F8043823F03F03C0F8043802395C
:10271000052900F2C280DFE801F0AFB1B4B7BABD5D
:10272000022917D1C361036243628362D2F8203861
:1027300023F03F03C2F82038E9E7032917D10363E8
:1027400043638363C363D0F8083823F03F03C0F8C2
:102750000838DCE7032917D1036343638363C3634A
:10276000D2F8243823F03F03C2F82438CFE70429F5
:1027700017D143648364C3640365D0F80C3823F035
:102780003F03C0F80C38C2E7042917D143648364BF
:10279000C3640365D2F8283823F03F03C2F8283811
:1027A000B5E7052917D18365C36503664366D0F88D
:1027B000103823F03F03C0F81038A8E7052917D1D7
:1027C0008365C36503664366D2F82C3823F03F0364
:1027D000C2F82C389BE706292BD1C36603674367F1
:1027E0008367D0F8143823F03F03C0F814388EE71D
:1027F00006290AD1C366036743678367D2F8303876
:1028000023F03F03C2F8303881E70023264AC4F89A
:102810008030C4F88430C4F88830C4F88C3052F862
:102820002130012923F03F0342F821307FF46FAFBC
:102830004BE707290ED1C0F88030C0F88430C0F8CB
:102840008830C0F88C30D0F8183823F03F03C0F837
:1028500018385CE7134AC2F88030C2F88430C2F8F6
:102860008830C2F88C3002F57F7252F8213023F0A4
:102870003F0342F821304AE7102327E74FF48073E3
:1028800024E74FF4805321E74FF480331EE74FF4E1
:1028900080131BE74FF0807318E70120F6E600BFB6
:1028A0000000024000040240180802402DE9F041F7
:1028B000D2E9023423431469DFF898802343546932
:1028C000234394692343D4692343946A2343142400
:1028D000D2E9007C8D006143D2E908641A4A904233
:1028E0001CD1DFF874E051F80E2002EA080201EB77
:1028F0000E00134341F80E30C0F80CC087604368E7
:102900001B0C1B0433434360104B2B4400201A68FC
:1029100022F03F0222431A60BDE8F081DFF83CE07C
:1029200051F80E2002EA080201EB0E00134341F8B1
:102930000E30C0F80CC0876043681B0C1B04334387
:102940004360034BE1E700BF00000240FC07024088
:10295000180802400F80FFFFF4FF0140F40302401B
:10296000036823F0010310B50360D1E90234026863
:1029700043EA042322F4F852134303604B680361D3
:1029800003680C6943F001030360836823F4004388
:10299000836082688B6922F4FF62234322F007027E
:1029A000134383601CB1836843F40043836003686E
:1029B0000A6823F440131343036043684A6923F40D
:1029C000004313434360002010BD0000F8B50568C4
:1029D00015F0010504460F4640D13A69BB6801680D
:1029E00013437A6913431E4A0A4013430360436842
:1029F000FA6823F44053134343608368BA6923F4AD
:102A00004073134383604FF4406000F0E1F83E6888
:102A100010B37F6807B3B3B2124A294632F81320C5
:102A20002B46EDF7D1FB090241EA10617B08000259
:102A3000C0183A462B4641F10001EDF7C5FBC0F343
:102A40001300E060E368E3682846E36AB6B223F067
:102A50000F031E43E662F8BD0120F6E70120FAE706
:102A6000F3E9FFEF4EB501204FF0B0431868C0F313
:102A7000005070474FF0B0431868C0F38020704793
:102A80004FF0B043D3F89000C0F3400070474FF0D0
:102A9000B043186800F0F000B02828BFB02070479D
:102AA0004FF0B043044A9B68C3F3031352F823303A
:102AB000B0FBF3F0704700BF80AA01204FF0B04395
:102AC000044A9B68C3F3022352F8233003F01F0328
:102AD000D840704760AA01204FF0B04208B5936813
:102AE00003F00C03082B2DD00AD80BB1042B2DD0EA
:102AF000FFF7CDFF1B4BC0F3031053F8200026E077
:102B00000C2BF5D1D36803F00303022B24D0032B45
:102B10001ED0FFF7BCFF134AC0F3031052F8201079
:102B20004FF0B043D868DA68DB68C0F30620C2F320
:102B300002125B0F484301320133B0FBF2F0B0FBED
:102B4000F3F004E0FFF790FF012809D1064808BD23
:102B5000FFF78AFF012801D10349E1E70349DFE7D5
:102B60000248F4E720AA01200024F4000048E8010C
:102B700010B54FF0B044D4F888301840022807D080
:102B800003280CD0012811D1BDE81040FFF7A4BFE5
:102B9000FFF770FF01280C4818BF002010BDFFF799
:102BA0006FFF431E58425841C003F7E7FFF794FFF9
:102BB000FFF776FFA368054AC3F3C22352F8233018
:102BC00003F01F03D840E9E70024F40060AA0120C5
:102BD00008B54FF0B043D3F888301840B0F5006F17
:102BE00009D0B0F5406F0DD0B0F5806F11D1BDE8C0
:102BF0000840FFF771BFFFF73DFF0128094818BFE4
:102C0000002008BDFFF73CFF431E58425841C00357
:102C1000F7E7FFF761FFFFF743FFBDE80840FFF765
:102C20004DBF00BF0024F40013B54FF47A73019335
:102C30000246C06810F040001BD14FF0FF33D36054
:102C4000D3684FF0E021C3F38013019C04B10BB1B2
:102C500002B010BD0B69DB0342BF019B03F1FF33E0
:102C60000193D368019C002CC3F3801308BF01209B
:102C7000EBE70020ECE738B5CA23436253234362F5
:102C800004460D46FFF7D0FF012818D0A3682A6834
:102C900023F040031343A3602369AA6823F4FF438E
:102CA00023F07F031343236123696A6823F4FE033F
:102CB00043EA024323616FF08003E3600020FF23B7
:102CC000636238BD03685B0670B52ED4D1E9003667
:102CD0003343CE684A6905680C6A33430E6933434F
:102CE0008E6913433343CE6925F47F45334325F082
:102CF000BF0523432B43036043688D6823F470634F
:102D000023F0040345EA12421A43B5F5006F42600E
:102D10003EBF436843F480534360B4F5005F01D085
:102D2000002070BD8B8C0361FAE70120F9E70000F9
:102D300030B51D4D03688C680A88A84202D0B0F1F6
:102D4000804F16D14D6823F070032B43CD6823F4D8
:102D500040732B430360144BC462984282621FD0BD
:102D600003F5C05398421BD003F5806398420AD103
:102D700016E00E4DA8420CD005F58065A84208D09B
:102D80000360C4628262436943F00103436100202F
:102D900030BDCD6823F440732B430360C46282626C
:102DA0000B690363EFE700BF002C014000440140C2
:102DB000B1F5805F30B500F0F08009D8102975D0EA
:102DC000B1F5807F00F0AE80012935D0012030BD03
:102DD000B1F5803F00F00E81B1F5801FF6D1036A96
:102DE000146823F480130362036A416D21F080713B
:102DF00021F4E04141EA0424116923F4001343EA79
:102E00000153516823F4801343EA015390498842E7
:102E100007D001F5C051884203D001F58061884296
:102E200006D14168956921F4802141EA85214160FC
:102E3000D2684465C26536E0036A156823F0010371
:102E40000362036A4168846924F4803424F07304C3
:102E50002C43156923F002032B43556823F001032B
:102E60002B437B4DA84207D005F5C055A84203D09F
:102E700005F58065A84212D1556923F0080343EA9D
:102E80008503956823F0040343EA8503956921F4DB
:102E900080712943D56921F4007141EA4501D26866
:102EA0004160846142630362002090E7036A156811
:102EB00023F010030362036A4168846924F080747C
:102EC00024F4E64444EA0524156923F0200343EA88
:102ED0000513556823F0100343EA05135C4DA8421F
:102EE00007D005F5C055A84203D005F58065A84276
:102EF00013D1556923F0800343EA8513956823F0C5
:102F0000400343EA8513956921F4806141EA850114
:102F1000D56921F4006141EAC501D268416084614C
:102F20008263C0E7036A156823F480730362036A4F
:102F30004168C46924F4803424F073042C43156977
:102F400023F4007343EA0523556823F4807343EAAE
:102F500005233F4DA84207D005F5C055A84203D030
:102F600005F58065A84213D1556923F4006343EA4F
:102F70008523956823F4806343EA8523956921F4CA
:102F8000805141EA0511D56921F4005141EA45110A
:102F9000D2684160C461C26385E7036A156823F49F
:102FA00080530362036A4468C16921F0807121F48F
:102FB000E64141EA0521156923F4005343EA05334C
:102FC000556823F4805343EA0533214DA84207D0C6
:102FD00005F5C055A84203D005F58065A84204D187
:102FE000956924F4804444EA8514D2684460C16140
:102FF000026458E7036A146823F480330362036AA7
:10300000416D21F4803121F070010C43116923F4EA
:10301000003343EA0143516823F4803343EA014318
:103020000B49884207D001F5C051884203D001F511
:103030008061884206D14168956921F4803141EA76
:10304000052141604465D268816D82652BE700BF30
:10305000002C014038B50368DB0704460D464CD40C
:103060002A69AB68016813436A691343EA69134329
:10307000234A0A40134303604368EA6823F4405339
:10308000134343608368AA6923F440731343836046
:103090001C4B984207D00120E26A2B8822F00F02D5
:1030A0001343E36238BD0320FFF762FD0028F2D02E
:1030B000D5E90032002AEED00B2B15D8124951F871
:1030C0002330E969B0FBF3F0B1F5004F4FEA52034A
:1030D0000ED103EB4003B3FBF2F34FF6F0721A404C
:1030E000C3F342031343E360064B0020DB68D3E7DE
:1030F0000344B3FBF2F39BB2F5E70120D2E700BF34
:10310000F369FFEF0038014068B501204FF47A738E
:10311000B0FBF3F04FF0E0230022013858619A61D0
:1031200005221A6170474FF0E02382B01B690193BA
:10313000411C019B18BF01304FF0E02308B902B0D9
:1031400070471A69D203FCD50138F7E7014B1860C4
:10315000704700BF1CD6012010B5002286B004467F
:1031600001AB11464FF6524000F054F914B19DF8EE
:10317000133023709DF8120006B010BD1FB50B462A
:10318000014608B10090042113B104310193C9B282
:103190006B461A464FF6544000F03CF99DF80E007D
:1031A00005B05DF804FB1FB500226B4611464FF6D3
:1031B000554000F02FF99DF80E0005B05DF804FBB6
:1031C0001FB500226B4611464FF65A4000F022F917
:1031D0009DF80E0005B05DF804FB1FB56B468DF839
:1031E00000001A4601214FF6694000F013F99DF8DE
:1031F0000E0005B05DF804FB1FB56B468DF80000AE
:103200001A4601214FF6794000F004F99DF80E00AE
:1032100005B05DF804FB00001D4B1E4ADB6B9B00F4
:103220009BB203F1005303F5403370B51B68196876
:1032300091420FBFD3E905241A695C6959680EBF32
:10324000DD699D699B684FEA126608BFD3E90313E5
:103250000670160C4670160A8670C2F3031602F04A
:103260000F020271220E4271220C8271220AC27177
:103270000A0E82720A0CC2721A0E4273090A1A0CE2
:10328000C6700472457201738273C373002070BDEF
:1032900000400058B95646A91FB5174800F0FBF981
:1032A000B8B9164C2378A3B1134801A900F020FA4D
:1032B000134BDA690123C2B101998DF808300391EB
:1032C00002A890479DF80830237083B1019800F060
:1032D000BDF9094800F0DFF928B9084B1B7813B194
:1032E0000548F7F7A7FB04B010BD2370EEE701997E
:1032F000014800F0DAF9ECE744D701203CD701207F
:10330000F4E1012010B5054C0146204600F0D9F942
:103310002046BDE81040F7F77FBB00BF59D701201A
:10332000034B01201870034B1B6803B1184770470B
:1033300058D7012018E2012030B5104D104B4A68D3
:10334000E8610C4685B028461A6005F0A5FB0D4BD8
:1033500024680D481C6000F09BF9FFF7E1FF0B4B60
:1033600001221A702B6833B1094A0192094A039469
:10337000029201A8984705B030BD00BF1CE20120B1
:1033800018E2012054D7012059D7012050D701203D
:103390009D340120053301201FB5174800F07BF94B
:1033A000B8B9164C2378A3B1134801A900F0A0F9CD
:1033B000134BDA690123C2B101998DF808300391EA
:1033C00002A890479DF80830237083B1019800F05F
:1033D0003DF9094800F05FF928B9084B1B7813B193
:1033E0000548F7F719FB04B010BD2370EEE701990B
:1033F000014800F05AF9ECE759D7012050D70120D5
:103400001CE20120024A1378002BFCD1704700BF58
:1034100014E201202DE9F8431D46184B1B680746AE
:103420000C4616460BB100209847DFF86080144B1D
:10343000D8F800004FF00009A0F80970C4722246C5
:1034400031460C3083F8009005F0B4FC0D4B01229E
:103450001A700D4B49461B694846984748F2E800E8
:10346000FFF7D0FFD8F800108A7805F10800033282
:1034700005F0A0FCBDE8F843FFF752BF18E20120B9
:1034800058D7012014E201201CE2012054D701206A
:10349000014B00221A70704714E2012008B5002089
:1034A000FFF7F6FF08BD000037B5094C094D084885
:1034B00000F0F1F808B103B030BD01A9204600F0DA
:1034C00017F92B690199186900F0FBF8EFE700BFC5
:1034D0004CE2012000000320F9F71EBC0B4B0C4A04
:1034E0001A600C4A5A600C4A9A600C4A1A620C4ADA
:1034F0005A620C4ADA600C4A1A610C4A5A610C4A48
:103500009A610C4ADA61F9F71FBC00BF0000032082
:10351000B8000320A8000320980003209000032097
:103520008800032080000320640003206000032043
:10353000540003204800032037B5084C084D0748C5
:1035400000F0A9F808B103B030BD204601A900F091
:10355000CFF82B6801989847F1E700BF30000320AF
:1035600048E20120014B1B68184700BF44E20120DC
:1035700038B50A4D0446284600F08AF8084BA26880
:10358000DB68C3E90025F9F70BFC064B22681A60DB
:10359000054B62681A60002038BD00BF2800032078
:1035A0000000032040E201203CE2012008B5054B69
:1035B000DA68DB68126810211172F9F7F9FB002054
:1035C00008BD00BF00000320034BDA68DA68034B34
:1035D00010681B68184700BF0000032040E201206C
:1035E00037B5084C084D074800F055F808B103B04E
:1035F00030BD204601A900F07BF82B680198984760
:10360000F1E700BF280003203CE2012038B50C4D53
:103610000446284600F03CF80A4800F039F80A4B06
:10362000A2681B699A60E268C3E9032522681A60F0
:1036300062685A6022695A6162699A6138BD00BF46
:10364000400003204CE201200000032008B50146A1
:10365000034800F036F8BDE808400248F9F7CABB55
:103660004CE20120A93401207047000013B5074C3B
:10367000064800F010F808B102B010BD204601A9BC
:1036800000F036F80198FFF7EFFFF1E7380003206C
:10369000006040607047EFF3108372B60268821AD0
:1036A0005042504183F310887047EFF3108372B695
:1036B00002680A60486001600A68516083F31088FC
:1036C0007047EFF3108372B6086042684A60416049
:1036D0004A68116083F310887047EFF3108272B666
:1036E00043680168196001684B6082F31088704775
:1036F00010B5EFF3108472B603680B600068FFF733
:10370000ECFF84F3108810BD2DE9F341264D2B7D8D
:10371000322743F080032B7514220097D6210646EA
:10372000F7F7D5FE4FF015082B4604460197CDF864
:1037300000800022D6213046F7F7B4FEAB7863F064
:103740003F03AB7004400097DBB20222D621304623
:10375000F7F7BDFEEB79E4B26FF30513EB710440AC
:103760000097DBB20722D6213046F7F7B0FEAB7ADE
:1037700003F0080363F07C03AB720440009703F08E
:103780008B030A22D6213046F7F7A1FECDE9008748
:1037900004402B460022D6213046F7F783FE204016
:1037A00002B0BDE8F08100BF54E201201FB5022342
:1037B0003222CDE90032ADF80E100DF10E030022D9
:1037C000AA21F7F797FE05B05DF804FB7FB58DF8E9
:1037D00017103221CDE90131009201230DF11702BA
:1037E000AA21F7F72CFE07B05DF804FB07B500230C
:1037F000ADF806300DF106020223FFF7E7FF20B90E
:10380000044A05490220FAF7DDFCBDF8060003B0C2
:103810005DF804FB98B50120B1B50120F0B589B081
:1038200000240F461D4606949DF838C0ADF81810C8
:10383000991C06AB0646ADF81C4005945818E300E9
:10384000013422FA03F3A54200F8013DF7D13223F7
:103850000193BCF1000F3AD0009106AB3E22AA21A1
:103860003046F7F747FE38B92E4A2F490220FAF7BB
:10387000A9FC002009B0F0BDFA20FAF7DFFBA11C7B
:10388000002389B206A81A4610F8015B013292B2F1
:103890002B449142DBB2F7D8DB4304348DF8183067
:1038A0008DF8194032230224CDE90043602206AB93
:1038B000AA213046F7F71EFE18B91C4A1A492046BD
:1038C000D5E742F21070FAF7B9FB0120D2E70224E3
:1038D000009406AB3E22AA213046F7F70BFE08B94A
:1038E000134AEBE74FF47A70FAF7A8FB2B4605AAC8
:1038F00040213046FFF76AFF08B90E4ADEE74FF471
:103900007A70FAF79BFB059BDDF81A209342DCD016
:10391000CDE901320449084A00953B462046FAF7B2
:1039200051FCA6E7B7B50120B1B50120C7B501200C
:10393000D8B50120FAB5012009B601200A460223B4
:103940000021FFF743BF0A4602233A21FFF73EBF9B
:103950002DE9F043064685B00C461746002A3DD0B7
:103960009023ADF80C3002253223CDE900533E22DE
:1039700003ABAA21F7F7BEFD30B9544A54490220DF
:10398000FAF720FC00259CE0DFF85081DFF8409139
:1039900040F2CF7502A93046FFF7D5FFD0B92B46CC
:1039A000424649460320FAF70DFC4FF47A70FAF7C5
:1039B00045FB013DEED19DF808209DF809304449B2
:1039C000C2F341020092C3F38003424A0220FAF795
:1039D000F9FBD7E79DF809305A07E6D508340125E9
:1039E00034F8083C23BB002F6BD0002DCAD09121A6
:1039F0003046FFF7DBFE3848384FDFF8D480FAF75F
:103A00001DFB40F2CF7403A93046FFF79CFF05462B
:103A1000002852D123463A4641460320FAF7D2FB0A
:103A20004FF47A70FAF70AFB013CECD12C4AA5E777
:103A3000013B0A2B3DD8DFE803F0060C13201A1DCA
:103A400020202C30340054F8040CFAF7F7FA08342C
:103A5000C6E714F8042C34F8061C0097012312E082
:103A600034F8042C34F8061C009702230BE014F9F8
:103A7000042CF0E734F9042CF4E734F8061C009722
:103A800054F8042C04233046FFF7C8FE2840C5B282
:103A9000DDE754F8043C1A78DDE754F8043C1A8852
:103AA000E0E754F8042C34F8061C0097126804234D
:103AB000E9E7DFF830C0F9F70DFA9DF80D305B0744
:103AC000AED4284605B0BDE8F08300BF2FB6012074
:103AD000B1B50120ABB6012080841E004FB6012095
:103AE00090B6012080B60120F7B541210546FFF7C9
:103AF0005DFE30B9114A12490220FAF763FB00203B
:103B00001AE0104E0E4F40F69F7401A92846FFF7A9
:103B10001AFF68B92346324639460320FAF752FBAA
:103B20004FF47A70FAF78AFA013CEED1064AE2E7DE
:103B30009DF804309B06F3D503B0F0BDD7B6012045
:103B4000B1B501204FB60120ECB6012037B50023F6
:103B500001A90546ADF80430FFF7F5FE044640B96B
:103B6000134A14490220FAF72DFB0024204603B023
:103B700030BD9DF8043003F00603062BF6D030214B
:103B80002846FFF713FE08B90B4AEAE74FF47A70AC
:103B9000FAF754FA01A92846FFF7D5FE0028DFD02E
:103BA0009DF8043003F00603062BDFD0034AD8E764
:103BB00009B70120B1B501201DB7012031B701209F
:103BC00037B5002301A90546ADF80430FFF7BBFE69
:103BD000044640B91A4A1B490220FAF7F3FA0024B6
:103BE000204603B030BD9DF8043003F00603062BD9
:103BF000F6D140F214412846FFF7D8FD41F2883053
:103C0000FAF71CFA43F272612846FFF7CFFD41F242
:103C10008830FAF713FA01A92846FFF794FE002826
:103C2000D8D09DF8043003F00602042AD8D0064A02
:103C30000449C3F341030220FAF7C4FACFE700BFF7
:103C400009B70120B1B501203DB70120F7B5274FD5
:103C5000274E044640F2CF7501A92046FFF773FEB8
:103C600068B92B463A4631460320FAF7ABFA4FF4CF
:103C70007A70FAF7E3F9013DEED11E4A08E09DF8AB
:103C8000043003F00603022B07D0042B07D01A4A96
:103C900017490220FAF796FA002003B0F0BD4FF65C
:103CA000FF712046FFF782FD41F28830FAF7C6F92E
:103CB0004FF6FF712046FFF779FD41F28830FAF7A1
:103CC000BDF901A92046FFF73EFE08B90B4ADFE720
:103CD0009DF8043003F00602022ADED0084A0449A7
:103CE000C3F341030220FAF76DFAD5E74FB601207E
:103CF000B1B501207AB701204EB7012009B70120E4
:103D000064B7012073B50E4601210446FFF74EFD4E
:103D100028B93D4A3D490220FAF754FA10E04FF421
:103D20007A70FAF78BF940212046FFF75FFDB0F576
:103D3000087F034607D0364A34490220FAF742FA90
:103D4000002002B070BD2046FFF73AFF0028F7D0F0
:103D500069462046FFF7F7FD054608B92D4AD9E721
:103D60009DF800309A0604D59DF8013013F0040345
:103D70000BD0294A25490220FAF724FA01A9204646
:103D8000FFF7DCFD18B9254AC4E71D46F6E79DF8A4
:103D900004305B070FD0224A1C490220FAF712FABE
:103DA0000320204A1949FAF70DFA2046FFF79CFE36
:103DB00058B91D4AAEE7002DF2D12A4631462046B9
:103DC000FFF7C6FDC0B9194AE6E72046FFF73EFFF8
:103DD0000028B5D0164A0D490320FAF7F3F901225D
:103DE00031462046FFF7B4FD002231462046FFF75A
:103DF000AFFD08B90F4A8DE72046FFF7A7FE002860
:103E00009FD10D4A86E700BF99B70120B1B50120C7
:103E1000B6B701207AB70120DBB70120F9B701203E
:103E200016B8012061B8012072B8012036B801200F
:103E300089B801209EB8012031B7012007B532238F
:103E400000930D22FF236021F7F741FB03B05DF8DB
:103E500004FB37B532250446009561230822602112
:103E6000F7F735FB00950023702260212046F7F715
:103E70002EFB03B030BD07B5322300930022C023D0
:103E80006021F7F724FB4FF4FA7003B05DF804EB00
:103E9000FAF7D4B807B50139134607290BD8DFE87C
:103EA00001F004110A0D0A0A0A0F072232210091BB
:103EB0006021F7F70CFB03B05DF804FB0522F5E782
:103EC0000F22F3E70622F1E707B501391346072968
:103ED0000BD8DFE801F004110A0D0A0A0A0F0422C8
:103EE000322100916021F7F7F2FA03B05DF804FB8C
:103EF0000222F5E70E22F3E70322F1E71FB50139AD
:103F0000072918D8DFE801F0041517111717171340
:103F100004223223009360210DF10F03F7F7ADFA6D
:103F20009DF80F0005B05DF804FB0222F1E70E22B8
:103F3000EFE70322EDE70020F4E72DE9FF4100233E
:103F400005460C468DF80F3002F00306E10725D533
:103F500004F0FE044FF0040832270DF10F03702225
:103F6000602100972846F7F788FA9DF80F300097F0
:103F7000032202FA08F223EA020306FA08F843EAE7
:103F80000803DBB27022602128468DF80F30F7F766
:103F90009EFA002CDAD104B0BDE8F08114F00208DA
:103FA00004D004F0FD044FF00208D5E7620702D503
:103FB00004F0FB04D0E72307EDD504F0F7044FF03D
:103FC0000608C9E72DE9F04F4D1EEDB2022D85B070
:103FD00004460F469246984678D84FF0320B00229E
:103FE0000DF10F036021CDF800B0C7F103068DF885
:103FF0000E208DF80F207600F7F73FFA0DF10E0333
:1040000001226021CDF800B02046F7F736FAF6B26B
:1040100003239DF80E20CDF800B0B340DB435FFAD8
:1040200083F91340012202FA06F10B43DBB260214F
:1040300020468DF80E30F7F74AFA6420F9F7FEFFB4
:10404000A8F1020308F11E0133F8022F52BA8B4285
:104050001A80F9D16A014FF0320B20231032CDE9DA
:10406000003B02F0F002434660212046F7F742FA97
:104070000DF10E0301226021CDF800B02046F7F7C4
:10408000FCF902259DF80E30CDF800B0B540EDB238
:1040900009EA03032B430122602120468DF80E30EC
:1040A000F7F715FA3A4651462046FFF746FF9DF8C6
:1040B0000F30CDF800B009EA030945EA09030022F0
:1040C000602120468DF80F30F7F701FA05B0BDE802
:1040D000F08F7FB54B1E022B05460C461CD80023E3
:1040E0003226C4F103048DF80F3001220DF10F03C5
:1040F000602100966400F7F7C0F9E4B29DF80F3034
:1041000000960322A24023EA0203602101222846EE
:104110008DF80F30F7F7DBF904B070BD2DE9F043EF
:1041200089B006469DF84050AB42884617469946EE
:104130003FD000223946FFF700FFA945BDF84440B3
:1041400034BFA5EB0902A9EB0502D2B26400B4FBAF
:10415000F2F4A4B23F2C86BF6409012300233F2C54
:1041600028BF3F24012C38BF01242402A94524B2D2
:104170004FEA52024FEA833329BF144313432343C8
:1041800043F080033ABF1C43A3B29BB249F4804181
:10419000ADF80230084BADF80010019308224146FB
:1041A00030466B46FFF70EFF2A4639463046FFF78A
:1041B0008BFE09B0BDE8F08381A000C0F0B51646C3
:1041C00089B01F460D46002231460446FFF7B5FE72
:1041D0007A0092B29DF83C303F2A88BF520943F4DE
:1041E0008043ADF800308CBF012300233F2A28BF55
:1041F0003F22012A38BF01229B0343EA0223ADF884
:1042000002304FF48043ADF80430BDF83830DB1B8A
:104210005B009BB23F2B86BF5B09012200223F2B34
:1042200028BF3F23012B38BF0123920342EA032218
:104230000023ADF80620ADF8083032466B4629461B
:104240002046FFF7BFFE09B0F0BD00002DE9F041A8
:10425000424C2DED028B237884B006460D46A3B167
:1042600060684FF0FF31FAF790FE18B14FF0020C82
:10427000F8F730FE237A1BB1637A9E420AD14DB91A
:104280006068FAF7ADFE0028F0D104B0BDEC028BF7
:10429000BDE8F081324F7D7A7DB1013D012DEFD82F
:1042A000002E53D1E068FCF771F8354600F06AF84B
:1042B000EFB2B84242D8A6740DE007EE906AB8EEAD
:1042C000E77ADFED287A87EE278A00F05BF85FFA5D
:1042D00085F8404503D8667200F07AF8D0E708EB1D
:1042E0004803FA18FB5C9178527807EE901AF8EEC2
:1042F000E77A404667EE887A0135FCEEE77ACDED45
:10430000017A07EE902AF8EEE77A67EE887AFCEEFB
:10431000E77ACDED027A07EE903AF8EEE77A9DF86B
:1043200004309DF8082067EE887AFCEEE77ACDED40
:10433000037A9DF80C1000F027F8C6E700231A4610
:104340001946384600F020F80135AFE7002BB2D10E
:10435000F968E068FBF7FCFFADE700BF44D6012039
:1043600058D6012000007F434FF090434FF08072F9
:104370009A610348032300220121F3F711BD00BF16
:10438000DCB8012003207047F0B585B0CDE90123EA
:10439000044600910E4617460A490B4A1D4603463D
:1043A0000620F9F70FFF022C03D94FF0020CF8F7A3
:1043B00091FD064A04EB4404131917555E709D7075
:1043C00005B0F0BDD5B80120B8B8012069E20120E0
:1043D0002DE9F74F2C492D4A06206D46F9F7F2FEDC
:1043E000FFF7C2FF2846F8F767FE2948294B03214B
:1043F0004FF090444FF08079804600224FF4807E49
:104400001EE0C4F818E01AEA060FD3F804C01CD066
:104410000CF11E0CD3F804B0E345FBD3C4F818909C
:10442000D3F804C00CF11A0CD3F804B0E345FBD365
:10443000013F4FEA5606E4D10132D2B2032A15D029
:1044400018F801AB08278026DBE70CF10B0CD3F83A
:1044500004B0E345FBD3C4F81890D3F804C00CF1C2
:104460002B0CD3F804B0E345FBD3E1E7013911F09D
:10447000FF0100F10300BFD195E8030003B0BDE8E0
:10448000F04FF8F743BE00BFD5B8012042D4012059
:1044900069E20120001000E00068704703460068F0
:1044A0005968704743690239023B8B4283BF438995
:1044B000806A01FB030000207047026810B50446C3
:1044C00062B11346194613F8010B1F2810D93A2878
:1044D000F8D11378303BD8B2012802D94FF0FF3021
:1044E00005E001329142F9D1013198B2216010BD4D
:1044F0000020FCE738B50D46044618B90920002312
:104500002B6038BD0368002BF8D01A78002AF5D04C
:104510008188DA889142F1D1587801F06BFB10F074
:104520000100EBD12368EBE70138013A11F8013BB8
:1045300000F8013F92B2002AF7D1704738B5C36A3C
:104540008B4205460C4611D001230A4600F130018A
:10455000407801F069FB002818BF4FF0FF34034694
:10456000EC620CBF03460123184638BD0023FBE76D
:104570000129F8B50C4640F29080066873698B42B9
:1045800040F28B803378013B032B00F28680DFE81A
:1045900003F002313F52C1F34E0111FA84F1336A44
:1045A0008DB2C1F3462119443046FFF7C7FF10B161
:1045B0004FF0FF30F8BD691C336AC5F308058FB2B0
:1045C0003544C1F346211944304695F83050FFF781
:1045D000B5FF0028ECD1C7F30807374497F830300F
:1045E00045EA032000B2E3074CBFC0F30B10C0F351
:1045F0000B00DFE7316A304601EB1421FFF79EFF25
:104600000028D5D1640004F4FF743444208ED1E72F
:10461000316A304601EBD411FFF790FF0028C7D173
:10462000A40006F1300004F4FE742044FFF734FFC8
:1046300020F07040BEE7D0E9043153EA01022CD0EB
:10464000C57982687789022DA4EB02020CD1013B67
:1046500041F1FF315B0A43EAC153B3FBF7F39A42DE
:104660001BD81CD0601CA5E7032D02D1836993429F
:10467000F8D8C3699BB9316A304601EBD411FFF712
:104680005DFF002894D1A000303600F4FE70304465
:10469000FFF702FF20F000408CE701208AE76FF06F
:1046A000004087E72DE9F843002506688D76836B87
:1046B00007460C460BB33378042B33D1376901F12D
:1046C0001908402697F82320ABB29A4217D813B99D
:1046D0003F23A3760123234400229A7662733B7919
:1046E0002373DB061BD407F13800FFF7D7FEC4E9BC
:1046F0000001BB896381FB892381BDE8F883F20651
:1047000004BF0236B6B20021B85B01F015FA0135DC
:104710000028DDD0023608F8010FB6B2D2E700203B
:104720000146E4E7C36C013309D001F11908F368CD
:1047300033F8150028BBA8B2231800229A76FD6B27
:10474000A17E002305F1FF3818464FF02E0E18F811
:10475000012F0130202A80B234D0052A08BFE5227B
:1047600009281F4603F1010604EB030945D1B7B23E
:1047700014FA86F699B1023389F80DE09BB2727390
:10478000E5E7002101F0D8F90028D5D00135B5F5CD
:10479000807F02D008F8010FC9E70020CCE7A2F122
:1047A0004103192B89F81AE089F80DE072733BD8A0
:1047B0002E7B3B46F60601D52032D2B22744BA768C
:1047C00001339BB20B28C2D119B9E21891762A7B2A
:1047D00002B11946214400234B73EA7A227305F192
:1047E0001C00FFF759FEC4E9000305F11600FFF7AE
:1047F00053FE6081000C20817FE789F80D2000299D
:10480000DED1A2F1410CBCF1190FD7D8082895F8D8
:104810000CC007D81CF0080F18BF203289F81A20E6
:10482000B3B294E76646C5E73B46C7E7F8B5066B03
:10483000836B04462036B3B105682A78042A14BF76
:104840004FF400124FF0805296420CD2C6F3080784
:10485000FFB9416B0133836339B92B89B3EB561F21
:1048600017D80023A3630420F8BD6B89013B13EA2A
:1048700056230ED1FFF77CFE012801460FD9431CB9
:104880000FD06B699842ECD260632846FFF70AFEAE
:10489000A06330353D442663E5630020E4E7022051
:1048A000E2E70120E0E700002DE9F84F4FF0FF08B4
:1048B000066805460F46C1460424A96B11B994B198
:1048C000042426E03046FFF739FE044608BBE96BB6
:1048D00008780028F4D03378042B40F0898037B171
:1048E000832840F0D58000242046BDE8F88F852835
:1048F00040F0CE802B6B2868A96BEB64D0F8108059
:10490000FFF71CFE044620B9E96B0B78852B03D01A
:1049100002240023AB63E7E720224046FFF704FEB2
:1049200098F8017001377F01A7F160039BB2B3F5DE
:10493000007FEDD82846FFF779FF04460028E8D12C
:10494000A96B2868FFF7FAFD04460028E1D1E96B5E
:104950000B78C02BDCD1202208EB0200FFF7E4FD2E
:1049600098F823300F222C33B3FBF2F3B7EB431F3D
:10497000CED308F1400A4FF040092846FFF756FF12
:1049800004460028C5D1A96B2868FFF7D7FD044667
:104990000028BED1E96B0B78C12BB9D109F12009F0
:1049A000504620221FFA89F9FFF7BEFD4F450AF154
:1049B000200AE2D898F80120013252012346022B46
:1049C00008BF0423610818F80300013301EBC43168
:1049D0009BB210FA81F19A428CB2F0D8B8F802304A
:1049E000A34295D133691B7903F03F03AB717AE79A
:1049F000CB7AE52803F03F03AB7153D02E2851D07A
:104A000023F02002A2F1080CDCF1000242EB0C02C0
:104A1000BA4247D10F2B4BD1440641D52B6B91F8AD
:104A20000D80EB6400F0BF004B7B43453AD14C8BCB
:104A3000C4BB0A78D6F80CC0DFF8A49022F040027C
:104A4000013A02EB420302EB830293B24FF0010EF4
:104A50004FF6FF7A19F8012B8A5ABEF1000F24D0C5
:104A6000FE2B1FD803F1010B2CF8132096461FFADA
:104A70008BF30134A4B20D2CECD10A78520604D584
:104A8000FE2B0FD800222CF81320431E5FFA83F967
:104A90002846FFF7CBFE044600283FF40EAF38E768
:104AA0008145C1D04FF0FF09F2E75245E1D0F9E767
:104AB000B9F1000F10D101F10B0211F8010B4FEA0F
:104AC000C91343EA590350FA83F391425FFA83F919
:104AD000F3D1C8453FF407AF4FF0FF33EB6402E773
:104AE00000B9012038B5056882682B780021042BB5
:104AF0000446016308D1AAB96A6A0023E3718AB93E
:104B00002B892BB9022038BD62B9022BF8D9F3E703
:104B1000686A0022C4E90D200028F3D03035E5632F
:104B20000020F0E76B8963B911462046FFF720FDAE
:104B3000431C02460AD00128E4D96B699842F3D39A
:104B4000E0E711462846FFF7ADFCE3E70120DAE78E
:104B500003284B8B04BF8A8A43EA024318467047F6
:104B6000002310B5C3704FF0FF33C3620446FFF754
:104B7000E5FC0346B0BBB4F82E124AF6552291422A
:104B800032D194F83020E92A05D0226B174902F07F
:104B9000FF128A4210D104F16600FFF77DFC144A2F
:104BA00020F07F40904216D004F18200FFF774FCA1
:104BB00002F14C5290420ED00E4904F130023B34C7
:104BC00012F8013B11F8010B9442A3EB000304D04F
:104BD000002BF5D00223184610BD002B14BF022372
:104BE0000123F8E70423F6E70323F4E7EB00900042
:104BF00046415400E4B801202DE9FF4100230B6039
:104C00000E46FFF75AFC051EC0F24B81A74B53F826
:104C10002540002C00F047813460237853B9E8B276
:104C200000232370607000F0EFFF10F0010508D042
:104C30000320B2E0607800F0DDFFC107EFD4002070
:104C4000ABE029462046FFF78BFF022840F0A28008
:104C50006F4604F5FB7304F236213A4613F8040C50
:104C600010B11846FFF718FC10338B4242F8040BC2
:104C7000F4D1002657F8045B002D00F0828029460D
:104C80002046FFF76DFF01287CD8012840F08D8079
:104C900004F13A020B2312F8016F002E40F08380DA
:104CA0000133402BF7D1B4F89830B3F5807F7AD137
:104CB00094F89C30092B76D104F17800FFF7EEFBD5
:104CC0004FF0FF332F1841F10001BB4276EB010397
:104CD00069D304F18400FFF7DFFBA06194F89E0024
:104CE000A07001285FD194F89D3000FA03F39AB2C6
:104CF0006281002A57D004F18C00FFF7CDFB0246F9
:104D00006B4882424FD8901C6061E56104F18800D5
:104D1000FFF7C2FB05EB0008C4F8288004F180000F
:104D2000FFF7BAFB9BB22844206202FB03F010EBB2
:104D3000080046EB0603874271EB030333D304F10B
:104D40009000FFF7A9FB014660622046FFF7AAFB2F
:104D500001462046FFF7F2FBF0B904F144030022BC
:104D600013F8141C812905D11846FFF795FB02287A
:104D700000F095802032B2F5007F03F12003EFD1DF
:104D800011E003200136B6B2042E7FF473AF04287D
:104D900009D101E0042803D1012004B0BDE8F0816D
:104DA00001287FF672AF0D20F7E7B4F83B30B3F57A
:104DB000007FF8D1B4F8461021B904F15400FFF790
:104DC0006BFB014694F84030A1615A1E012AA37082
:104DD000E9D894F83D80A4F80A80B8F1000FE2D039
:104DE00008F1FF3212EA080FDDD1B4F841702781D3
:104DF0003A07D8D1B4F8430018B904F15000FFF7CE
:104E00004BFBE28F002ACED001FB03FC02EB17160E
:104E100066448642C7D8831B4345B3FBF8F0C2D330
:104E20004FF6F57E704500F102032A442E441BD94B
:104E3000C4E90752B4F85A2063613A43A662B2D17A
:104E400004F15C00FFF728FB9B00032203F2FF1331
:104E5000B1EB532F6062A6D32270164A1388013338
:104E60009BB21380E380EAE640F6F57E7045C4E924
:104E700007526361A6620BD8002F94D00CEB02009E
:104E800003EB430203F0010303EB52030122DDE7CE
:104E9000002F88D00CEB02005B000222D6E7042230
:104EA000DAE70B2079E70C2077E700BF74E20120F6
:104EB000FDFFFF7F72E201202DE9F04F89B003680A
:104EC000019304468A4611F8013B2F2BFAD05C2B44
:104ED000F8D00023A360E3619AF800301F2B00F2A2
:104EE000D7818023204684F84B3009B0BDE8F04FCD
:104EF000FFF7F8BD0137BFB2DDE1B7F5807F0BD01A
:104F0000012100F019FE38B17F2808D8844A12F830
:104F1000013B23B19842FAD14FF00608BBE028F8D4
:104F2000020F3E46BCE133F8022D202A02D02E2A81
:104F300040F0CF81013EB6B2C8E10132DAE19845D6
:104F400004D2B14550D10B2B47D101E00B2B3FD1FF
:104F500094F84030E52B02D1052384F8403045F029
:104F6000030507F00C030C2B03D007F00302032A00
:104F700001D145F00205AA0709D407F00307012F64
:104F800008BF45F01005042B08BF45F0080584F85C
:104F90004B502046D4F80090FFF7A4FD804600282F
:104FA00040F0448199F80030042B40F09980D9F802
:104FB0000C60054636F8020B002846D10021204639
:104FC000FFF772FC002850D094F84B3080462FE158
:104FD000B14502D045F003052BD8BF00FFB2B14662
:104FE0000B234FF00808B8E17F280CD90021029369
:104FF00000F0A2FD45F00205029B60B1494A02445F
:1050000012F8800C38B1484911F8012B002A00F041
:10501000B1819042F8D145F003055F2008F101020B
:10502000A04488F840001FFA82F896E147F0020792
:10503000F4E794F84020E52A04BF052284F84020D4
:10504000082B04BFBF00FFB28BE700F091FD6B0897
:1050500003EBC533C2B212FA83F39BB2000A00EB32
:10506000530000EBC33085B2A4E7D9F810309A8C16
:10507000AA42A3D193F823B006464027B3450ED1E8
:10508000D9F80C3033F81630002B97D194F84B3008
:10509000590740F1D980404609B0BDE8F08FFB06C2
:1050A00008BF0237D9F8103008BFBFB2D85B00F094
:1050B0005FFDD9F80C20029032F8160000F058FD80
:1050C000029B834206F1010203D10237BFB21646AA
:1050D000D4E7ABEB0603DBB2002B7FF46FAFCFE777
:1050E0004FF0FF334FF0FF0BE3645D46A16B484682
:1050F000FFF724FA00287FF467AFE76B39780029BF
:1051000000F0A080FA7AE52902F03F03A37103D0F2
:1051100010070BD50F2B0BD04FF0FF33E36457E094
:10512000F0B801200DB90120F9B801200F2B56D19C
:1051300094F84B305A0643D44B0647D5236B97F867
:105140000DB0E36401F0BF057B7B5B4540D17B8BF9
:10515000002B3DD13E78D9F80C30029306F03F0683
:10516000013E06EB460306EB8306894AB6B20121EF
:1051700012F8013BFB5A69B3FE2E29D81846079254
:10518000069300F0F5FC711C8BB20493029B059012
:1051900033F8160000F0ECFC059B834218D1069B07
:1051A000049E079A19467B4B9342E1D13B785F06F8
:1051B00004D519B1029B33F816304BB9013DEDB25D
:1051C0002046FFF733FB002890D0FDE6A942BBD074
:1051D000FF25F5E74FF6FF708342E4D0F8E77DB98D
:1051E00007F10B013A4612F8010BEB0143EA5503B4
:1051F00050FA83F38A42DDB2F5D1AB453FF446AFB6
:1052000094F84B30D80787D4039A07F10B0117F8AD
:10521000013B12F8010B8F42A3EB000302D0002BDD
:10522000F5D079E7002B7FF477AF2FE794F84B3078
:10523000B8F1040F7FF42FAF5A073FF52CAF4FF0B2
:10524000050828E70420BFE6A379DB06F7D5019B14
:105250001878042840F08380A36823622369E279E8
:1052600023F0FF0313436362E36CA362019B1B699A
:1052700003F13400FFF710F9A06093F8212002F049
:105280000202E27103F13800FFF708F9C4E90401F2
:105290002368D3F80CB00AF1FF39ABF102080026FD
:1052A00019F8010F771C1F28BFB20CD92F2802D084
:1052B0005C287FF422AE1AF807302F2B3FF41AAE89
:1052C0005C2B3FF417AEBA440BEB4603002E7FF481
:1052D0002AAE4FF000032BF81630002E3FF41CAE20
:1052E00004F1400303934FF0203363642364C4F854
:1052F0004730002293B23BF81330202B3FF41DAE11
:105300002E2B3FF41AAE1F288CBF0025012592B228
:10531000AD000AB145F003050BEB460333F8021D5F
:105320002E2903D0013EB6B2002EF7D14FF000086F
:10533000082347463BF8120002F101091FFA89F9D8
:1053400000283FF476AE202805D02E287FF4F7AD54
:10535000B1453FF4F8AD45F003054A46EAE7019B45
:1053600003F13001236BC3F308031944FFF7F0FB8B
:10537000A0608DE7A0F14102192A7FF657AEA0F197
:105380006102192A9EBF203847F0010780B245E626
:1053900000B901200DB901201FB5CDE9001003A807
:1053A00014460391FFF789F8002817DB0C4A52F8DE
:1053B00020300BB100211970019B23B942F8203035
:1053C000002004B010BD0021012C42F820301970DB
:1053D000F6D101A96846FFF70FFCF2E70B20F0E7D2
:1053E00074E20120F0B5ADF2C44D174601910446B8
:1053F000002860D003A901A8FFF7FEFB054600289E
:1054000054D1039E0199049618ABF36098AB3361B5
:1054100004A8FFF751FD0546002847D19DF95B30F0
:10542000002B42DB9DF8165015F0100541D1307865
:1054300004282FD1069B2362089B9DF8172023F098
:10544000FF03134332696362179BA36202F13400C6
:10545000FFF722F8A06002F13800FFF71FF8C4E957
:10546000040192F8213003F00203E371F288A28074
:105470000023A36484F83130636400220023C4E96C
:105480000E2307F00107266084F8307028460DF2DD
:10549000C44DF0BD1399FFF75BFBA06001F11C0048
:1054A000FEF7FAFFC4E90405E0E7062500232360C0
:1054B000ECE70425FAE70925E8E72DE9F04F9946DE
:1054C00087B000238846A9F8003005A9044616468F
:1054D000FFF710F80546B0BB94F831509DBB94F827
:1054E000303013F00103019300F0A180D4E90432BD
:1054F000D4E90E011B1A62EB0102B34272F1000201
:1055000038BF9EB204F14C030293E6B1D4E90E72A7
:10551000C7F30803002B7AD1DDF814A0BAF80A30DB
:10552000780A40EAC250013B03401FFA83FB510A4C
:10553000BBF1000F2BD13A4309D1A06801281ED836
:10554000022584F83150284607B0BDE8F08FA76CDB
:1055500087B123685A895B460437EAF735FE3B6812
:10556000002BEDD0834202D8C01A0837F7E77B68DA
:105570001844E3E7216C2046FEF7FAFFDEE7431C00
:1055800004D10123019D84F83130DCE72064216CD3
:105590005046FEF787FF0028D2D0B6F5007F0BEB10
:1055A000000225D3BAF80A309AF801000BEB562115
:1055B0009942C8BFA3EB0B034FEA5627C8BF9FB25F
:1055C0003B46414600F030FB0028DAD17F02BFB2F3
:1055D000D4E90E32DB1942F10002C4E90E32B9F807
:1055E0000030B8443B44F71BA9F80030BEB28CE74A
:1055F000636C93420AD09AF801000392012304F1EC
:105600004C0100F011FB039A0028BAD16264A16B2F
:10561000029BC1F30801C1F50077BFB2B74228BFB2
:1056200037463A4619444046FEF77EFFD0E7072545
:1056300089E713B501A90446FEF75CFF00B92060B5
:1056400002B010BD2DE9F04F85B003A90446914684
:105650009846FEF74FFF064618BB94F8316006BB2C
:10566000A56C002D00F08780B8F1FF3F08BFB9F1AD
:10567000FF3F39D1D4F8088055F804BB0227B8F1B0
:10568000000F29D040464FF0000A014681462046CF
:10569000FEF76EFF01280AF1010A08D8022684F8F5
:1056A0003160304605B0BDE8F08F8046EAE7421C25
:1056B00001D10126F3E709F101098145E5D002375F
:1056C000BB4521BF2B4643F808ABC5F804801D46F7
:1056D000039B5B698342E8D8A36C5F451F6000F2BF
:1056E000E28000232B60DCE7D4E90471B94578EB54
:1056F00001033CBF4F46414657EA0103C4E90E711E
:10570000CFD017F1FF39236841F1FF314FEA592912
:1057100049EAC1595A8948460023490A0435EAF73B
:1057200053FD296831B1814202D8401A0835F8E7A3
:1057300069680144DDF80C8021644046FEF7B2FE42
:105740000028ABD0C7F30807B8F80A50002FA8D03C
:10575000013D636C05EA09050544AB42A1D098F808
:10576000010001232A4604F14C0100F05DFA0028F3
:105770009FD1656495E7DDF80CA09AF80030042B02
:1057800007D04FF0FF334B4576EB08023CBF9946FC
:10579000B046D4E90457A94578EB07033CBF4D4612
:1057A00047464FF000094FF0000855EA0702D4E9D8
:1057B0000E31C4E90E893FF474AFBAF80A2053EAF7
:1057C00001004FEA422B50D013F1FF3841F1FF396D
:1057D000681E67F100015A460023EAF7F5FC002332
:1057E000CDE900015A4640464946EAF7EDFC009BE8
:1057F0008342019B8B4138D3CBF1000303EA0803BA
:10580000C4E90E39216CEB1A1D4667EB0907D1B1CB
:105810004FF00008AB4578EB070CD4E90E3027D3E6
:10582000EB1847EB0000C4E90E30C5F3080353B191
:105830005046FEF737FE00283FF430AF6D0A45EAC8
:10584000C755054400E00025A36BC3F30803002BF4
:105850003FF427AF636CAB423FF423AF9AF80100EB
:1058600001232A4604F14C017FE7A1682164CEE7B9
:10587000B5EB0B0567F100071BEB030340F10000DC
:10588000C4E90E302046FEF773FE431C01463FF488
:1058900010AF01287FF602AFDAF8143083427FF6AA
:1058A000FDAE2064B6E71126FBE630B5ADF2744DCF
:1058B0000446019100284BD003A901A8FFF79CF9E9
:1058C00068B9039D256004ABEB6084AB01992B6143
:1058D0002046FFF7F1FA28B1042800D10520002363
:1058E00023602DE094F94B30002B20DBA379DB06FD
:1058F000F4D52878042826D1A36823622369E279A5
:1059000023F0FF0313432A696362E36CA36202F18D
:105910003400FEF7C1FDA06002F13800FEF7BEFDC5
:10592000C4E9040192F8213003F00203E371EB882B
:10593000A3802046FFF7D6F80428CFD00028CED188
:105940000DF2744D30BDE16BFFF702F9A060EEE798
:105950000920F5E713B501A90446FEF7CBFD00B910
:10596000206002B010BD30B5ADF26C4D0D4601A9FE
:105970000446FEF7BFFDE8B935B920460DF26C4D7F
:10598000BDE83040FFF7AEB8019B02AADA6082AAF8
:1059900001461A612046FEF787FF10F0FB0F09D180
:1059A00029462046FEF77EFE2046FEF73FFF0428EC
:1059B00008BF00200DF26C4D30BD30B5ADF2BC4DCE
:1059C0000D46019002A901A8FFF716F9044698B9FF
:1059D000029B019916AADA6096AA1A6102A8FFF73B
:1059E0006BFA044640B99DF95330002B08DB1DB11A
:1059F000294602A8FEF756FE20460DF2BC4D30BDEA
:105A00000624F9E72DE9F04399B00D46019003A96A
:105A100001A81746FFF7F0F80446002834D1FDB17D
:105A2000DDF80C80069004A8CDF81080FFF75AF836
:105A3000002851D1012104A8FEF736FF00284BD1E0
:105A400098F80030139E042B2FD106F10209A046CE
:105A500072781FFA88F39A421AD8002305F80830A2
:105A600097B1039DE9692846FEF768FD00283AD101
:105A70002B78032B35D0042B0CBF64202720303526
:105A80002844FEF709FD3860204619B0BDE8F083D0
:105A900039F8020B002100F04FF8002808BF3F2022
:105AA00005F8080008F10108D2E7731E6A1E0A36DD
:105AB00013F8011F02F8011F9E42F9D105F10C02F3
:105AC0000B23002002F8010D002BC9D0013B9BB233
:105AD000E95C2029F6D0C3E7042804D100232B7009
:105AE000BEE74320CBE70446CEE7000030B50F4BBE
:105AF0009C7B012C17D89D7BEDB200245C559D7BCF
:105B000003EB85056860987B184402739A7B501CF0
:105B1000C0B298733A2330324B702F230A708B70C7
:105B2000CC70204630BD0120FCE700BF7CE20120A4
:105B30000022FFF7DBBF00007F2815D931B1FF2815
:105B400011D80A4B803833F810007047074B33F8F0
:105B5000022B824205D001318029F8D18031C8B2B0
:105B6000704789B2FAE70020704700BF3CBC0120B3
:105B700070B51E4B1E4AB0F5805F28BF1346191D35
:105B800031F8043C0A46ABB1984213D331F8024CC9
:105B9000250AE6B253FA84F4A04221DA082D09D886
:105BA000DFE805F005090F11131517191B00C01ABE
:105BB00031F8100070BDC31A03F00103C01A80B29F
:105BC000F8E71038FBE72038F9E73038F7E71A38FC
:105BD000F5E70830F3E75038F1E7A0F5E350EEE7DA
:105BE0000431002DCCD102EB4603C8E74ABA0120AC
:105BF0008EB90120034B1A1803EB8003107B5B68FE
:105C00005B6818477CE20120064B1A5C42B901220E
:105C10001A541A1803EB8003107B5B681B68184743
:105C2000002070477CE2012030B4054C251804EBBD
:105C3000800460688468287BA44630BC604700BF4D
:105C40007CE201208068EEF75EB98068EEF7AFB9BC
:105C500008B58068EDF7FCFF08BD08B58068EDF772
:105C600095FF08BDF8B50C4616460546FFF7F5FF4B
:105C700007462846FFF7ECFF012E014608D0022E0A
:105C800012D00EB9E41905D5A8680122002107E059
:105C9000002CF9DB631A002BA8684FF0010205DD28
:105CA000EDF73AFF0020F8BD2418ECE72146BDE8E7
:105CB000F840EDF731BF10B504460122806800219D
:105CC000EDF72AFFA068BDE81040EDF790BF8068AF
:105CD000EDF7EFBF10B504468068EEF723FA2046D3
:105CE000BDE81040F8F7DCBA38B5054618B94FF0F2
:105CF000020CF7F7EFF80C20F8F7D0FA0446284624
:105D0000EEF7E4F9024B2360C4E90150204638BDA8
:105D100054BD012070B518B94FF0020CF7F7DAF84E
:105D20000568044CA542F7D1BDE870408068EEF7E5
:105D300025BA00BF54BD01202DE9F74F0446406845
:105D40000F4692469B46FFF7CFFF0546F9F7C0FD89
:105D5000FF23CDE90003424A424B434906466068AF
:105D6000EEF700FB3046F9F710FE01463F48F9F721
:105D7000E7FD80463046F9F7F0FD4046F9F705FEAD
:105D80000823014603222846FFF7C4FF90B90026E6
:105D9000284600F072F840466468F9F7F6FD0146BF
:105DA0002046EEF778F84046F9F7D7FD304603B0C5
:105DB000BDE8F08F204600F07DF88146204600F0D7
:105DC00082F80646204600F099F80028DFD04A46BF
:105DD0002946204600F09CF84845D8D1BAF1000F7A
:105DE00038D1A6EB0906B742284628BF374600F04F
:105DF00061F8002281463946204600F052F800281A
:105E0000C5D0F61B32462946204600F081F8B04244
:105E1000BDD1284600F057F80646204600F06EF83F
:105E20000028B4D0284600F069F80028AFD03246E8
:105E30002146284600F06CF8B042A8D1A068EDF7E2
:105E4000D6FE0028A3D001224946204600F029F8BA
:105E500006469DE759462846D0470028C1D196E717
:105E60003CBD01204CBD01207898012045BD01209A
:105E700008B54FF0020CF7F72DF810B508B9FFF789
:105E8000F7FF0368BDE810401B68184710B518B944
:105E90004FF0020CF7F71EF80368BDE810405B688E
:105EA000184710B508B9FFF7E3FF0368BDE81040D5
:105EB000DB68184710B508B9FFF7DAFF0368BDE8DB
:105EC00010401B69184710B508B9FFF7D1FF0368E8
:105ED000BDE810405B69184710B508B9FFF7C8FF67
:105EE0000368BDE810409B69184710B508B9FFF773
:105EF000BFFF0368BDE81040DB69184708B508B963
:105F0000FFF7B6FFBDE8084001220021FFF7C9BF37
:105F10002DE9F04788469146074618B94FF0020C24
:105F2000F6F7D8FF0029F9D04FF40070F8F7B6F96A
:105F300000240546A9EB040ABAF5007F28BF4FF4F8
:105F4000007A4C4511D0524629463846FFF7CDFF1E
:105F500086B2564509D1324629464046FFF7BCFF76
:105F600083B2B34201D11C44E4E72846F8F798F91C
:105F70002046BDE8F08738B50446084663689A4273
:105F800028BF1A461546227A23685AB12A4619466E
:105F900002F010FF23682B44236063685B1B63607F
:105FA000284638BD2A461846F2E72DE9F341064651
:105FB0000D461746984601AB3A462946304602F050
:105FC00019FA041E0CDB019A08982946C047019B68
:105FD000834205D1012CEED0012002B0BDE8F08152
:105FE0000020FAE72DE9F04F85B005469B460846AC
:105FF00000230C4692460393F8F750F907462046D3
:10600000F8F74CF90646224639465846D0474FF035
:1060100000098046C14509D3B8F1000FF3D12846E5
:1060200002F0C4FA002823D1044616E003ABA8EB23
:10603000090207EB0901284602F0BDF900280BDB35
:10604000039B99440F9B009322460E9B31462846A2
:10605000FFF7ABFF0028DDD101243846F8F720F91F
:106060003046F8F71DF984F0010005B0BDE8F08F67
:10607000F2DB0F9B009322460E9B31462846FFF72A
:1060800094FF0028CBD1E7E72DE9F04188B0DDE9A6
:106090000E76804618B94FF0020CF6F71BFF002968
:1060A000F9D0002BF7D0002EF5D00C78F4B10A1DF2
:1060B00002924A880392CDE90537012200238DF828
:1060C00010208DF81C3002F045F90E4A05ABCDE9E1
:1060D00000234FF4807102AB4046FFF783FF10B1FD
:1060E000069BFB1A336008B0BDE8F081551EBD4227
:1060F00006D80131184602F05DFE35600120F2E756
:106100002046F0E7775F012038B505460C20F8F708
:10611000C5F80422044608214FF4807002F02EF9DD
:10612000206002F017F9281DA060F8F7B7F860604A
:10613000204638BD30B50B4685B01546044618B923
:106140004FF0020CF6F7C6FE0029F9D0002AF7D06E
:106150000A788AB103AB01930022836803924A88CC
:106160000093436800680432FFF78EFF0028E7D0F1
:1061700063682B6005B030BD0133FAE730B50D4DD3
:10618000C0430A44914201D1C04330BD11F8013BE4
:1061900083EA000404F00F0455F8244084EA101048
:1061A00080EA131303F00F0355F8233083EA10102D
:1061B000E8E700BF78BD01202DE9F74F0746894683
:1061C0009246EDF79DFF18B94FF0020CF6F782FEEC
:1061D000012200213846EDF79FFC0028F4D04FF44F
:1061E0000070F8F75BF806463846EDF731FD0024FD
:1061F000804625464FF0640B444506D33046F8F7F9
:106200004FF8284603B0BDE8F08F4FF400723146D6
:106210003846EDF778FE02460028EFD00444B9F185
:10622000000F0BD0C4F3080343B9019051460BFB98
:1062300004F0B0FBF8F0C0B2C847019A28463146D6
:10624000FFF79CFF0546D7E708B52DED028BF0EE72
:10625000608AB0EE408AF0EEE00AB0EEC00A02F0CA
:10626000BDFDDFED097A38EE688A20EE270AB0EE30
:10627000C88AB4EEC08ABDEC028BF1EE10FA94BF6E
:106280000120002008BD00BF0000003408B519B986
:106290004FF0020CF6F71EFEA0F13003DBB2092B23
:1062A00005D9A0F14103052B04D83738C3B20B70D0
:1062B000012008BDA0F16103052B01D85738F5E78F
:1062C0000020F6E737B50D4614461AB94FF0020C18
:1062D000F6F700FE0DF10601FFF7D8FF10B9002018
:1062E00003B030BD0DF107012846FFF7CFFF0028AE
:1062F000F5D09DF806209DF8073043EA021323707D
:10630000EEE7F8B5064618B94FF0020CF6F7E2FDD5
:106310000029F9D00024CD1D471C17F8141016F8D9
:1063200014002A1BFFF7CEFF10B10134082CF4D162
:10633000F8BD000038B50949094D0446F9F7E8FBF6
:1063400029462046F9F7D2FB00B938BD2046F9F7B7
:106350004AFB411E2046F9F7D9FBF1E7B8BD012001
:10636000A098012010B50C46014618B94FF0020C58
:10637000F6F7B0FD002CF9D02046F9F70DFB2046CA
:10638000FFF7D8FF2F2100222046F9F7B1FB431C6D
:10639000014604D02046BDE81040F9F7B7BB10BD58
:1063A00038B50C46054618B94FF0020CF6F792FDC9
:1063B0000029F9D0FFF7BEFF2046F9F7A1FA0A49F4
:1063C0000446F9F7A5FB09492046F9F7A1FB204649
:1063D000F9F7DBFA064902462846F9F72AFB204678
:1063E000BDE83840F9F7B9BAB8BD0120A09801203E
:1063F000BEBD012038B50D461446014618B94FF010
:10640000020CF6F767FD002DF9D0002AF7D01046F0
:10641000F9F7C2FA29462046BDE83840FFF7C0BF69
:106420002DE9F0430F4685B015469946064618B942
:106430004FF0020CF6F74EFD0029F9D0002AF7D0F4
:1064400003462B4A2B490420F7F7BCFE2A48F8F7ED
:10645000DBFFEDF73BFE1023022231460446EDF749
:106460008DFE8046C0B92046EDF7F7FD234A009027
:10647000334620490220F7F7A5FE4FF000082046DA
:10648000EDF708FB2046EDF74DFE1B48F8F7E0FF5F
:10649000404605B0BDE8F0833B46E919002213F8F9
:1064A000010B02448B42D2B2F9D19DF830308DF805
:1064B0000A2008220DEB02018DF809302046002346
:1064C0008DF808908DF80B300393EDF770FD2A4698
:1064D000814639462046EDF76AFD083581444D4531
:1064E000CDD02046EDF7B9FD054A00903346C0E710
:1064F000C2BD0120CEBD0120DB8F0120DABD01200D
:10650000F8BD01202DE9F04F89B089469DF848B0CB
:1065100015469A46044618B94FF0020CF6F7DAFC15
:106520000029F9D0002AF7D003463B4A3B49042012
:10653000F7F748FE2846F7F7B1FE06463848F8F761
:1065400063FFEDF7C3FD01231A4621460746EDF729
:1065500015FE8046B8B1082206A93846EDF7D3FCEF
:106560002A46059031463846EDF7CDFC059B05F1EE
:10657000080203449A4222D02A4A2849234602208C
:10658000F7F720FE09E03846EDF767FD264A009050
:10659000224923460220F7F715FE4FF0000838463F
:1065A000EDF778FA3846EDF7BDFD1D48F8F750FFD6
:1065B0003046F7F775FE404609B0BDE8F08F9DF80C
:1065C00018309DF81920534501D15A4509D0CDE91D
:1065D00000A2CDE902B4154A10490220F7F7F2FDF6
:1065E000DBE733467119002213F8010B02448B429A
:1065F000D2B2F9D19DF81A30934207D0CDE90024E8
:1066000006490B4A0220F7F7DDFDC6E72A46314668
:10661000484602F0CFFBC2E717BE0120CEBD0120E5
:10662000DB8F012043BE012024BE01205EBE01207D
:1066300099BE01202DE9F043894685B090461F465A
:10664000064618B94FF0020CF6F744FC2448F8F758
:10665000DBFEEDF73BFD01231A4631460446EDF71C
:106660008DFD0546B8B92046EDF7F7FC1D4A0090B0
:106670001D4933460220F7F7A5FD00252046EDF71A
:1066800009FA2046EDF74EFD1548F8F7E1FE2846D9
:1066900005B0BDE8F08308220DEB02012046EDF7BE
:1066A00032FC082805D0114A0F490220F7F78AFD6D
:1066B000E3E7B9F1000F03D09DF8083089F8003006
:1066C000B8F1000F03D09DF8093088F80030002F92
:1066D000D4D02046EDF7BCFA08383860CEE700BFCA
:1066E000DB8F012024BE0120CEBD0120C2BE0120CF
:1066F0002DE9F04F85B0CDE90021DDE91069DDE934
:1067000012BA9DF8385002930378A3F10902042AC3
:10671000044600F10100F7D9202BF5D02B2B57D0E0
:106720002D2B57D10127013494F80080B8F12B0F9D
:1067300000F08980B8F12D0F00F0858056EA09033A
:1067400001D1002F7FD143490222204602F02AFACC
:10675000002841D102344FF01008002D08BF4546F3
:10676000002F04BF5E46D1464FF0000A53462A462A
:1067700030464946E9F728FD534603908B462046AC
:10678000514684461CF8012B002A44D0A2F1300E59
:106790005FFA8EFABAF1090F31D8724695423ADDA6
:1067A000039888427BEB03004FD3A5FB0110B6EBA7
:1067B000020A05FB030069EBE27E8A457EEB000ED0
:1067C0004FEAE27341D3511840EB03036046D8E728
:1067D0000027A8E70027A7E71F490222204602F06A
:1067E000E1F918B902344FF00208B6E7B8F1300FFA
:1067F00006BF01344FF008084FF00A08ADE7A2F1D8
:10680000410EBEF1190F01D8373AC7E7A2F1610E68
:10681000BEF1190F0FD9041B0FD0009A0AB1C2E9BB
:106820000013029B03B11F70019B03B1186000208D
:1068300005B0BDE8F08F573AB0E7B8F1080F06D1C0
:1068400021462346E9E70120F2E70320F0E7022092
:10685000EEE700BFBFAC0120D8BE0120D0B54FF09D
:10686000FF368AB00027CDE90467002600271446CA
:106870000093CDE902670DF11F0308AAFFF738FF67
:1068800030B92CB19DF81F20089B02B15B422360F8
:106890000AB0D0BDD0B56FF000468AB00027CDE970
:1068A00004674FF00046002714460093CDE90267C5
:1068B0000DF11F0308AAFFF71BFF30B92CB19DF89B
:1068C0001F20089B02B15B4223600AB0D0BD0000CC
:1068D000004870476CD6012008B140687047014BF2
:1068E000586870476CD6012008B180687047014B2A
:1068F000986870476CD601200048704761AE01204F
:1069000008B1C0687047014BD86870476CD6012049
:1069100008B100697047014B186970476CD60120B7
:1069200008B1006A7047014B186A70476CD60120A5
:1069300008B1407D7047014B587D70476CD60120EF
:1069400080F8911070472DE9F743BDF828501544A1
:106950001F46ADB2CB1800959BB280460E4614463A
:1069600000F030FE18B14FF00009A54202D103B08B
:10697000BDE8F0832246CDF800903B4631464046C4
:10698000013400F07AFDA4B2EFE72DE9F04F85B0B5
:106990009A46BDF838B0BDF83C4002EB0B05CB1869
:1069A000ADB29BB20095064688469146039300F02F
:1069B00009FE002866D009EB040293B20293039B00
:1069C000029A1B1B013B08EB04079BB2BFB2039367
:1069D0000223009339462346304600F0F5F82D1B7C
:1069E0000123DDE90221009330462346013D00F0FA
:1069F000EBF8ADB204232A460093394623463046CD
:106A000000F0E2F80823009323466400A4B22A466B
:106A1000AAEB040503993046ADB200F0D5F8ABEB14
:106A20000404022DA4B213D90137023DBFB2ADB2A6
:106A30002B464A46394630460BF1FF3B00F087FDB6
:106A400009EB0B022B4692B23946304600F07FFD2F
:106A5000022C17D9029D023C0135ADB2A4B22346E7
:106A60002A464146304600F079FD0AF1FF3A08EB2C
:106A70000A0123462A4689B2304605B0BDE8F04FE8
:106A800000F06CBD05B0BDE8F08F2DE9F743036859
:106A900090F8389090F8397093F8118004460026E9
:106AA0002368606B1B7C13FB06F1C90089B2F5B249
:106AB000084457FA86F201350090D2B200212046F0
:106AC000EDB201F074F8A94504D90136BB19DBB267
:106AD0009845E5D803B0BDE8F08303681A7C90F8C8
:106AE0003830406B12FB03F2D200002102F0F2B802
:106AF00003681A7C90F83830406B12FB03F2D20026
:106B0000FF2102F0E7B810B50446FFF7BEFF2046AC
:106B1000BDE8104001F076B82DE9F8439DF82490C7
:106B2000BDF8208019F0010F07460D4616461C4699
:106B30000ED05918A8EB020292B289B200F015FDEE
:106B4000A8EB0502A11992B289B2384600F00DFDFA
:106B500019F0020F0FD0A8EB0602611B92B289B2A6
:106B6000384600F002FDA8EB0502A11B92B289B2E3
:106B7000384600F0FAFC19F0080F0FD008EB0602B7
:106B8000611992B289B2384600F0EFFC05EB0802B9
:106B9000A11992B289B2384600F0E7FC19F0040F4F
:106BA00010D0611B08EB0602384692B289B200F0A1
:106BB000DCFC4544A11BAAB2384689B2BDE8F843C3
:106BC00000F0D3BCBDE8F8832DE9F74F91461C4691
:106BD00009F10105013325440B448846121B091BAA
:106BE000ADB200959BB292B289B29DF830B08246A8
:106BF00000F0E8FC88B1CDE9009B43462246002125
:106C00005046C4EBC437FFF787FFC4F101057F008E
:106C10002DB23FB20026B44202D803B0BDE8F08FD7
:106C2000002D06DBBB1C013C1FB215FA83F3A4B296
:106C30001DB20136B6B205EB4605CDE9009B013524
:106C400043462246314650462DB2FFF765FFE2E744
:106C5000405A40BA80B270470020704708B50A46D3
:106C6000097801705178417091788170D178C17044
:106C7000117901715179417191798171D179C17124
:106C8000117A0172517A4172917A8172D17AC1720C
:106C9000117B0173517B4173917B8173D17BC173F4
:106CA000117C0174034611211046FFF7D1FF132117
:106CB00058821046FFF7CCFF152198821046FFF747
:106CC000C7FFD88208BD70B5047B036862181D78C1
:106CD000D2B2072A45FA04F507D8EBB202734FF097
:106CE000FF30884023EA000070BD5E1C06605B78C0
:106CF000C4F10804E4B2A3402B43083ADBB2D2B299
:106D0000ECE738B5002300F16005044680F86C30EC
:106D1000016690F878102846FFF7D5FF94F87910AF
:106D200084F86A002846FFF7CEFF94F8923084F882
:106D30006E30B3FA83F35B0984F86B0084F86F302C
:106D400038BD10B5FFF7BFFF4C1EE4B20123A340CE
:106D5000C01A40B210BD012B05D0022B05D033B9AB
:106D6000104480B270470844FBE7801AF9E7401AE4
:106D7000F7E7012B05D0022B05D033B9084480B2C8
:106D80007047801AFBE7401AF9E71044F7E72DE94E
:106D9000F04F87B090F8685090F8697005920446FB
:106DA0000E4694F86AA0B4F866300493AAEB05087E
:106DB0005FFA88F84FFA87F946454A4669B294F86F
:106DC0007030B4F86400B34628BFC346FFF7D1FF64
:106DD00003900498FFF7BFFF05990246A1B194F80C
:106DE0006E1084F892102046009303995B4600F0E1
:106DF00044FB35444645EDB20DD3A5EB0A050137FA
:106E0000EEB2FFB20025CCE794F86D100029F0D166
:106E100094F86F10E5E784F8685084F8699007B03B
:106E2000BDE8F08F2DE9F347044600F16008FFF755
:106E300068FF94F87A1094F96B704046FFF781FF71
:106E400094F87B1082464046FFF77BFF94F87C1055
:106E500006464046FFF775FF94F96A50002D8146BB
:106E60004ADDBA19524252B294F87030B4F8640054
:106E70005146FFF77EFFA4F864000646B4F86600AA
:106E8000FFF769FF0246A4F86600032B57D8DFE836
:106E900003F00237404D3544C119ABB289B20091BD
:106EA0002046314600F08EFB30B30023A4F8683052
:106EB00094F876104046FFF706FF94F877100646E0
:106EC0004046FFF700FF0546002231462046FFF707
:106ED0005EFF294620460122FFF759FF0121404667
:106EE000FFF7F1FE0028EFD194F96930BB42DFDBF8
:106EF00094F86E3084F89230484602B0BDE8F087CE
:106F0000C7F10100731C304451199BB289B286B29B
:106F1000C5E7C5F10105C7F10100731C511C3544DB
:106F200010449BB289B282B2AEB2B8E7C5F1010596
:106F3000F3190544411C9BB289B2AAB2AFE70146DE
:106F40003346ACE7836DFF2910B50A4603F11703FA
:106F500012D8602909D9B0F888100B44587818B1B4
:106F60001978914206D1981C10BD4029F6D9B0F885
:106F70008610F2E70344F1E7B0F88A100B441C4690
:106F800000212046FFF764FE022103442046FFF75C
:106F90005FFE824204F10404F2D8188841BA89B233
:106FA0000028E1D08A4201D1D81CDDE799780B4452
:106FB000F3E738B50446FFF7C5FF0146B8B104F161
:106FC00060052046FFF79DFE94F87A102846FFF7EB
:106FD000B8FE94F87B1084F890002846FFF7B1FEC5
:106FE00094F87C102846BDE83840FFF7AABE38BDAB
:106FF0002DE9F843002480F86A400E46054600F06B
:1070000017FD013EA1464FF6FF774FF6FE7816F8C2
:10701000011F6B6828469847B842014609D0404591
:10702000F5D02846FFF7C5FF1FFA80F914FA80F45F
:10703000EDE795F96A302BB1A4EB090995F9904079
:107040004B441C442046BDE8F88380F86D1070471F
:10705000F8B51F4690F8703004460E461546032BCF
:1070600007D8DFE803F002151A1EC36D98472844BD
:1070700085B23946A4F86460A4F866502046FFF74C
:1070800061FF014618B12046FFF7CCFE80B2F8BD83
:10709000C36D9847301A86B2EBE7C36D9847281A3C
:1070A000E6E7C36D98473044F5E72DE9F0471E4603
:1070B00007460C46154600F0BBFC013E4FF0000AA7
:1070C0004FF6FF784FF6FE797B6816F8011F3846B9
:1070D0009847404503461BD04845F5D02A462146EF
:1070E0003846FFF7B5FF97F87030032B05D8DFE877
:1070F00003F002080B0D0444A4B250441FFA80FAB6
:10710000E2E70544ADB2F8E7241AF5E72D1AF9E7EE
:107110005046BDE8F087000010B4034C44605DF8B1
:10712000044BFFF7C2BF00BFB5790120836D10B5D6
:10713000CBB190F88D3090F9814090F9821080F8B1
:107140008E4080F88F1073B1012B0DD190F98330F0
:10715000A342B8BF234680F88E3090F9843099421C
:1071600001DD80F88F3010BD90F9802090F97E30DD
:1071700013449C42B8BF80F88E309142C8BF80F85B
:107180008F20F0E7014BC365704700BF596C0120A9
:10719000826D8A4210B5044608D081657430FFF7CD
:1071A0005DFD2046BDE81040FFF7C0BF10BD0000E8
:1071B00008B5034B4360FFF71BFF80B208BD00BF5B
:1071C000B579012080F87010704700002B2908B5B0
:1071D000104608D8272908D92939022909D8DFE813
:1071E00001F0060A0E004B290BD0002002E0F6F752
:1071F00007FF012008BD0A20F6F720FFF9E700BFCE
:10720000F7E7044A9388126808B19361F1E71B0419
:10721000FBE700BF90A701200846143808B51946BF
:107220000C281FD8DFE800F00C1E1E07161A1E1EC1
:107230001E1E1E1E0E000C4842F21073F2F7A3FE33
:10724000012008BD09498B8809680AB18B61F7E7FD
:107250001B04FBE70448F2F75FFEF1E70248F2F790
:1072600077FEEDE70020ECE7B8A8012088A7012011
:107270000B292DE9F041054614461F4637D00F294A
:107280003CD100F0F4FB7B7995F8221001EBC301AF
:1072900001F0FF08C1F3031141F01001284600F08E
:1072A000CBFB08F00F01284600F0C6FBB979284651
:1072B00041F0B00100F0C0FB3E793F68F600F6B245
:1072C00006EB0803842BC4BFC8F184085FFA88F674
:1072D0003A4631462846013C00F0C0FB14F0FF045A
:1072E000F6D1284600F0CCFB0120BDE8F0811AB9A8
:1072F000034900F0CEFBF7E70249FAE70020F4E784
:1073000051D301204AD30120F8B504461F46154643
:107310000E4600F0ACFBE221204600F08DFB47F06A
:10732000A201204600F088FBA021204600F084FB4B
:10733000C821204600F080FB05F0070540212046CB
:1073400000F07AFB45F02001204600F075FB81211A
:10735000204600F071FB06F03F01204600F075FB6F
:1073600020462F2100F068FB2046BDE8F84000F0E1
:1073700087BB0000F8B504460E461746FFF778FFB6
:10738000054610B101252846F8BD0A2E08D00D2E5D
:1073900016D0092EF7D11349204600F0D3FBF1E7B0
:1073A000204600F0D4FBF3F75FFA02282B4607BF14
:1073B00006221C21052220212046FFF7A5FFE1E738
:1073C00047B90949204600F064FB23689B7C84F898
:1073D0002230D7E70549204600F05BFB2368DB7CC1
:1073E000F5E700BF24D301203CD3012043D3012083
:1073F00070B504460E46F3F737FA022814BF20256D
:107400001C253544204600F032FBEDB28121204698
:1074100000F012FB05F03F01204600F016FB20466D
:10742000BDE8704000F02CBB30B585B00D46009330
:1074300009491346094A044600F00AFC0DF10F0001
:1074400000F014FC064B9DF80F20009501462046E5
:1074500000F086FA05B030BD75730120F57A012081
:10746000C176012070B4C68FC46A9DF80C50039594
:10747000921BA44692B270BC604770B490F88C50D6
:107480009DF80C40002D5CD0002B5AD0012B52D01F
:10749000022C29D10131C91A89B2B0F84C4094426A
:1074A0004FD8B0F84E4094424BD90B449CB28C421A
:1074B000B0F84860B0F84A5041D28D423ED96C1EB7
:1074C000A4B2A6423DD2B14238BF3146A54294BFD4
:1074D000C1EB0503C1EB04039BB20024056B0394CD
:1074E000AC68A44670BC6047032C24D10132D21A88
:1074F00092B2B0F848408C4223D8B0F84A408C424F
:107500001FD913449CB29442B0F84C60B0F84E506E
:107510001AD2954217D96C1EA4B2A64211D2B24219
:1075200038BF3246A54294BFC2EB0503C2EB040349
:107530009BB20124D2E7E407DBD4AEE731468D42AB
:10754000BFD870BC704732469542FAD9E5E713B50B
:1075500000240094FFF791FF02B010BD13B5012481
:107560000094FFF78AFF02B010BD73B5B0F84C600D
:10757000964210D8B0F84E6096420CD9B0F84850F8
:107580008D4208D8B0F84A308B4204D900230093CA
:107590000123FFF772FF02B070BD032928BF01214C
:1075A00080F8921070478A4206D2834208D89A42E5
:1075B00094BF0020012070478342F8D80020704714
:1075C0000120704770B504460D461E46B0F84E10B7
:1075D000BDF81030B0F84C00FFF7E5FF48B1B4F843
:1075E0004A10B4F8480033462A46BDE87040FFF719
:1075F000DABF70BD2DE9F74FBDF830900190994288
:107600008CBFCF1A5F1A4A450C4615461E46BFB2BC
:1076100013D9A2EB09081FFA88F8474518D3434647
:10762000B442B8461F4605D92B464D4699462346D7
:1076300034461E464FF0000B10E0A9EB02081FFA7B
:1076400088F84745EBD24E46144699460D4603E06E
:107650004C461D46164689464FF0010B4FF6FE720A
:107660004D4534BF4FF001094FF0FF39964228BF16
:10767000164648F34F0AB6B2FFB2A64202D203B092
:10768000BDE8F08FBBF1000F17D12A462146AAEBC7
:10769000070A0198FFF769FF1FFA8AF20FFA8AFAC0
:1076A000BAF1000FBCBF4D44424404F10104BCBF19
:1076B000ADB20FFA82FAA4B2DFE722462946E6E726
:1076C000F0B58C4690F892109DF8147002F0070601
:1076D0000124B4400129E4B218D8254600D1002481
:1076E000016822F00702097C92B211FB02F189B213
:1076F000426B614411445FB90A78013B2A436240FE
:107700009BB201F8012B002BF6D1F0BD0025E7E775
:107710000A7801362A436240013B16F007060A70D8
:107720009BB20AD1428F114490F89220012A09D8C5
:107730000AD11546002BEBD1E7E76D006400EDB2EE
:10774000E4B2F7E70124F5E701242546F2E770B536
:1077500090F83810026890F83950CB008387137C7A
:10776000DB004387EB00C387547CA0F840304E1900
:10777000A642C4BF641BA1B203EBC103A0F8423010
:10778000938AA0F84430D38AA0F8463070BDFFF742
:10779000DEBF10B5FFF7DBFF03689A8ADB8AA0F82B
:1077A0004620A0F8443010BDFFF7F3BF10B49DF899
:1077B000044001945DF8044BFFF754BE70B4B0F878
:1077C00046409DF80C50A41A013C0E46A1B26C1C18
:1077D000E4B2022C02BFC3F1010289180024039411
:1077E000324608BF89B270BCFFF73CBE30B4B0F877
:1077F00046409DF80850A21AB0F84440611A92B26F
:1078000089B23DB9013AC91A92B289B2029530BC27
:10781000FFF728BE012D01BF01F1FF31D21A89B255
:1078200092B2F3E730B4B0F844400D4611469DF8EB
:107830000820641BA4B232B9E41AA2B20124029453
:1078400030BCFFF70FBE013CA2B20024F7E713B52E
:10785000B0F856300093B0F85230B0F85420B0F879
:1078600050100446FFF7AEFE18B984F88C0002B041
:1078700010BD0123B4F8482084F88C30B4F850309F
:107880009A4238BFA4F84830B4F84A20B4F85230CD
:107890009A4288BFA4F84A30B4F84C20B4F8543067
:1078A0009A4238BFA4F84C30B4F84E20B4F85630A1
:1078B0009A4288BFA4F84E30D9E70022A0F84820A9
:1078C000B0F84420A0F84A20026CC264FFF7BFBFA2
:1078D000026C82640022A0F84C20B0F84620A0F888
:1078E0004E20FFF7B4BF0023B0F84420A0F84C307E
:1078F000A0F84830A0F84A20B0F84630B0F842204E
:10790000934224BF9A1AA0F84C20B0F840209B1A4A
:10791000A0F84E30FFF79BBF0023B0F84220A0F83C
:107920004830B0F84430934224BF9A1AA0F8482057
:10793000B0F840209B1AA0F84A300023A0F84C3041
:10794000B0F84630A0F84E30FFF781BFFFF7FFBE1A
:10795000024A036BC0E914225B6818470000FFFF6E
:1079600070B5049EC362002540F2011380F83820F0
:1079700080F8395080F86D5080F89150A0F892301E
:107980000446416333688565066398472046FFF7E0
:10799000DFFF2046FFF7F6FB84F8705070BD10B58E
:1079A00004460B6801639847236B20465B68BDE87B
:1079B000104018470346002937D00A2935D090F8DF
:1079C000262022BBFB2908D901F00101052283F8FA
:1079D000262019844FF6FE707047F72903D901F06D
:1079E00003010422F3E7EF2903D901F00701032281
:1079F000EDE7DF2903D901F00F010222E7E7BF29F4
:107A000003D901F01F010122E1E708467047013A5E
:107A1000D2B280F82620008C01F03F0141EA8011AB
:107A200088B21884002AD5D170474FF6FF70FBE763
:107A3000002380F82630704710B4C4680A46A44674
:107A400000235DF8044B1521604710B4C4680A4652
:107A5000A44600235DF8044B1621604710B4C468A7
:107A60001346A4460A465DF8044B1721604710B43C
:107A7000C4680023A4461A465DF8044B18216047E9
:107A800010B4C4680023A4461A465DF8044B1921BB
:107A9000604773B505460C46217819290DD817297A
:107AA00019D80ED014290AD96278EE688DF807200B
:107AB00000232846B0470234EEE7FE2912D002B078
:107AC00070BD63788DF807300DF10702012128465B
:107AD000FFF7C4FFEFE70023EE681A46284601349B
:107AE000B047D9E762788DF807202921284600F0B1
:107AF00092F8E0E72DE9F0411F46A1F11403044696
:107B00000D461646052B1BD8DFE803F01003030DC6
:107B10001010002100F0B0F83146204600F0BEF809
:107B20000120BDE8F081012100F0A6F8D4F810E0B2
:107B30003B46324629462046F446BDE8F0416047C0
:107B40000020EEE701608B7C80F82230704738B56A
:107B5000002304461A4645692821A84700231A46EF
:107B6000E56814212046A847204601224B2100F059
:107B700052F8236820461A79292100F04CF8204653
:107B800000224B2100F047F8236820461A7929216A
:107B900000F041F8204601224B2100F03CF8236818
:107BA00020465A792921BDE8384000F034B813B591
:107BB0008DF80430049B8DF805108DF80620009395
:107BC00084686B4601220F21A04702B010BD10B49B
:107BD00084680023A4461A465DF8044B09216047D7
:107BE00010B484680023A4461A465DF8044B0A21A9
:107BF000604710B484680A46A44600235DF8044B2D
:107C00000B21604710B484680023A4461A465DF82F
:107C1000044B1021604710B444690023A4465DF86A
:107C2000044B6047002070470023084A036080F837
:107C3000233080F826308361FF23C0E90222C0E9A7
:107C4000042280F8243080F828307047257C0120F9
:107C5000F8B5069F16461D46FFF7E6FFC0E9021677
:107C6000C0E90457BDE8F840FFF7B1BF082303702F
:107C7000004870478CE2012010B404690A46A4460B
:107C800000235DF8044B2021604710B404691346BB
:107C9000A4460A465DF8044B1721604707B58DF8E6
:107CA00007100DF107020121FFF7EFFF03B05DF8A8
:107CB00004FB08B5FEF780FA431C5842584108BD42
:107CC00070B5102288B0002604460D460DEB020068
:107CD0003146CDE90166CDF80B6000F0FBFF204690
:107CE000ECF70EFA10B9002008B070BD0122314641
:107CF0002046EBF711FF0028F5D02046EBF7A8FF50
:107D00000B22064601A92046ECF7FDF80B28EAD124
:107D10001B49052201A800F08AFF0028E3D19DF845
:107D20000920012ADFD1DDF80A10103EB142DAD174
:107D30002046EBF7F1FE0028D5D010220DEB020112
:107D40002046ECF7E0F81028CDD19DF81B30102B21
:107D5000C9D1BDF81630B3F58D7FC4D1BDF814205C
:107D60002B889A42BFD1BDF812206B889A42BAD1B3
:107D7000BDF81020AB889A42B5D19DF80E00B3E74C
:107D800088D301202DE9F04FCBB00F46019200219E
:107D90004FF48972044605A800F09CFF00260122DA
:107DA0000B213846CDE90366EBF7B6FE98B9012002
:107DB0004BB0BDE8F08F4FF4897205A93846ECF757
:107DC000A2F8B0F5897FF2D14FF0000ADDF8223138
:107DD000534504D80136019B9E42ECD1E7E70822C7
:107DE00003A93846ECF78FF80828E0D16368E1680A
:107DF00000209847EFF7E5F98046039808F1FF3532
:107E0000054001D00020D3E7A368A3B1984758B933
:107E1000049900223846EBF77FFE6368E16864202E
:107E200098470AF1010AD1E7DDE90302A36810448B
:107E300098470028ECD04046F6F730FA8146049A7D
:107E400095420BD208EB050393428CBF521B42466E
:107E500049463846ECF757F8834630B94846F6F7B6
:107E60001FFA049B9D42CDD1DBE703982844EFF72E
:107E700031FB0028F2DB23681FFA8BF24946C0B2BF
:107E800098470028EAD05D44642303FB05F0E168CD
:107E9000049BB0FBF3F06368C0B29847CFE70000E3
:107EA00070B50D460446F7F713FD22460646014617
:107EB000284600F0D5FB002854D1002000F0010333
:107EC00084F8B4313046F7F748FD94F8B431002B0C
:107ED00047D062693C49284600F0A5FBA2693B49AE
:107EE000284600F0A0FB3A49042304F11C0228466E
:107EF00000F0D0FB3749062304F12002284600F0A9
:107F0000C9FB0423344904F12802284600F0C2FBCF
:107F1000E26A3249284600F086FB3149802304F1A9
:107F20003002284600F0B6FB2E49802304F1B0024F
:107F3000284600F0AFFB2C49802304F598722846B0
:107F400000F0A8FBD4F8B0212849284600F06BFBCC
:107F50006069F7F77BFD50BB012000F0010084F859
:107F6000B40170BD22493046F7F722FD0028A4D1A4
:107F700062682049284600F056FB00289DD01E4923
:107F8000012304F10802284600F05CFB002894D08D
:107F9000E2681A49284600F046FB00288DD01849AF
:107FA000042304F11002284600F074FB86E7A06960
:107FB000F7F74CFD0028CFD0E06AF7F747FD80F0D7
:107FC0000100C0B2C9E700BFB2B40120D3D3012081
:107FD000D9D30120E7D30120F5D301201DA501202D
:107FE000FFD301200CD4012014D4012022D401207D
:107FF0008ED30120B5D30120BAD30120C1D30120F3
:10800000C8D3012070B54FF4DC70F6F747F9044689
:10801000F7F75EFC6060F7F75BFC6061F7F758FC10
:10802000A061F7F755FCE060F7F752FCE062F7F764
:108030004FFCC4F8B001204600258026A5603246DA
:10804000294640F8305B00F045FE3246294604F1EF
:10805000B00000F03FFE3246294604F5987000F06B
:1080600039FE84F8B451204670BD10B5044640680E
:10807000F7F773FC6069F7F770FCA069F7F76DFC20
:10808000E068F7F76AFCE06AF7F767FCD4F8B0013C
:10809000F7F763FC2046BDE81040F6F701B970B56C
:1080A00000F12F0200F1AF0112F8013F53BB8A42E9
:1080B000FAD100F180010246D2E94C54A54223D105
:1080C00008328A42F8D1012213400246D2E92C54E8
:1080D000A5421BD108328A42F8D10122134000F197
:1080E0002802A83052F8086FD2E920415568344080
:1080F00029408D4208BFA6420AD19042F2D1012008
:10810000184070BD0123D4E70022DDE70022E5E737
:108110000020F5E770B504460B480E46F7F774F9F2
:1081200000F057FA3146054600F061FA18B12946C9
:108130002046FFF7B5FE284600F066FA0248F7F73A
:1081400087F994F8B40170BDDB8F01202DE9F0436D
:10815000054685B008460F46F7F708FC424900225D
:108160002846EBF752FE804680BB4FF48070F6F74E
:1081700095F804462846EBF7A9FF01233A491A4629
:108180000646EBF7FBFF90B14FF480722146304674
:10819000EBF7B9FE30F4807309D0424621462846F9
:1081A000EBF733FE18B921463846F7F7F5FB2046C2
:1081B000F6F776F83046EBF7B5FF3846F7F746FCAA
:1081C00080F00100C0B205B0BDE8F083F7F780FB96
:1081D00004460620F0F7E0FB244980462046F7F7E6
:1081E000DBFBB8F1000F36D02846EBF76FFF00211C
:1081F00005461022684600F06DFDFE20F6F74EF8A9
:108200001A4906462846ECF72DF860B93046F6F7CD
:1082100047F82846EBF786FF2046F7F7A7FB2046EE
:10822000F7F79BFBC9E74FF00009FE23324669468A
:108230002846EBF7B1FD0028E8D009F10109C8454F
:10824000F3D131462046FEF7ABF83046F6F728F872
:108250002846EBF767FF2046F7F797FB04493A46B5
:10826000FEF7C8F8DBE700BF2FD401203DD4012082
:1082700049D4012010B50020094CF0F735FC6FF00F
:1082800000410620F0F78EFB2046F7F7BDF80549C0
:10829000ECF75AF82046BDE81040F7F7D9B800BF10
:1082A000DB8F01202FD401200C4B1A68AAB1B0F14A
:1082B000006F12D30A4BB3F8E0100A4B03EA812394
:1082C00003F10063984208D8136833B15A688242B8
:1082D00001D1986870471B68F7E770478CE601206A
:1082E0000075FF1F00FC1F000F29F0B5034602D9DF
:1082F0004FF6FF70F0BD008820B3002210464FF00B
:10830000800C8A42F6DA1E7B7EB91F88002FEFD0E0
:108310005D886C1CA4B21D445C80AD7CDD72A742FC
:1083200004BF5E801E8083F80CC01C7BDD7A400099
:108330002C4280B24FEA540418BF40F001001C7375
:108340000132DEE71C7B4D1E0122AA409442CFDBA6
:108350000246D4E710B5427B01239340028A0446CB
:108360001A440021123000F0B5FC0023638123730E
:1083700023806380A380E380238110BDF8B50B1FA9
:108380000B2B07460D4616460CD858B1022A09D9C0
:10839000914207D90120884038441230F5F77EFF1A
:1083A000044610B900242046F8BD07824573867341
:1083B000FFF7D0FFF7E7F8B515461E460446B0B103
:1083C000A9B1A3B10088238A1B1A02D1336001200E
:1083D000F8BD9A4228BF1D4612302A46204400F0BC
:1083E000E9FC23882B44238000203560F0E74FF020
:1083F000FF30EDE72DE9F8430E4615461F460446CB
:10840000002800F0CD80002900F0CA80002B00F089
:10841000C78000233B60A37A062B00F2C480DFE80C
:1084200003F0041C3E4C6676890001212046FFF7CC
:108430005BFF4FF6FF73984207D10023A3723868A1
:10844000431B58425841BDE8F88330BB637B082B7F
:1084500000F2A480E08003211FE03B68AB42EED233
:1084600008212046FFF740FF4FF6FF7398424FF078
:108470000103E3D0617B228A8B4021891232013BC8
:108480000B402244C0B201F1010CA4F808C0D05442
:108490003B685A1C3A60F0540021A172BBE7617B33
:1084A0000839C9B22046FFF71FFF4FF6FF73984205
:1084B00001D00002CEE70223C0E7617B082928BF74
:1084C00008212046FFF710FF4FF6FF7398420CD0AB
:1084D000E3881843A37B0130082B4FF00002E080B3
:1084E000A2808CBF04210521D7E70323A6E7A17B47
:1084F0000839C9B22046FFF7F7FE4FF6FF739842DE
:1085000003D00002A0800521C7E7042396E7A17BE2
:10851000082928BF08212046FFF7E6FE4FF6FF7323
:10852000984205D0A38818430130A0800621B4E703
:10853000052383E73B68EB1A81D0A088627B218A00
:10854000B4F806E0984228BF184601239340123140
:10855000013B21449BB24FF0000C604507D1A1883C
:10856000091A89B2A180002997D0062366E72289DB
:10857000A2EB0E021A400CF1010C11F802803A68CD
:1085800002F10109C7F8009006F8028022891A401A
:1085900001F80280228901322281DEE702217CE794
:1085A0004FF0FF304FE76FF001004CE738B1837AAE
:1085B000052B07D80088003818BF012070474FF0FE
:1085C000FF3070470120704708B54FF0020CF4F7F8
:1085D00081FC38B505460820F5F760FE04462846BC
:1085E000FDF782FB002320602371204638BD10B5C3
:1085F00018B94FF0020CF4F76DFCBDE810400068AC
:1086000001230322FDF786BB10B5044618B94FF0CD
:10861000020CF4F75FFC0068FDF72FFC2046BDE874
:108620001040F5F73DBE07B5134608B9FFF7CCFF7C
:108630000279019201220092006800F06DF903B006
:108640005DF804FB13B508B9FFF7BEFF0479CDE967
:10865000003413460068052200F05EF902B010BD38
:1086600038B51546044618B94FF0020CF4F732FC41
:108670000A460649FFF7D7FF28B1054901232A46D4
:108680002046FFF7DFFF00F0010038BD80D4012055
:10869000DCA9012013B50479CDE900341346006844
:1086A000022200F039F902B010BD0000A0F1090368
:1086B000DBB2172B9DBF0348D84000F0010000201B
:1086C000704700BF110080002DE9F04F8BB00746C6
:1086D000084601919146F7F749F94FF0000B202227
:1086E00002A93846FDF701FC054680BBBBF1000F2F
:1086F00022D14FF0010A00264FF000081FFA88F13E
:108700008D4234D901F128030DEB030212F8204CFD
:10871000BBF1000F5CD12046FFF7C8FF002840F0F6
:108720008B800A2C17D15A46491B3846FDF7B9FBF6
:1087300030460BB0BDE8F08F3846FDF7A7FB064684
:108740000028D6D0012389F80030AA46D4E74FF09C
:10875000000A5646D0E72146019808F10108F7F7CC
:108760002FF91FFA88F18D422AD84FF0010BBAF188
:10877000000FDDD1002EB2D020E02146019808F193
:108780000108F7F71DF91FFA88F1A942EDD201F1AE
:1087900028030DEB030212F8204C2046FFF786FF5A
:1087A0000246002846D10A2CE7D1491B3846FDF77E
:1087B00078FB0028BCD0012389F800300126B7E7F8
:1087C00001F128030DEB03024FF0010B12F8204CCE
:1087D000BBF1010FE1D0BBF1020F1ED12046FFF724
:1087E00065FF024660B9491B3846FDF75AFB002871
:1087F0009ED0A4F10A035C425C4189F80040DDE7A9
:1088000008F101081FFA88F18D42B0D901F128035F
:108810000DEB030212F8204CE0E708F101081FFA03
:1088200088F18D42A3D901F128030DEB030212F860
:10883000204CCDE74FF0020B08F101085EE72DE96F
:10884000F04F85B000AFC7E900218046F7F740F848
:1088500005464046FDF71AFB064600285AD1284631
:10886000C7F808D00124F7F781F888B0C7F80CD012
:10887000A346F96820224046FDF737FB824678B3CD
:108880004FF00009FB6813F809100A2909D128469E
:10889000F7F76CF80124A34609F10109CA45F1D1A3
:1088A000E7E70D29F8D0232908D16CB9BBF1000FF7
:1088B0000AD02846F7F784F80024EDE73A29F5D1E5
:1088C00024B12846F7F752F80024E4E7BBF1000F83
:1088D000FAD02246A9EB0A014046FDF7E2FA064625
:1088E000D7F808D0002EB4D079682846F7F760F89A
:1088F000024660B902214046FDF7D3FA04462846F5
:10890000F7F72BF820461437BD46BDE8F08F3B68DB
:10891000002B9ED00024F2E72DE9F04F85B000AF88
:10892000934697F83C2081461D46FFF788FF064690
:1089300000B3BBF1010F2BD12846F7F717F8EA4631
:1089400088B0E846202241464846FDF7CEFA064662
:1089500048B1002418F804100A2910D10022A11BE4
:108960004846FDF79EFA2846F7F73DF8061ED5461D
:1089700018BF012630461437BD46BDE8F08F0D29DB
:1089800002D02846F7F71CF80134A642E2D1D9E715
:10899000F6F79EFFAA4604464FF00008BB6B9845C9
:1089A0003CD04FF0000307F10F0221464846FB730D
:1089B000FFF78AFE88B3ABF10203052B52D8DFE83C
:1089C00003F0035122313A472046F7F70CF801280B
:1089D00023D900212046F6F7D2FF012178602046F6
:1089E000F6F7CDFF05EB080201467868FDF76AFC53
:1089F00098B1FB7B08F1010813B1BB6B43450CD167
:108A00000AF1040ACAE72046F6F7BFFF0A235246D6
:108A10000021FDF73FFF0028EBD000262046F6F7A7
:108A20009CFFA7E72046F6F7B0FF0A235246002135
:108A3000FDF714FFEFE72046F6F7D5FF0F28ECD936
:108A40002046F6F7A2FF05EBC801FDF75AFCCFE779
:108A500006492046F6F7B2FFB0FA80F0400905F863
:108A60000800C6E7DFF808C0F4F734FA89D401201B
:108A7000A3D4012038B504460D46EDF78FFF18B199
:108A8000DFF810C0F4F726FA29462046BDE8384042
:108A9000FAF78CBD47A10120024B0360024B036132
:108AA000704700BF71350120758A0120830706D108
:108AB0006422B0FBF2F302FB13039BB253B94FF4F1
:108AC000C873B0FBF3F203FB120080B2B0FA80F07F
:108AD0004009704701207047F8B5044670B3002183
:108AE000C78840F2B2750E46AF422BD84FF4B77329
:108AF0005943384640F26D1303FB0611FFF7D6FFCA
:108B0000194D1A4B26790C2202FB003069430023D1
:108B10000133DAB2964221D863782278C3EB03138B
:108B20004FF461609B0000FB0233A2780E481344AF
:108B3000E278013A00FB02300844F8BD4FF0020C25
:108B4000F4F7C8F92846FFF7B1FF20B10131C9B2E7
:108B50000135ADB2C8E70136F6B2F9E710F8012BDE
:108B600005FB0211D4E700BF80510100B3D40120FE
:108B7000931E222B10B50C4604D900230B701C4603
:108B8000204610BD0A2A09D1002807DA2D230B70D0
:108B900040420121214400F05BF8F1E70021F9E7B0
:108BA000FFF7E6BF70B50F4E05460A44914201D16A
:108BB000002011E015F8013B11F8014BF05C00F0CA
:108BC00003000128305D00F0030008BF20330128B6
:108BD00003D12034181BE9D070BD181BFCD1002C28
:108BE000E4D1F9E7F1D40120C9B20346184613F8DD
:108BF000012B12B18A42F9D17047002918BF002019
:108C000070470A7870B56AB970BD9A4209D10C46AE
:108C1000054614F8013F002BF6D015F8016F9E426F
:108C2000F7D001300378002BEFD11846ECE710B5F0
:108C300001390244904201D1002005E0037811F887
:108C4000014FA34201D0181B10BD0130F2E7000014
:108C5000F0B51F4C8BB005460B466E4604F1200C58
:108C600020686168374603C7083464453E46F7D13B
:108C700021793971911E2068386022294FF0000156
:108C800004D919700B4618460BB0F0BD581E844627
:108C9000B5FBF2F702FB175628366E440C4616F861
:108CA000286C0CF8016F2E46B24201F101013D46DD
:108CB000EED900225A541919A51AAA42E3DA10F87B
:108CC000015F0E780670013201F80159F4E700BF28
:108CD000CBD4012002440346934200D1704703F8ED
:108CE000011BF9E710B50B4662B913F8012B002AF6
:108CF000FBD104E013F8014B00F8014B14B9581AEA
:108D0000013810BD013AF5D10270EEE7884210B586
:108D100001EB020402D98442234607D8431EA14234
:108D200008D011F8012B03F8012FF8E7024401469F
:108D30008A4200D110BD13F8014D02F8014DF7E74A
:108D400038B511F0FF0403460ED12146BDE8384086
:108D5000FFF74ABF431C054621461846FFF744FF6C
:108D60000028F7D1284638BD0025F5E770B50D4D30
:108D70000D4C641BA4100026A64209D10B4D0C4CCF
:108D800000F0CCF8641BA4100026A64205D170BDEB
:108D900055F8043B98470136EEE755F8043B9847F1
:108DA0000136F2E7FCD50120FCD50120FCD50120DD
:108DB00000D601200A44914200F1FF3300D17047F0
:108DC00010B511F8014B03F8014F9142F9D110BDD4
:108DD000014B1868704700BFECD6012008B52DED97
:108DE000028BB0EE408AF0EE608A00F07BF830B97A
:108DF000B0EE688AB0EE480ABDEC028B08BDB0EE5A
:108E0000680A00F06FF80028F4D0B4EEE88AF1EEBA
:108E100010FAEDDDEEE7000010EE100AC0F3C752C5
:108E20007F3A162A15DC002A08DA013200F00043E6
:108E300001D143F07E5300EE103A704707491141CB
:108E40000142FAD04FF480031341034423EA0103A3
:108E5000F1E7802AF1D130EE000A7047FFFF7F0072
:108E600010EE103AC3F3C7527F3A162A23F000419E
:108E70002ADC002A11DADFED197A30EE270AB5EE86
:108E8000C00AF1EE10FA05DD002B23DB002918BF24
:108E90004FF07E5300EE103A7047114911410B42DA
:108EA000FAD0DFED0E7A30EE270AB5EEC00AF1EE09
:108EB00010FAEFDD002BC2BF4FF4000040FA02F2BF
:108EC0009B1823EA0103E5E7B1F1FF4FE4D330EE4D
:108ED000000A70474FF00043DCE700BFCAF2497157
:108EE000FFFF7F0010EE103A33F000400DD0A0F5E8
:108EF0000003B3F1FE4F0AD3074B421E9A4208D932
:108F0000A0F1FF43584258417047022070470420A7
:108F100070470320704700BFFEFF7F00F8B500BF19
:108F2000F8BC08BC9E467047F8B500BFF8BC08BC4A
:048F30009E467047A2
:108F34000000004C434420616E64204E6F746966E7
:108F440069636174696F6E73002F6578742F617043
:108F540070732F6173736574732F6E6F74696669B0
:108F6400636174696F6E5F73657474696E67732E81
:108F74006661700053746F72616765002F65787461
:108F84002F617070732F6173736574732F73746FB3
:108F9400726167655F73657474696E67732E666169
:108FA4007000496E707574002F6578742F6170704D
:108FB400732F6173736574732F696E7075745F7347
:108FC400657474696E67732E6661700053746F7292
:108FD4006167655372760073746F726167650047E9
:108FE40075695372760067756900496E70757453BC
:108FF400727600696E707574004E6F746966696389
:109004006174696F6E537276006E6F74696669631A
:109014006174696F6E005570646174657253727621
:109024000075706461746572000000000500000042
:10903400413A0020D08F0120DB8F0120000C00007A
:10904400000000000000000011140020E38F012044
:10905400EA8F01200008000000000000000000006A
:1090640099280020EE8F0120F78F012000040000D2
:109074000000000000000000592C0020FD8F01209A
:109084000D90012000060000000000000000000018
:10909400455D00201A900120259001200008000061
:1090A4000000000000000000252E2A7300252E2A4F
:1090B400732E2E2E0A00252E2A732D0A00696E7037
:1090C40075745F6576656E74730061736369695F57
:1090D4006576656E7473006E6F6E2D636F6D706C64
:1090E400656D656E7461727920696E7075742C207B
:1090F40064697363617264696E67206B65793A2091
:10910400257320747970653A2025732C207365715A
:1091140075656E63653A2025700056696577506FF2
:109124007274206368616E676564207768696C6532
:10913400206B6579207072657373202570202D3E35
:109144002025702E2053656E64696E67206B6579E7
:109154003A2025732C20747970653A2025732C20CD
:1091640073657175656E63653A20257020746F2090
:1091740070726576696F7573207669657720706F94
:1091840072740056696577506F7274206368616EFB
:10919400676564207768696C65206B6579207072F7
:1091A400657373202570202D3E2025702E20446980
:1091B4007363617264696E67206B65793A20257305
:1091C4002C20747970653A2025732C207365717591
:1091D400656E63653A202570006E6F6E2D636F6D4A
:1091E400706C656D656E7461727920696E707574EA
:1091F4002C2064697363617264696E67206B65799E
:109204003A2025732C20747970653A2025732C201C
:1092140073657175656E63653A20257000566965DE
:109224007744697370617463686572005669657721
:10923400206368616E676564207768696C65206B7C
:109244006579207072657373202570202D3E20256A
:10925400702E2053656E64696E67206B65793A20C1
:1092640025732C20747970653A2025732C2073653E
:109274007175656E63653A20257020746F20707275
:109284006576696F7573207669657700000102035E
:109294006170706C69636174696F6E732F7365724A
:1092A40076696365732F6775692F766965775F7073
:1092B4006F72742E630056696577506F7274206CF8
:1092C4006F636B75703A207365652025733A256466
:1092D4000056696577506F72740000010203010043
:1092E400030204050001020304050100030204054E
:1092F400020301000405030200010405556E6B6EB0
:109304006F776E00696E7075745F73657474696EDF
:1093140067730050726573730052656C65617365A1
:109324000053686F7274004C6F6E6700526570650D
:1093340061740000179301201D93012025930120DF
:109344002B930120309301202F696E742F2E696EA8
:109354007075742E73657474696E67730046616901
:109364006C656420746F206C6F61642066696C6541
:109374002C207573696E672064656661756C7473FF
:1093840000496E70757453657474696E6773005325
:10939400442043617264206E6F7420726561647945
:1093A4002C20736B697070696E67207365747469BF
:1093B4006E6773002F696E742F2E6E6F7469666901
:1093C400636174696F6E2E73657474696E6773007C
:1093D400496E636F7272656374204261636B6C697A
:1093E400676874456E666F72636520757365000007
:1093F400000000009894012000000000A8940120BF
:1094040000000000B894012000000000C89401206E
:10941400000000000D00000000000000000000003B
:1094240000000000090000003200000000000000FD
:109434000000000005000000000000000000000023
:109444000000000004000000000000000000000014
:109454000000000003000000000000000000000005
:109464000000000005000000FF00000000000000F4
:109474000000000004000000FF00000000000000E5
:109484000000000003000000FF00000000000000D6
:10949400000000000C0000000000000000000000BC
:1094A400000000000B000000FF00000000000000AE
:1094B400000000000A00000000000000000000009E
:1094C400000000000A000000FF000000000000008F
:1094D400000000005894012038940120000000008E
:1094E4008894012068940120189401200000000051
:1094F40068940120289401203894012028940120A4
:109504006894012028940120389401202894012093
:109514006894012028940120389401202894012083
:109524000000000088940120289401205894012010
:109534002894012088940120289401205894012023
:109544002894012088940120289401205894012013
:109554002894012000000000789401202894012020
:109564004894012028940120789401202894012013
:109574004894012028940120789401202894012003
:10958400489401202894012000000000696E697449
:10959400206379636C652025642C206572726F7278
:1095A4003A2025730053746F7261676545787400BF
:1095B400736420696E6974206572726F723A202533
:1095C400730063617264206D6F756E74656400630B
:1095D40061726420646574656374656400636172B8
:1095E400642072656D6F766564207768696C6520A8
:1095F4006D6F756E74696E67006361726420726565
:109604006D6F766564000007070103030605020415
:10961400070707030707070707040000693400204A
:1096240005340020D3330020693200209B3300200E
:10963400D132002079320020BB3200206F35002067
:109644009132002071320020E53400207133002073
:1096540009330020E7320020293500208132002020
:109664006B350020893200208D32002085320020A5
:10967400756E6B6E6F776E206572726F72006669BD
:109684006C6573797374656D206E6F742072656197
:1096940064790066696C652F64697220616C726517
:1096A4006164792065786973740066696C652F64F8
:1096B4006972206E6F7420657869737400696E76C0
:1096C400616C696420706172616D657465720061BA
:1096D40063636573732064656E69656400696E769F
:1096E400616C6964206E616D652F706174680069D6
:1096F4006E7465726E616C206572726F720066754D
:109704006E6374696F6E206E6F7420696D706C6522
:109714006D656E7465640066696C652069732061AB
:109724006C7265616479206F70656E0029A40120F4
:109734008296012097960120AE960120C1960120C1
:10974400D3960120E1960120F3960120029701208F
:109754001B9701205344206361726420756E6D6F02
:10976400756E740053442063617264206D6F756E6E
:10977400740053442063617264206D6F756E7420AD
:109784006572726F720046696C65202570202D2009
:10979400257020636C6F7365640053746F72616726
:1097A4006541706900446972202570202D20257060
:1097B40020636C6F7365640046696C652F4469723D
:1097C40020257020616C6C6F630046696C652F44C2
:1097D400697220257020667265650046696C652093
:1097E4002570202D202570206F70656E202825732C
:1097F4002900446972202570202D202570206F7067
:10980400656E20282573290025732F257325730081
:1098140025732F257325642573002573256400752E
:109824006E6B6E6F776E006F6B006E6F74206D6F72
:10983400756E746564006E6F2066696C6573797308
:1098440074656D006E6F7420616363657373696220
:109854006C6500696E7465726E616C002B980120F2
:109864008D9601202E9801203A98012048980120D5
:10987400579801202F657874002F696E74002F6D3E
:109884006E74002F616E79002F64617461002F651E
:1098940078742F617070735F646174612F002F6539
:1098A40078742F617070735F64617461002F6173E9
:1098B40073657473002F6578742F617070735F61C2
:1098C40073736574732F002F6578742F2E696E740B
:1098D40000000000F0980120EC980120E898012095
:1098E40001000000ED4F0020754F0020254F00209F
:1098F400556E6B6E6F776E206572726F7200537463
:109904006167652025642C2070726F6772657373BC
:1099140020256400557064576F726B65720025735F
:109924000A235B25642D25645D00257320256425A9
:109934002500557064617465576F726B6572000021
:1099440000022D0205100F10191028101E10050812
:109954000204210464041420054064403240FF8062
:109964000500010001000157726F6E672055706495
:1099740061746572204857004D616E696665737441
:1099840020706F696E746572206572726F72004D1B
:10999400616E6966657374206C6F616420657272B0
:1099A4006F720057726F6E67207061636B616765D9
:1099B4002076657273696F6E004857205461726730
:1099C4006574206D69736D61746368004E6F204423
:1099D40046552066696C65004E6F20526164696F5C
:1099E4002066696C65004653205265616420657287
:1099F400726F7200537461636B2072656D6F76656C
:109A04003A20636D64206572726F720053746163EF
:109A14006B2072656D6F76653A2077616974206694
:109A240061696C656400537461636B207772697457
:109A3400653A206572726F7200537461636B2069BA
:109A44006E7374616C6C3A20636D64206572726F1E
:109A54007200537461636B20696E7374616C6C3A49
:109A64002077616974206661696C65640046616988
:109A74006C656420746F20737461727420433200C7
:109A840043322046555320737769746368206661B6
:109A9400696C656400465553206F70657261746922
:109AA4006F6E206661696C65640043322053746193
:109AB400636820737769746368206661696C6564A0
:109AC40000556E636F72722E2076616C7565206D21
:109AD40069736D61746368004661696C65642074C0
:109AE4006F206F70656E204446552066696C650072
:109AF4004446552066696C65207265616420657210
:109B0400726F72004446552066696C652043524367
:109B1400206D69736D6174636800466C61736820BD
:109B24007772697465206572726F7200466C617336
:109B34006820636F6D70617265206572726F720068
:109B44004C6F6164696E6720757064617465206D23
:109B5400616E6966657374004261636B696E672048
:109B6400757020636F6E66696775726174696F6E74
:109B740000436865636B696E6720726164696F2076
:109B8400465700556E696E7374616C6C696E67201C
:109B9400726164696F2046570057726974696E6711
:109BA40020726164696F20465700496E7374616C5A
:109BB4006C696E6720726164696F20465700436F59
:109BC4007265203220627573790056616C69646134
:109BD40074696E67206F70742E20627974657300E7
:109BE400436865636B696E67204446552066696CFB
:109BF400650057726974696E6720666C61736800EA
:109C040056616C69646174696E6720666C6173681F
:109C140000526573746F72696E6720636F6E666954
:109C24006775726174696F6E00436C65616E696E0D
:109C3400672075702066696C657300436C65616E9E
:109C4400696E67207570206469726563746F7269E8
:109C540065730045787472616374696E6720726518
:109C6400736F757263657300496E7374616C6C69AC
:109C74006E672073706C61736873637265656E00E0
:109C840052657374617274696E672E2E2E004F4292
:109C94002C207265706F72740000000001000D00CA
:109CA4006B990120010E14007C99012001151E00FE
:109CB40093990120011F2800A7990120012932004E
:109CC400BD99012001333C00D0990120013D500091
:109CD400DC99012003006200EA9901200363640017
:109CE400119B012004001E00F8990120041F640048
:109CF400109A0120050064002A9A012006000A0037
:109D04003D9A0120060B6400569A012007000A00C0
:109D1400719A0120070B1400849A012007151E0074
:109D2400999A0120071F6400AE9A0120080064007C
:109D3400C59A012009000100DC9A01200901610093
:109D4400F49A012009626400089B01200A0064005F
:109D54001E9B01200B006400309B01208E9C01207F
:109D6400449B01205C9B0120759B0120879B012063
:109D74009D9B0120AE9B0120C29B0120CE9B012014
:109D8400E49B0120F69B0120049C0120159C0120EA
:109D94002D9C01203F9C0120579C01206C9C01209C
:109DA400849C0120B6B10120929C0120433220748E
:109DB400696D656F75740052656D6F76696E6720A5
:109DC400737461636B00557064576F726B65725284
:109DD400616D004F42204D49534D415443483A2050
:109DE4002325643A207265616C202530386C582034
:109DF400213D202530386C5820286578702E292C78
:109E04002066756C6C202530386C5800466978697A
:109E14006E67207570204F42206279746520232577
:109E24006420746F202530386C58004F422023255D
:109E3400642069732046554241522028666978653A
:109E440064266D61736B6564202530386C582C2052
:109E54006E6F74202530386C5829004F42204D41D4
:109E64005443483A202325643A207265616C2025C6
:109E740030386C58203D3D202530386C58202865FA
:109E840078702E29004F42732077657265206368CD
:109E9400616E6765642C206170706C79696E67000F
:109EA400537461636B2076657273696F6E20697396
:109EB40020757032646174650052657374617274E4
:109EC400696E6720746F2046555300576169746941
:109ED4006E6720666F722046555320746F20736539
:109EE40074746C6500466F7263696E672073746185
:109EF400636B2072656D6F76616C20286D6174638D
:109F04006829005374617274696E672073746163A5
:109F14006B20746F20636865636B2066756C6C20BE
:109F240076657273696F6E0057726974696E672023
:109F3400737461636B00830411DFFFFF5570646108
:109F44007465204661696C65642100746F207265D4
:109F54007472792C20686F6C6420202020202020CB
:109F6400746F2061626F727400496E7374616C6CFB
:109F7400696E670057616974696E6720666F722045
:109F840053442063617264002F6578742F002F613D
:109F94006E792F00436F7265322073746172746539
:109FA4006400436F726532004572726F722064758B
:109FB40072696E6720696E697469616C697A61742B
:109FC400696F6E00537461636B00433220626F6F7C
:109FD4007420636F6D706C657465642C206D6F64A0
:109FE400653A2025730025580025642E25642E2506
:109FF400643A257300436F7265323A204655533AEA
:10A004002025642E25642E25642C206D656D202565
:10A01400642F25642C20666C61736820256420708D
:10A024006167657300436F7265323A2053746163EC
:10A034006B3A2025642E25642E25642C20627261DF
:10A044006E63682025642C2072656C7479706520B9
:10A0540025642C20737461636B74797065202564A6
:10A064002C20666C617368202564207061676573B9
:10A074000043322073746172747570206661696C78
:10A08400656400537461636B2069736E277420697F
:10A094006E7374616C6C656421004661696C6564FF
:10A0A40020746F20737461727420526164696F202C
:10A0B400537461636B207769746820737461747579
:10A0C400733A202530325800465553207374617416
:10A0D400653A2025582C206572726F72203D202528
:10A0E400780046555320737461746523323A2025F1
:10A0F400582C206572726F72203D202578004655D9
:10A10400532073746174653A2025782C206572722B
:10A114006F723A2025780045726173696E67207307
:10A124007461636B00436D6420726573203D202568
:10A134007800496E7374616C6C696E672073746126
:10A14400636B00535428522920436F70726F285256
:10A154002920486172644661756C74004C00426544
:10A1640000426100462B00482B000000F3AC0120A4
:10A17400D2AD012060A1012062A1012065A10120CE
:10A1840068A101206BA10120DD690020096A00207B
:10A19400F5690020E1690020176A00205374617298
:10A1A4007420425420696E697469616C697A6174BF
:10A1B400696F6E004675726948616C42740057613C
:10A1C4006974696E6720666F72204655532D3E721E
:10A1D4006164696F20737461636B207472616E7360
:10A1E4006974696F6E004661696C656420746F20E0
:10A1F400737769746368204332206D6F64653A2015
:10A2040025640000000000000100000002000000BE
:10A214000400000000100000000001000000000025
:10A22400010000000200000004000000080000001B
:10A234001000000080000000002000000000010069
:10A244000000000000010000000001000000020006
:10A2540000000400000008000000100000000002DC
:10A264000142A0850100000000020000004000003F
:10A274000000200000008000000000010000000435
:10A284000000008021000000010000002000000008
:10A2940000582600000800000010000000400000E4
:10A2A4000000020000000400000020000000000084
:10A2B40001000000464C4153482D3E535220307853
:10A2C4002530386C58284B6E6F776E2045525241BA
:10A2D400544129004675726948616C466C61736823
:10A2E40000657261736520746F6F6B20256C752037
:10A2F400636C6F636B73206F7220256C75757300CC
:10A3040070726F6772616D5F7061676520746F6FE3
:10A314006B20256C7520636C6F636B73206F7220E8
:10A32400256C75757300417474656D707420746F59
:10A334002073657420524F204F4220776F7264203F
:10A3440025640053657474696E67204F42207265FA
:10A354006720256420666F7220776F7264202564FD
:10A364002028616464722030782530386C582920A4
:10A37400746F2030782530386C58000001000000DC
:10A384002040005802000000244000580300000050
:10A3940028400058040000002C400058050000002C
:10A3A4003040005806000000344000580700000008
:10A3B40038400058000000000000000000000000C9
:10A3C4000000000000000000000000000000000089
:10A3D4000000000000000000000000000000000079
:10A3E40000000000080000003C4000580900000084
:10A3F400000000000A00000000000000496E7661C1
:10A404006C696420617267756D656E7400496E6372
:10A414006F7272656374204770696F50756C6C005D
:10A42400496E6974204F4B004675726948616C50DF
:10A434006F776572000000000A009B9214A501204A
:10A4440003009D923408000003009F92340800002A
:10A454000300A3925F0E00000300A992AE01000066
:10A464000300AB924E0100000300AD9212120000F3
:10A474000300AF92980100000200B1920B000000AB
:10A484000200B292000000000300BD92CC0F000055
:10A494000300BF92410F00000300C192DF0E0000D1
:10A4A4000300C392860E00000300C5923A0E00001A
:10A4B4000300C792010E00000300C992DA0D0000E8
:10A4C4000300CB92BA0D00000300CD92950D00005D
:10A4D4000300CF92530D00000300D192E30C00005F
:10A4E4000300B492E40C00000300B792F90C0000DE
:10A4F4000300BA921B0D00000200DE91010000006F
:10A504000600179201000000000000000000000097
:10A51400310D4675726948616C5265736F7572636B
:10A524006573000006000000557000446F776E00EC
:10A534005269676874004C656674004261636B001D
:10A5440050413700504136005041340050423300EE
:10A5540050423200504333005041313400504131B5
:10A5640033005042360050423700504331005043CC
:10A57400300050423134005042380050423900001B
:10A5840068A70120000100002CA5012060A701207C
:10A59400010100002FA5012058A70120020100009D
:10A5A40034A5012050A70120030100003AA5012091
:10A5B40048A701200400000029A4012040A701208D
:10A5C400050100003FA50120D0A6012044A50120DB
:10A5D4000C010200D8A6012048A501200B000300AD
:10A5E400E0A601204CA5012009020400E8A60120F0
:10A5F40050A5012016000500F0A6012054A5012055
:10A6040016000600F8A6012058A501200400070042
:10A61400C0A701205CA5012016000A01C8A70120DB
:10A6240061A5012016000C01B8A6012066A5012031
:10A6340016000D01B0A601206AA5012016000E0126
:10A6440000A701206EA5012002000F0008A7012029
:10A6540072A5012001001000B0A7012076A50120F9
:10A664001600110198A601207BA501201600000107
:10A67400C0A601207FA501201600000100000048AB
:10A68400001000000000004800080000000000481E
:10A694000800000000040048000100000000004819
:10A6A400000200000000004800040000000400480C
:10A6B400800000000004004840000000000400483E
:10A6C40000020000000000480400000000000048F0
:10A6D4008000000000000048400000000000004826
:10A6E40010000000000400480800000000040048B6
:10A6F40004000000000800480800000000080048AA
:10A7040002000000000800480100000000000048AA
:10A71400200000000004004820000000000400485D
:10A7240010000000000C0048020000000004004873
:10A7340000800000000800480400000000080048F1
:10A7440000200000001C004808000000000400482D
:10A754000008000000040048001000000008004841
:10A7640040000000000400480004000000100048FD
:10A774001000000000080048000400000008004821
:10A78400001000000004004802000000000400481B
:10A79400010000000008004800080000000C004808
:10A7A40001000000000800481000000000040048F8
:10A7B40000400000000000480001000000000048C4
:10A7C4000040000000000048002000004675726947
:10A7D40048616C527463007267622042007267625F
:10A7E40020520072676220522E722E522E722E5206
:10A7F4002E720000008403008025000000960000F3
:10A8040000E1000000C201000008070000100E0073
:10A8140000201C000001020253657269616C436FE1
:10A824006E74726F6C447269766572007D98002054
:10A83400A19A0020699A002081980020399A00206A
:10A844005D990020999800204675726948616C539F
:10A854007065616B657200444D412074696D656F6C
:10A8640075740D0A004675726948616C537069000D
:10A874004675726948616C537069436F6E666967A7
:10A884000000000004D60120A5A4002038A7012060
:10A8940030A7012028A7012080A7012004D6012089
:10A8A40099A4002038A7012030A7012028A701205F
:10A8B40080A7012004D601208DA4002038A7012000
:10A8C40030A7012028A7012098A7012010D6012035
:10A8D40081A5002020A7012018A7012010A701208E
:10A8E40070A7012010D60120B1A4002020A70120C8
:10A8F40018A7012010A70120A0A701200000000034
:10A904000401000000070000000000000000000037
:10A914000002000020000000000000000000000011
:10A924000700000000000000040100000007000010
:10A934000000000000000000000200000000000011
:10A9440000000000000000000700000000000000FC
:10A9540004010000000700000000000000000000E7
:10A9640000020000180000000000000000000000C9
:10A9740007000000000000000401000000070000C0
:10A9840000000000000000000002000010000000B1
:10A9940000000000000000000700000000000000AC
:10A9A4000401000000070000000000000100000096
:10A9B4000002000010000000000000000000000081
:10A9C400070000007825730078466C697070657222
:10A9D400004675726948616C56657273696F6E00E2
:10A9E400496E6974537276004B65726E656C2069AA
:10A9F4007320446561640041626F727448616E64DF
:10AA04006C6572004E6F74496D706C656D656E7423
:10AA1400656400576879457869743F00A086010031
:10AA2400400D0300801A060000350C0040420F0060
:10AA340080841E0000093D0000127A000024F40006
:10AA440000366E010048E801006CDC0200000000E2
:10AA540000000000000000000000000000000000F2
:10AA640000000000000000000000000001000000E1
:10AA740002000000030000000400000001000000C8
:10AA840003000000050000000100000001000000B8
:10AA9400060000000A000000200000000200000080
:10AAA4000400000008000000100000004000000046
:10AAB400800000000001000000020000426C6545B7
:10AAC40076656E74576F726B65720046757269486D
:10AAD400616C436C6F636B004675726948616C43CB
:10AAE400727970746F004675726948616C4932639B
:10AAF400000000002CD60120EDB5002046757269D7
:10AB040048616C49627574746F6E00467572694869
:10AB1400616C496E74657272757074004C53452093
:10AB24004353532066697265643A20726573657491
:10AB340074696E672073797374656D004C53452096
:10AB44004353532066697265643A20627574204CDD
:10AB5400534520697320616C69766500485345202C
:10AB64004353532066697265643A20726573657451
:10AB740074696E672073797374656D004E554C4C1F
:10AB840020706F696E7465722064657265666572A3
:10AB9400656E6365004D5055206661756C742C209C
:10ABA400706F737369626C7920737461636B206F67
:10ABB400766572666C6F77004D656D4D616E616789
:10ABC40065206661756C742C20706F737369626C98
:10ABD4007920737461636B206F766572666C6F772E
:10ABE400004D656D4D616E616765000D0A1B5B303C
:10ABF4003B33316D427573206661756C743A0D0A8E
:10AC040000202D206C617A7920737461636B696E06
:10AC14006720666F7220657863657074696F6E2053
:10AC2400656E7472790D0A00202D20737461636B54
:10AC3400696E6720666F7220657863657074696FEA
:10AC44006E20656E7472790D0A00202D20756E7366
:10AC54007461636B696E6720666F722065786365E3
:10AC64007074696F6E2072657475726E0D0A0020BF
:10AC74002D20696D70726563697365206461746108
:10AC8400206163636573730D0A00202D2070726563
:10AC940063697365206461746120616363657373C0
:10ACA4000D0A00202D20696E737472756374696FC8
:10ACB4006E0D0A00202D2D20617420307800202D87
:10ACC4002D204E554C4C20706F696E746572206453
:10ACD400657265666572656E63650D0A004275731B
:10ACE4004661756C7400307846464646464646468C
:10ACF4000055736167654661756C740046707546EE
:10AD040061756C74004E4D49004D656D4D676D74F1
:10AD1400005356430044656275674D6F6E0050657D
:10AD24006E645356005379735469636B00575744E8
:10AD340047005056445F50564D0054414D50005208
:10AD440054435F574B555000464C415348005243BF
:10AD5400430045585449300045585449310045583A
:10AD64005449320045585449330045585449340035
:10AD7400444D41315F43683100444D41315F436884
:10AD84003200444D41315F43683300444D41315FEB
:10AD940043683400444D41315F43683500444D41BC
:10ADA400315F43683600444D41315F4368370041A9
:10ADB400444331005553425F4850005553425F4C61
:10ADC400500043325345565F5057525F4332480058
:10ADD400434F4D500045585449395F350054494D4F
:10ADE400315F42524B0054494D315F55505F5449D5
:10ADF4004D31360054494D315F5452475F434F4DF6
:10AE04005F54494D31370054494D315F434300503D
:10AE14004B4100493243315F455600493243315F6B
:10AE2400455200493243335F455600493243335F4C
:10AE34004552005350493100535049320055534153
:10AE4400525431004C505541525431005341493110
:10AE540000545343004558544931355F3130005252
:10AE640054435F416C61726D00435253005057521A
:10AE74005F534F54465F424C4500495043435F4340
:10AE8400315F525800495043435F43315F54580087
:10AE94004853454D004C5054494D31004C50544991
:10AEA4004D32004C434400515541445350490041F4
:10AEB400455331004145533200524E4700465055E8
:10AEC40000444D41325F43683100444D41325F4399
:10AED400683200444D41325F43683300444D41328F
:10AEE4005F43683400444D41325F43683500444D4C
:10AEF40041325F43683600444D41325F4368370056
:10AF0400444D414D5558315F4F56520009AD012013
:10AF140056A101200DAD0120E1AC0120F5AC0120CA
:10AF2400000000000000000000000000000000001D
:10AF340015AD012019AD01200000000022AD012053
:10AF440029AD012031AD012036AD01203EAD0120F7
:10AF540043AD01204CAD012052AD012056AD01207E
:10AF64005CAD012062AD012068AD01206EAD012011
:10AF740074AD01207DAD012086AD01208FAD01208F
:10AF840098AD0120A1AD0120AAAD0120B3AD0120EF
:10AF9400B8AD0120BFAD0120C6AD0120D4AD012064
:10AFA400D9AD0120E1AD0120EAAD0120F8AD0120C9
:10AFB4000BAE0120A2AE012013AE012017AE01207A
:10AFC4001FAE012027AE01202FAE012037AE012095
:10AFD4003CAE012041AE012048AE012050AE01201C
:10AFE40055AE012059AE012063AE01206DAE0120A3
:10AFF40071AE01207EAE012089AE012094AE012005
:10B0040099AE0120A0AE0120A7AE0120ABAE012075
:10B01400B3AE0120B8AE0120BDAE0120C1AE012007
:10B02400C5AE0120CEAE0120D7AE0120E0AE012096
:10B03400E9AE0120F2AE0120FBAE012004AF0120F5
:10B044001A1B191C0B0C0D0E0F10113738393A3B13
:10B054003C3D0516292E2F302425534E4252534190
:10B0640020776F726B61726F756E640046757269DA
:10B0740048616C4D656D6F7279005352414D324198
:10B084003A20307825702C20256C75005352414DA0
:10B0940032423A20307825702C20256C75005352AA
:10B0A400414D324220636C656172005352414D320E
:10B0B4004120636C65617200456E61626C65640079
:10B0C4004E6F205352414D3220617661696C61624A
:10B0D4006C65006D656D6D677420696E204953520F
:10B0E400004675726948616C4F7300000038014076
:10B0F40007000000B8A60120B0A60120FBC2002072
:10B10400F3C20020FFC20020F7C2002000800040EC
:10B114000800000000A7012008A7012091C2002018
:10B124006DC20020A3C200207FC2002001000000E5
:10B1340002000000040000000600000008000000F7
:10B144000A0000000C0000001000000020000000B5
:10B154004000000080000000000100000100020027
:10B164000400060008000A000C0010002000400043
:10B174008000000148575F495043435F5359535F70
:10B1840053656E64436D642074696D656F757400F6
:10B194002D32313437343833363438005B49535226
:10B1A40020005B6D61696E5D20005B004661746127
:10B1B4006C204572726F7200667572695F61737399
:10B1C400657274206661696C656400667572695F96
:10B1D400636865636B206661696C6564000D0A1BB6
:10B1E4005B303B33316D5B43524153485D000D0A84
:10B1F4000972000D0A096C72203A20000D0A0973C5
:10B204007461636B2077617465726D61726B3A204F
:10B21400000D0A0920202020206865617020746FC9
:10B2240074616C3A20000D0A092020202020206837
:10B2340065617020667265653A20000D0A09206810
:10B244006561702077617465726D61726B3A20007C
:10B254000D0A09636F7265323A206E6F742066615D
:10B26400756C746564000D0A09636F7265323A2067
:10B27400686172646661756C7465642E0D0A0950A8
:10B28400433A20000D0A094C523A20000D0A095392
:10B29400503A20000D0A53797374656D2068616C0F
:10B2A4007465642E20436F6E6E65637420646562FA
:10B2B400756767657220666F72206D6F72652069AD
:10B2C4006E666F0D0A001B5B306D0D0A00436865E6
:10B2D400636B2073657269616C206C6F6773000D1A
:10B2E4000A5265626F6F74696E672073797374654F
:10B2F4006D2E0D0A00536F6D65206576656E74734F
:10B304002077657265206E6F742070726F63657349
:10B314007365643A203078256C7800467572694507
:10B3240076656E744C6F6F7000256C752025735BA9
:10B3340025735D5B25735D201B5B306D0054001B22
:10B344005B303B33316D001B5B303B33336D001B93
:10B354005B303B33326D001B5B303B33346D001B81
:10B364005B303B33356D0064656661756C74006EEB
:10B374006F6E65007761726E00696E666F0064655A
:10B384006275670074726163650000007CAE012021
:10B39400859B01200BAD0120A9AE012041B3012002
:10B3A40043B301204BB3012053B301205BB301200D
:10B3B40063B301206F7574206F66206D656D6F72C5
:10B3C40079006D616C6C6F63283029002DED0020CD
:10B3D400FFEE0020596F752061726520646F696EFD
:10B3E400672069742077726F6E670064726976658E
:10B3F400720053657276696365207468726561646E
:10B4040073204D555354204E4F54207265747572F9
:10B414006E00537461636B2077617465726D617241
:10B424006B20697320746F6F206C6F7720257A7599
:10B43400203C205448524541445F535441434B5FA0
:10B4440057415445524D41524B5F4D494E2E204970
:10B454006E63726561736520737461636B207369D5
:10B464007A652E00257320616C6C6F636174696F5B
:10B474006E2062616C616E63653A20257A750046C0
:10B484007572695468726561640053746172746999
:10B494006E672073657276696365202573002028C2
:10B4A40064697274792900726762205742004669A0
:10B4B400726D77617265000D0A09257320766572D5
:10B4C40073696F6E3A0925730D0A094275696C64D4
:10B4D40020646174653A090925730D0A0947697482
:10B4E40020436F6D6D69743A09092573202825730B
:10B4F4002925730D0A09476974204272616E6368D5
:10B504003A09092573004E6F206275696C642069DD
:10B514006E666F20666F7220257300426F6F742011
:10B524006D6F6465202564005374617274757020B6
:10B53400636F6D706C65746500282D5F2D29005450
:10B54400696D657273537276000001000200040095
:10B55400060008000A000C001000200040008000D3
:10B5640000010000010000000200000004000000CF
:10B5740006000000080000000A0000000C000000A3
:10B5840010000000200000004000000080000000C7
:10B5940000010000627132373232305F72656164DB
:10B5A4005F776F7264206661696C656400476175DA
:10B5B400676500444D207772697465206661696C23
:10B5C400656400435243207772697465206661693B
:10B5D4006C656400444D2053656C656374537562F7
:10B5E400636C61737320666F722072656164206698
:10B5F40061696C656400444D207265616420666114
:10B60400696C65640044617461206174203078253C
:10B6140030347828257A75293A2030782530386CEA
:10B6240078213D30782530386C7800454E544552A9
:10B634005F4346475F55504441544520636F6D6DE9
:10B64400616E64206661696C6564004661696C655D
:10B654006420746F20676574206F7065726174690B
:10B664006F6E207374617475732C207265747269C3
:10B674006573206C65667420256C7500496E76616F
:10B684006C696420444D2054797065004578697470
:10B6940020434647555044415445206D6F6465200E
:10B6A4006661696C656400456E7465722043464743
:10B6B400555044415445206D6F6465206661696C42
:10B6C40065642C204346472025752C205345432090
:10B6D40025750052657365742072657175657374A0
:10B6E400206661696C656400494E4954434F4D506E
:10B6F4002074696D656F757420616674657220725B
:10B704006573657400537461747573207175657223
:10B7140079206661696C6564005365616C207265AB
:10B724007175657374206661696C65640053656145
:10B734006C206661696C656400556E7365616C208C
:10B744006661696C6564202575004E6F7420696EAE
:10B7540020756E7365616C65642073746174650033
:10B7640046756C6C20616363657373206661696CF4
:10B774006564202575004661696C656420746F20DA
:10B78400676574206F7065726174696F6E2073747D
:10B79400617475730049443A204465766963652091
:10B7A4006973206E6F7420726573706F6E64696E56
:10B7B4006700496E76616C696420446576696365E7
:10B7C400204E756D626572202530347820213D202D
:10B7D40030783032323000496E636F727265637450
:10B7E4002073746174652C207265736574206E65B2
:10B7F40065646564004661696C656420746F2067E4
:10B80400657420636F6E74726F6C207374617475E9
:10B814007300496E636F72726563742070726F6631
:10B82400696C652C207265736574206E656564654A
:10B834006400496E636F727265637420636F6E6631
:10B84400696775726174696F6E20646174612C201C
:10B854007265736574206E65656465640052657312
:10B86400657474696E672064657669636500466112
:10B87400696C656420746F207265736574206465F7
:10B8840076696365005570646174696E67206461EC
:10B894007461206D656D6F72790044617461206D0F
:10B8A400656D6F7279207570646174652066616975
:10B8B4006C6564006C65643A2025642C20723A201F
:10B8C40025642C20673A2025642C20623A202564C4
:10B8D40000534B36383035000000004800010000AA
:10B8E400EB7690455846415420202000222A3A3CC9
:10B8F4003E3F7C7F002B2C3B3D5B5D000103050735
:10B90400090E10121416181C1E435545414141419D
:10B914004345454549494941414592924F4F4F5509
:10B9240055594F554F9C4F9E9F41494F55A5A5A62C
:10B93400A7A8A9AAABACADAEAFB0B1B2B3B4414104
:10B9440041B8B9BABBBCBDBEBFC0C1C2C3C4C54106
:10B9540041C8C9CACBCCCDCECFD1D1454545494943
:10B964004949D9DADBDCDD49DF4FE14F4F4F4FE680
:10B97400E8E85555555959EEEFF0F1F2F3F4F5F6C0
:10B98400F7F8F9FAFBFCFDFEFF007D1D0100632CB6
:10B99400001E9601A01E5A01001F0806101F06066D
:10B9A400201F0806301F0806401F0606511F070007
:10B9B400591F521F5B1F541F5D1F561F5F1F601FBF
:10B9C4000806701F0E00BA1FBB1FC81FC91FCA1F5D
:10B9D400CB1FDA1FDB1FF81FF91FEA1FEB1FFA1F2B
:10B9E400FB1F801F0806901F0806A01F0806B01F33
:10B9F4000400B81FB91FB21FBC1FCC1F0100C31F16
:10BA0400D01F0206E01F0206E51F0100EC1FF21F13
:10BA14000100FC1F4E2101003221702110028421FB
:10BA240001008321D0241A05302C2F04602C02013C
:10BA3400672C0601752C0201802C6401002D260858
:10BA440041FF1A03000061001A03E0001703F80025
:10BA54000703FF00010078010001300132010601F3
:10BA6400390110014A012E017901060180014D00BE
:10BA740043028101820182018401840186018701DC
:10BA8400870189018A018B018B018D018E018F0150
:10BA940090019101910193019401F601960197019E
:10BAA400980198013D029B019C019D0120029F0188
:10BAB400A001A001A201A201A401A401A601A70161
:10BAC400A701A901AA01AB01AC01AC01AE01AF0110
:10BAD400AF01B101B201B301B301B501B501B701C1
:10BAE400B801B801BA01BB01BC01BC01BE01F70138
:10BAF400C001C101C201C301C401C501C401C70120
:10BB0400C801C701CA01CB01CA01CD011001DD0181
:10BB140001008E01DE011201F3010300F101F401C1
:10BB2400F401F8012801220212013A020900652CED
:10BB34003B023B023D02662C3F02400241024102AD
:10BB440046020A015302400081018601550289011F
:10BB54008A0158028F015A0290015C025D025E0262
:10BB64005F0293016102620294016402650266024B
:10BB74006702970196016A02622C6C026D026E02E2
:10BB84009C01700271029D01730274029F0176028E
:10BB94007702780279027A027B027C02642C7E02AC
:10BBA4007F02A60181028202A90184028502860223
:10BBB4008702AE014402B101B20145028D028E0238
:10BBC4008F0290029102B7017B030300FD03FE0381
:10BBD400FF03AC0304008603880389038A03B103CB
:10BBE4001103C2030200A303A303C4030803CC0389
:10BBF40003008C038E038F03D8031801F2030A0099
:10BC0400F903F303F403F503F603F703F703F90366
:10BC1400FA03FA03300420035004100760042201DD
:10BC24008A043601C1040E01CF040100C004D0040B
:10BC34004401610526040000C700FC00E900E2009D
:10BC4400E400E000E500E700EA00EB00E800EF00B4
:10BC5400EE00EC00C400C500C900E600C600F40014
:10BC6400F600F200FB00F900FF00D600DC00F8004B
:10BC7400A300D800D7009201E100ED00F300FA0020
:10BC8400F100D100AA00BA00BF00AE00AC00BD00B4
:10BC9400BC00A100AB00BB00912592259325022591
:10BCA4002425C100C200C000A900632551255725E1
:10BCB4005D25A200A5001025142534252C251C255E
:10BCC40000253C25E300C3005A2554256925662533
:10BCD400602550256C25A400F000D000CA00CB00DC
:10BCE400C8003101CD00CE00CF0018250C258825D1
:10BCF4008425A600CC008025D300DF00D400D20028
:10BD0400F500D500B500FE00DE00DA00DB00D90046
:10BD1400FD00DD00AF00B400AD00B1001720BE008F
:10BD2400B600A700F700B800B000A800B700B9003B
:10BD3400B300B200A025A0002E736372617463681F
:10BD4400002F6578742F25732E7061640000000045
:10BD5400D55C0120CF5C0120B75C0120655C01202B
:10BD64005B5C0120515C01204B5C0120455C01209F
:10BD7400395D0120000000006410B71DC8206E3B2F
:10BD8400AC30D9269041DC76F4516B6B5861B24DDE
:10BD94003C7105502083B8ED44930FF0E8A3D6D648
:10BDA4008CB361CBB0C2649BD4D2D38678E20AA0B0
:10BDB4001CF2BDBD20200A0D09002F25730053611C
:10BDC40076696E6720222573220053617665645379
:10BDD4007472756374004F70656E206661696C657A
:10BDE4006420222573222E204572726F723A202716
:10BDF400257327005772697465206661696C6564F0
:10BE040020222573222E204572726F723A20272534
:10BE14007327004C6F6164696E67202225732200CA
:10BE24004661696C656420746F20726561642022C8
:10BE34002573222E204572726F723A2025730053A7
:10BE4400697A65206D69736D61746368206F66201B
:10BE540066696C652022257322004D616769632839
:10BE6400256420213D20256429206F7220566572A7
:10BE740073696F6E28256420213D20256429206D77
:10BE840069736D61746368206F662066696C6520F0
:10BE94002225732200436865636B73756D282564DE
:10BEA40020213D20256429206D69736D61746368C8
:10BEB400206F662066696C65202225732200466126
:10BEC400696C656420746F207265616420686561C3
:10BED4006465720030620038376464346639330054
:10BEE4006D792D6D6F6D656E74756D2D6669726DEE
:10BEF400776172650030312D30322D3230323600A8
:10BF04006D6E746D2D646576202852414D29004D67
:10BF14006F6D656E74756D006769744067697468E8
:10BF240075622E636F6D3A73616D617274696E65CB
:10BF3400642F4D792D4D6F6D656E74756D2D466949
:10BF4400726D776172652D46302E6769740000004A
:10BF54003E000F0001000000C0BF012020002800A7
:10BF64000100000028C001200B00080001000000AF
:10BF7400BCC001200B00080001000000D0C001205B
:10BF84000900080001000000E8C0012080000B0047
:10BF94000100000000C101200A00080001000000A7
:10BFA40078C101201E0017000100000090C101208B
:10BFB4000900090001000000E0C10120C4BF012004
:10BFC40001006000BF4F2FD7ECF77F990FFFDF8090
:10BFD40023BFEFFB23FDBB376E0D33E35B2360729E
:10BFE4008F01EF6DCDDB436CD8CECCD80F1FD008BA
:10BFF40081C7BE071BC81CA19CF9B13DEA1FF9F714
:10C004008E35A5C94E7417EDF49F54001857527F0E
:10C014003EB1E6B55BA079402500F3E87FED121D43
:10C02400552B533A2CC0012001008B00C07FFFF137
:10C03400FE000C67FE081C02E170018F8270031E73
:10C0440004700650E01961C065FF019C040620617C
:10C054008600C6E112018E426E0318870006500E58
:10C064000C0E4102E100C78A032C000D67900018F2
:10C07400D0C2E383C07E3818381090687029000C51
:10C0840060341018C470403190E28063C1B880C637
:10C094000108018C8036383A006C44E344238E0E48
:10C0A40086031BE4F0BE4633018C1C063E08700C6C
:10C0B4006E1FC4997E136400C0C0012001000900F2
:10C0C400FFC1FFF0401CD9E000000000D4C00120F3
:10C0D40000FF07B707FF0787077B07FF07FF07670F
:10C0E40000000000ECC0012000FE017E01FE010200
:10C0F400017F014101C1017F0000000004C1012052
:10C1040001007000FF4040C9E0FF80061E08380CA3
:10C114000C1E9300194601077D8303D231FFDBD542
:10C12400662083C0FF0524001C7828BC4072BFCF62
:10C1340047EB40DB7ABFF0403960283FE0A0EA805B
:10C14400633F0B17E43E5ABCF999701F8150C080BD
:10C15400E73E1E9D57FB7F2315B0125B5B021D8CCF
:10C16400C380249E03805E4000A1880E98007B0754
:10C1740008B244417CC101200004000600FF00060F
:10C1840001040200020001F80000000094C1012033
:10C194000100470080700065E08080C7E10301AFC3
:10C1A400E20E0319E43C06B3E8F80C67F3F01A60F6
:10C1B40027F7F150CFFFE034F000C603F0018C0CF8
:10C1C400067F8018C1FF9FFFFC3C067FE058C7FF35
:10C1D400E03100880067FFE018C7C000E4C1012017
:10C1E400007C00820039017D017D017D01390182DD
:10C1F400007C005F0003020404010405080A00FE39
:10C2040007FE08FF0139027E039520050051022133
:10C214000771516250022207339922B104230B554E
:10C22400D3A632289541A900240E95CF2A5B2A4A29
:10C23400B6254A658B00250C77112754A2D6528B5C
:10C244009800260C76F1468BDA2429D1A2252705FD
:10C254003159622808938F2A29752B2909938F2233
:10C264002B7529012A0A55D5AA52599A22002B0A5C
:10C2740055D32A8C06298C002C07326F2651002DA9
:10C284000615D762102E051151222F0877113BEDA8
:10C294003300300C75D166C9A42599B46401310703
:10C2A400727166E901320A75D166C9C2AC6D103388
:10C2B4000B75D166C9C248D59205340C75D12E933D
:10C2C400925232686102350B75D1E238A4A1962CE2
:10C2D40000360C75D166C9C421C9B46401370B7525
:10C2E400D162106B61164600380C75D166C9B4640E
:10C2F400C9B46401390C75D166C9B46408B5640164
:10C304003A064153220A3B08626F264D14003C074B
:10C3140053932AA9153D0835D5625007013E0853A9
:10C324009322AB94003F0B75D166C9C2AC0E450095
:10C33400401388316758626951A24489126948726E
:10C34400645800410B75D166C9B461C86C01420DD3
:10C3540075D16248326D50326D5000430A75D16612
:10C36400C9C4B66401440A75D16248326F83024578
:10C374000B75D1E2180E49180E02460A75D1E2185F
:10C384000E495804470B75D166C9C468D392054851
:10C394000A75D122B30D43660B49067151E2104A66
:10C3A4000975D1B2A3962C004B0C75D122939292AD
:10C3B4009644952C4C0875D122EC71104D0C7711D4
:10C3C40023DD968A14A9D6004E0B75D122D32625D7
:10C3D40091362D4F0A75D166C9BC250B00500C75DA
:10C3E400D16248326D50C22200510A85CF66C9BC61
:10C3F400256B00520C75D16248326D504A952C530E
:10C404000B75D166C9D4554B1600540975D1629089
:10C41400C29E00550975D122F32D5900560C75D1D1
:10C4240022B325A5240B2300570F7711238AA44890
:10C434008AA4488AA48A05580B75D122D3925AA596
:10C44400A605590A75D122D3925AD8045A0A75D12D
:10C454006210B38E83005B08938F6288FA345C0E9B
:10C464007711230772200772200772205D08938FCB
:10C4740062EAD3105E0835D92A4B6A015F0615D1EA
:10C48400621060063399222B610954B166884CC945
:10C4940000620B74B122CB96C8342400630A54B1F1
:10C4A4004689B4285100640974B1AE3244A6646567
:10C4B4000954B14689865101660972714649960A42
:10C4C40000670B74AD66884CC9962800680974B17E
:10C4D40022CB96C829690771512219046A09926D01
:10C4E400264BBA28006B0B74B1222B298994940231
:10C4F4006C067151E2106D0C57116351A2488AA465
:10C50400482A6E0854B162899C026F0954B1468965
:10C514004C8902700B74AD62894C439265007109B9
:10C5240074AD66884CC9567208539162889A007338
:10C5340008539166CB160074097391264A96A80590
:10C54400750854B122724A06760954B122724A140B
:10C5540000770C5711238AA4488AA48A05780A54C0
:10C56400B1229212259202790A74AD22724AB6441B
:10C57400017A0A54B162C812251B027B0A938F2ADE
:10C58400892A59540B7C06914FE2017D0B938F222B
:10C594008B6A495489007E0726F746B200000000E2
:10C5A40004FFFF00005F00030304040204050B0BF7
:10C5B400FFFE08FE08FE016402CF0409200500E620
:10C5C4000421088223C541121322083377454425E8
:10C5D40000231077A15524188999222153241889FE
:10C5E40001240FA59E556C92425B8A485266210035
:10C5F400251287228E4C220949A2E168441489CC71
:10C60400240026108722CE4C2292C866129344320C
:10C614009A08270631F7C400280BA31A554412D1EF
:10C6240029240A290DA31A4548149268894842000E
:10C634002A0733364524072B0A56A6955064128AD6
:10C64400002C0742DA0445022D06146E05012E065D
:10C6540022E204012F0C84225D522C140BC56200CB
:10C66400300B85A2CD44C217C90400310783A34D02
:10C67400451F320A85A2CD444D495B01330D85A285
:10C68400CD444D249451241300340E86A2655036B3
:10C694008A4842129B5002350C85A2C54D461C5156
:10C6A400241300360D85A2CD4442A3485824130018
:10C6B400370B85A2454D4926922901380E85A2CD16
:10C6C4004442914C242C920900390D85A2CD44C2D8
:10C6D40022A1512413003A0762E20491003B08822C
:10C6E400DA049122013C08546695444D013D073516
:10C6F400AA45B5003E095466854C4509003F0C85A2
:10C70400A2CD444DA42687880040179ADE5E4D1AB8
:10C714000A4922A224492C2409A58424B238AC064F
:10C72400410F8722D6702611494412C9414613424B
:10C734000C86E2454544BA88982E00430E8722169B
:10C7440049449C2A4644220A00440B86E20549A235
:10C75400C48B8404450985A2C54D76532B460A85AE
:10C76400A2C54D46916903470E87221649449C8A07
:10C774006A12916812480A86E28588E930E22449FF
:10C784000782E2C483004A0A85A29DDE289209003A
:10C794004B0F87E28548A2441BD224221599004CF2
:10C7A4000885A2854CDF0A4D1089A286B466BB5861
:10C7B400522813528814124E0E872286AC54A24477
:10C7C4002811529B004F0C8722D64CA2C64DA2368C
:10C7D40002500B86E24545C474112A02510D971E7E
:10C7E400D64CA2C625A28D0E08520B86E24545C43E
:10C7F40074113109530C86E20D4554642349280011
:10C80400540986E28549A84F00550A86E285889F27
:10C81400241400560F8722868C2651928824B2E174
:10C82400340657138AE28648441291543449940ECC
:10C834003191502402580E8722868C26511BCE2417
:10C844006A3401590D88628690281169A38AD5003B
:10C854005A0A86E28551A63653345B08A31A454525
:10C86400BF0C5C0C8422452C180BC682B1005D08F9
:10C87400A31AC544BF145E0844728DA4240A5F063B
:10C88400169A8501600722FE442800610B66A2CD3A
:10C894002824A2E82411620B85A2854C469170B12C
:10C8A40000630964624D65A41219640A85A29D8A15
:10C8B400858B8400650C65A2CD44729049241300D5
:10C8C400660A8521D5444492E904670C859A8D64EF
:10C8D400C24542934C00680A85A2854C4691F022D9
:10C8E400690782E284E8506A0AA3D98C50A2170A25
:10C8F400006B0D86A2855045429A91244A026C072A
:10C9040082E2C483006D0E68624644178A8422A1C1
:10C9140048280A6E0965A245448517016F0A65A275
:10C92400CD44C2453201700B859A4544858B45261A
:10C9340003710A859A8D64C2454253720964224583
:10C94400A422D204730B65A2CD446548914C0074B3
:10C954000A84218D4842116913750965A2858417DB
:10C964009500760B65A285844592340B0177106798
:10C97400228624428950229A2422890400780C6653
:10C98400E28548429351442401790C859A85848B2D
:10C9940084241389007A0965A2454DA4AD007B0B5C
:10C9A400A45A9544A4221369137C07A1DBC4610033
:10C9B4007D0CA45A854CA426116911017E0725AE6D
:10C9C4008D160000000004FFFF00001200040404A0
:10C9D400050304050B1400FC0EFC10FE000000000F
:10C9E400013C200500881C2A13AAC89C040A1222B0
:10C9F400848921234C24122808002B0DAAA89C0406
:10CA0400CAE841218132022C0F954C5C849020327B
:10CA140046C88869C2002D0626EC1C182E0A449EBE
:10CA24003C44A01001002F1C4B493C25142950A460
:10CA3400409102450A142950A4409102450A142940
:10CA440012003019EA885CCCA01854AA90992323C8
:10CA5400480C3963A854A111688C00310DEA889CF4
:10CA6400048AAA50FEE841013211EA885CCCA0187D
:10CA7400544CA0B861F3D983023317EA885CCCA084
:10CA840018544CA03851C40A0E245668041A2300C2
:10CA94003419EA88DCC40D23556884982142C608F9
:10CAA4001124E4413181C20C193514EA881C1E1C7E
:10CAB400148824E1400989151A81C608003615EA4C
:10CAC400885CCC1C192710490A51C5685668041A99
:10CAD4002300370FEA881C1E1494DDB0D90994236F
:10CAE400003819EA885CCCA018548C98084162CCB0
:10CAF400A018548C58A111688C003915EA885CCCB4
:10CB0400A018548C66A5442441286EC81923003A01
:10CB14000DA49E3C44A0102A0285080000000004D5
:10CB2400FFFF0000600203020304010204060B007D
:10CB3400FE07FE08FF017B032204962007DEF8F9B6
:10CB44003700210ADEF809697730A700220CDEF8E5
:10CB540081244BB224E71300230EDEF8E1241AA447
:10CB6400241AA4246705240EDEF891704A3A8E49EB
:10CB7400A7318700250DDEF8E121E9A22599D253DA
:10CB84004E260EDEF8612DAA8495A64CC9610027B5
:10CB940009DEF891B4CE3700280ADEF8A1B0DAB97C
:10CBA4008E00290ADEF881B8DAB18E012A0CDEF88B
:10CBB4000959529A925ACE0C2B0BDEF8C969366881
:10CBC40069CE002C09DEF8F922AA61082D08DEF8E6
:10CBD400B9ED1C012E08DEF8F924EA042F0DDEF865
:10CBE400B1344CC3344CC33405300EDEF8E1294B68
:10CBF40022A5454AB26827310BDEF809D9DA6DD08F
:10CC04006100320CDEF8E1294BC3C6418701330DC4
:10CC1400DEF8E1294B3339C9A29D00340DDEF82931
:10CC2400A19644A5410C7718350DDEF8D14149870A
:10CC3400384DB26827360EDEF8E1291DA22CC992C0
:10CC44002CDA09370BDEF8D1412D56EB1400380EDF
:10CC5400DEF8E1294BB268CA922CDA09390EDEF803
:10CC6400E1294BB2248B8634DA093A0ADEF85945B5
:10CC74001D1375023B0BDEF819ED98A88621003CC4
:10CC840009DEF84961733B0C3D0BDEF8D9061D182B
:10CC94007446003E09DEF8E18EED24003F0CDEF818
:10CCA400E1294BC33A985300400EDEF8E1294B9238
:10CCB400A5CB120F390C4110DEF80961922551966B
:10CCC4000C4A9664390C4210DEF8D121CA922C1910
:10CCD400A22CC9922127430BDEF8E1294BD2B66876
:10CCE400274410DEF8D121CA922CC9922CC9922172
:10CCF40027450EDEF8D14149D3214AD34187014665
:10CD04000DDEF8D14149D3214AEB3400470EDEF859
:10CD1400E1294BD248C9922CDA094811DEF8D12C0A
:10CD2400C9922C19942CC9922C8701490BDEF8D195
:10CD3400414BBB0D3A0C4A0BDEF849694B9664D162
:10CD44004E4B0FDEF8D12C892A999864512D870116
:10CD54004C09DEF8D1BE0E3A0C4D0EDEF8D12CB1E2
:10CD6400F45B9225590E034E10DEF8D12C91924EAD
:10CD74004A96644996C3004F0FDEF8E1294BB2246A
:10CD84004BB2248B7602500EDEF8D121CA922C19B4
:10CD9400A2B44E03510FDEF8E1294BB2244BB2A4E6
:10CDA40069CE015211DEF8D121CA922C19A22CC9E4
:10CDB400922C8701530DDEF8E1294BE239C9A29D7B
:10CDC40000540ADEF8D1414B7BA7005510DEF8D1A0
:10CDD4002CC9922CC9922CC9A29D005610DEF8D100
:10CDE4002CC9922C4AB2244C730A00570FDEF8D196
:10CDF4002CC9922CE98B25CB61005810DEF8D12C7C
:10CE0400C9A224AC445992E53000590EDEF8D12C65
:10CE1400C9922C4AC2B44E015A0BDEF8D1410DBB63
:10CE24000E3A0C5B0ADEF81131EDAB8E005C0CDEC1
:10CE3400F881344EE3344EE3345D09DEF801B51F66
:10CE440075085E0BDEF809611265394F005F07DE75
:10CE5400F8F9E3306009DEF88138E72700610EDE77
:10CE6400F81987244BB224B2E43000620EDEF8D104
:10CE7400EA1065499664C99013630CDEF819A72C6F
:10CE840049E32187016410DEF84969342459922565
:10CE94005934E43000650DDEF819A72C199478C8CC
:10CEA4006100660BDEF8295A38A6ED1400670FDE20
:10CEB400F81987244BB2248B86349A00680FDEF865
:10CEC400D1EA10654996644996C300690ADEF809F7
:10CED40039A636EE046A0ADEF80939A6F626026B8C
:10CEE4000CDEF8D1A64AB645B51C066C09DEF8611D
:10CEF400B5C79D006D0BDEF8D98628E97F87016EE2
:10CF04000EDEF8D912494AB2244BB21C066F0CDE6D
:10CF1400F819A72CC9922CDA09700FDEF8D98628E3
:10CF24004BB2244B86284D01710EDEF81987244B31
:10CF3400B2248B86B402720BDEF8D912494AD23A73
:10CF44000D730BDEF81987249E932127740BDEF8EA
:10CF5400096938A6651D06750DDEF8D92A5992258A
:10CF640091258701760DDEF8D92A5994644998539E
:10CF740000770ADEF8D992FEA72427780CDEF8D9C8
:10CF84004A495889B21C06790EDEF8D92A599225E5
:10CF94005934A4D1047A0BDEF8D906B171D06100FA
:10CFA4007B0BDEF8C2B4314E9B23007C09DEF89182
:10CFB400B4BF43007D0BDE78E2B4394C1B43007EE2
:10CFC40009DEF819958ACE117F07DEF8F9370000DB
:10CFD400000004FFFF00005F0002020303030404D7
:10CFE400050700FF06FF06000112022F032C20058F
:10CFF40000BD012106B1B1192922075BB7495600CA
:10D00400230A2DB1AB86AA86AA00240A2DB15B356A
:10D01400D820A505250934B1C920F6060126092C16
:10D02400B18B29563105270599B719280772B153D1
:10D03400CD00290872B189A952002A076BB149D5DC
:10D044006A2B0A2DB1CD280E9951042C075BAF53DE
:10D0540025002D060CB519012E0652B119012F0712
:10D0640024B307B10D300873B1AB5C1500310773FD
:10D07400B14BB235320A34B1533183588E00330B7D
:10D0840034B11919248D645200340A34B18DAA1AAA
:10D09400318304350A34B1191A6C249302360A34E4
:10D0A400B15319AC289302370B34B11919C40C626B
:10D0B4000611380A34B15331A9289302390A34B11C
:10D0C4005351A60D92023A076AB11971043B083311
:10D0D400AFB3912A013C086BB14D35C8203D081C03
:10D0E400B319198D003E096BB1C9208354023F095D
:10D0F40073B16BA60C1300400934B15351DD4801E0
:10D10400410934B153518E2903420A34B15971A4EF
:10D11400284702430B34B15351830C625200440933
:10D1240034B159D1391200450B34B1191AAC0C324F
:10D134001801460B34B1191AAC0C32C800470A3432
:10D14400B153518334D300480834B189724C334904
:10D154000773B159B1354A0B34B107196490814C46
:10D164000A4B0A34B1892A4999CA004C0C34B1C912
:10D1740020830C32C860044D0934B189E388660009
:10D184004E0834B1896BA9334F0934B153D1991482
:10D1940000500A34B159518E944106510A3CAF53A0
:10D1A400D15C49A300520934B159518ED40C530AAD
:10D1B40034B1533165542605540773B159B10B5535
:10D1C4000834B1899E4901560934B189CE24150029
:10D1D400570934B189E6386200580A34B1893249B2
:10D1E400156500590873B1495659015A0A34B119E1
:10D1F40019C43618015B0773B119B1395C0924B33A
:10D20400C928A38C025D0773B199CD115E0553B98A
:10D214006B5F060CB11901600652B98901610824DB
:10D22400B11B51A902620B34B1C9208315E5480032
:10D23400630723B19B1908640A34B10719A4116563
:10D244001A650924B1536964A000660934B1ADCAF2
:10D2540099410467092CAF1B31A98C06680A34B1C3
:10D26400C9208315CD00690873B1CB4856036A09F8
:10D274007BAFCDB05415006B0B34B1C920839464DB
:10D284002A036C0773B1915D036D0824B1496948A1
:10D29400196E0724B159D10C6F0824B153512605D6
:10D2A40070092CAF59518E940171092CAF1B51A6F2
:10D2B4000D02720824B15951830C730824B11B1A4E
:10D2C4000D05740A34B1CB20CE0C3212750724B18B
:10D2D40089661A760763B1495605770724B18972BE
:10D2E4001C780824B18949AA1879092CAF89329588
:10D2F40025007A0824B119B11C017B0873B14D498A
:10D30400D6207C05B1B1397D0A73B1C920AA98220F
:10D31400007E0714B94B2A0100000004FFFF00003F
:10D32400000196320101327800093D0000042850C2
:10D3340010080004800040001815A015C819FF1833
:10D3440015A115C019FF1815AE15A519FF1815A4B8
:10D3540015AF19FFA977012019790120257801203B
:10D364004D790120E7780120ED77012093770120A2
:10D37400D1780120BD7701208F770120BB7801206F
:10D38400AD770120446675536500466C697070651D
:10D3940072206669726D776172652075706772615B
:10D3A400646520636F6E66696775726174696F6E18
:10D3B40000496E666F00546172676574004C6F615A
:10D3C400646572004C6F616465722043524300527D
:10D3D4006164696F00526164696F2061646472659D
:10D3E400737300526164696F2076657273696F6E3E
:10D3F40000526164696F20435243004F42207265BA
:10D40400666572656E6365004F42206D61736B00E3
:10D414004F42207772697465206D61736B0053709D
:10D424006C61736873637265656E002F6578742F21
:10D434002E66757064617465002F6578742F75703D
:10D4440064617465007570646174652E6675660048
:10D454004D616E696665737420706F696E74657270
:10D4640020636865636B206661696C65643A202794
:10D4740025732720213D20272573270046696C65E5
:10D484007479706500747275650066616C7365000B
:10D49400256C69002530386C582530386C58005597
:10D4A4006E6B6E6F776E2046462074797065001F30
:10D4B4001C1F1E1F1E1F1F1E1F1E1F1F1D1F1E1F82
:10D4C4001E1F1F1E1F1E1F303132333435363738AE
:10D4D400396162636465666768696A6B6C6D6E6FF7
:10D4E400707172737475767778797A0000202020D1
:10D4F4002020202020202828282828202020202000
:10D5040020202020202020202020202020881010CF
:10D51400101010101010101010101010100404042B
:10D5240004040404040404101010101010104141E9
:10D5340041414141010101010101010101010101D7
:10D5440001010101010101011010101010104242EB
:10D5540042424242020202020202020202020202A7
:10D564000202020202020202101010102000000047
:10D5740000000000000000000000000000000000A7
:10D584000000000000000000000000000000000097
:10D594000000000000000000000000000000000087
:10D5A4000000000000000000000000000000000077
:10D5B4000000000000000000000000000000000067
:10D5C4000000000000000000000000000000000057
:10D5D4000000000000000000000000000000000047
:10D5E4000000000000000000000000000000000037
:08D5F400042CFE7F0100000081
:04D5FC00A901002061
:04D600008101002084
:10D604000038004079A300200000000000300140F1
:10D6140011A300200000000000093D00005C004050
:10D6240000000000C1B600200054004000000000CB
:10D634005DB50020C8E701201F000000AAAAAAAA1D
:10D6440000000000000000000000000000000000D6
:10D6540000FFFF00FF4500FF4500FF4500000500F7
:10D66400FA000000FF00000040BE0101DBBE012003
:10D67400E4BE0120F9BE012004BF0120070100001F
:10D6840013BF01201CBF01200000000000000000A7
:10D694000000000000000000000000000000000086
:10D6A4000000000000000000000000006400000012
:10D6B400000000000002010000000101000101015E
:10D6C400000006010100010000000000000000004D
:10D6D4000000000060540000010100000000000090
:10D6E40000000000000082FFF0D6012000000000CE
:10D6F40090E60120F8E6012060E701200000000028
:10D704000000000000000000000000000000000015
:10D714000000000000000000000000000000000005
:10D7240000000000000000000000000000000000F5
:08D734000000000000000000ED
:10D73C0000000000000000000000000000000000DD
:01D74C0000DC
:10D7500000000000000000000000000000000000C9
:01D7600000C8
:040000052000A9919D
:00000001FF
